trip_id,user_id,source,destination,state,zone,category,distance_km,travel_duration_hours,trip_days,transport_mode,travelers_count,season,hotel_type,transport_cost_inr,hotel_cost_inr,food_cost_inr,activity_cost_inr,other_cost_inr,total_cost_inr,user_rating,traveler_type
TRIP_00001,USR_264,Bengaluru,Munnar,Kerala,South,Hill Station,475,8.78,4,Train,6,Monsoon,Homestay,6055,25596,14823,5855,1942,54271,5.0,Budget Traveler
TRIP_00002,USR_156,Delhi,Puri,Odisha,East,Coastal & Spiritual,1682,29.38,5,Train,1,Winter,Luxury Resort,3060,24820,11856,1266,3253,44255,4.9,Luxury Vacationer
TRIP_00003,USR_188,Kolkata,Agra,Uttar Pradesh,North,Heritage & Monument,1270,26.27,2,Car,6,Summer,Mid-Range 3-Star,24335,15162,10463,6303,3375,59638,5.0,Family Explorer
TRIP_00004,USR_132,Pune,Manali,Himachal Pradesh,North,Hill Station & Adventure,1580,28.08,4,Train,1,Monsoon,Mid-Range 3-Star,3047,11240,2891,915,769,18862,3.9,Frequent Nomad
TRIP_00005,USR_160,Bengaluru,Mysore,Karnataka,South,Heritage & Palaces,145,3.0,1,Car,2,Monsoon,Luxury Resort,3087,4431,3302,3240,853,14913,4.7,Luxury Vacationer
TRIP_00006,USR_256,Mumbai,Kaziranga,Assam,Northeast,Wildlife Safari,1943,33.13,4,Train,2,Summer,Luxury Resort,8199,30960,17806,2707,4904,64576,4.7,Luxury Vacationer
TRIP_00007,USR_115,Delhi,Kodaikanal,Tamil Nadu,South,Hill Station,1096,19.17,2,Train,2,Autumn,Homestay,4049,5168,2261,2009,1068,14555,4.5,Budget Traveler
TRIP_00008,USR_265,Kochi,Agra,Uttar Pradesh,North,Heritage & Monument,992,4.3,1,Flight,1,Summer,Homestay,6218,2123,574,1821,550,11286,4.7,Luxury Vacationer
TRIP_00009,USR_136,Jaipur,Gangtok,Sikkim,Northeast,Hill Station & Monastery,636,12.39,4,Train,2,Winter,Homestay,2733,11264,3813,1691,1776,21277,4.3,Budget Traveler
TRIP_00010,USR_236,Kolkata,Tirupati,Andhra Pradesh,South,Spiritual & Pilgrimage,473,9.78,3,Car,5,Winter,Mid-Range 3-Star,9848,26514,11686,5832,3996,57876,4.4,Family Explorer
TRIP_00011,USR_349,Jaipur,Mussoorie,Uttarakhand,North,Hill Station,815,16.86,2,Car,2,Winter,Mid-Range 3-Star,16229,8888,3547,3136,2732,34532,4.6,Luxury Vacationer
TRIP_00012,USR_336,Chennai,Havelock Island,Andaman & Nicobar,Islands,Beach & Scuba,1113,4.52,5,Flight,4,Autumn,Budget Hotel,28840,31180,12911,4117,3971,81019,5.0,Family Explorer
TRIP_00013,USR_246,Bengaluru,Manali,Himachal Pradesh,North,Hill Station & Adventure,1948,40.29,4,Car,1,Autumn,Budget Hotel,38617,9296,2191,982,3590,54676,4.6,Luxury Vacationer
TRIP_00014,USR_256,Pune,Gokarna,Karnataka,South,Beach & Spiritual,540,10.57,3,Train,2,Summer,Luxury Resort,2227,17220,11554,890,1657,33548,4.9,Luxury Vacationer
TRIP_00015,USR_187,Chennai,Bodh Gaya,Bihar,East,Spiritual & Buddhist Heritage,1584,27.78,2,Train,2,Summer,Budget Hotel,5901,1856,1674,2663,417,12511,4.5,Budget Traveler
TRIP_00016,USR_161,Kolkata,Rann of Kutch,Gujarat,West,Desert & Culture,1444,29.86,2,Car,6,Summer,Homestay,30590,21084,5074,6782,2591,66121,5.0,Family Explorer
TRIP_00017,USR_269,Pune,Jim Corbett,Uttarakhand,North,Wildlife Safari,1317,27.24,4,Car,4,Autumn,Luxury Resort,24658,102704,34806,7313,14276,183757,5.0,Luxury Vacationer
TRIP_00018,USR_128,Delhi,Hampi,Karnataka,South,Heritage & Archaeology,839,22.0,2,Bus,1,Autumn,Homestay,1668,3556,849,1022,556,7651,4.7,Budget Traveler
TRIP_00019,USR_241,Bengaluru,Coorg,Karnataka,South,Nature & Coffee,250,6.56,3,Bus,3,Winter,Budget Hotel,2297,16008,3599,2188,1403,25495,4.5,Budget Traveler
TRIP_00020,USR_116,Mumbai,Mysore,Karnataka,South,Heritage & Palaces,454,9.39,3,Car,2,Autumn,Mid-Range 3-Star,10300,10578,6289,3066,2165,32398,5.0,Frequent Nomad
TRIP_00021,USR_225,Mumbai,Hampi,Karnataka,South,Heritage & Archaeology,740,19.4,3,Bus,2,Monsoon,Homestay,3391,4509,3075,1076,823,12874,4.5,Budget Traveler
TRIP_00022,USR_229,Jaipur,Varanasi,Uttar Pradesh,North,Spiritual & Heritage,850,22.29,3,Bus,3,Winter,Budget Hotel,4582,9828,3333,2353,1712,21808,5.0,Budget Traveler
TRIP_00023,USR_246,Delhi,Bodh Gaya,Bihar,East,Spiritual & Buddhist Heritage,1667,43.71,2,Bus,2,Winter,Budget Hotel,7152,2562,2027,1090,974,13805,4.6,Budget Traveler
TRIP_00024,USR_162,Kolkata,Varkala,Kerala,South,Beach & Cliff,718,14.85,3,Car,2,Monsoon,Luxury Resort,15330,13455,11699,2990,1797,45271,4.8,Luxury Vacationer
TRIP_00025,USR_155,Jaipur,Shillong,Meghalaya,Northeast,Nature & Waterfalls,721,13.84,3,Train,4,Monsoon,Homestay,4470,10596,7201,4958,2209,29434,4.5,Budget Traveler
TRIP_00026,USR_268,Jaipur,Ooty,Tamil Nadu,South,Hill Station,1817,5.8,4,Flight,4,Monsoon,Budget Hotel,30666,12144,6154,4319,2758,56041,4.7,Budget Traveler
TRIP_00027,USR_255,Delhi,Pachmarhi,Madhya Pradesh,Central,Hill Station & Waterfalls,1152,4.59,3,Flight,1,Summer,Mid-Range 3-Star,6433,8724,3462,1168,1671,21458,4.9,Frequent Nomad
TRIP_00028,USR_112,Chennai,Mahabaleshwar,Maharashtra,West,Hill Station,717,18.8,2,Bus,4,Monsoon,Homestay,6525,8544,3826,1966,1756,22617,4.4,Budget Traveler
TRIP_00029,USR_332,Mumbai,Kaziranga,Assam,Northeast,Wildlife Safari,523,10.82,3,Car,2,Monsoon,Homestay,10206,7578,3779,3154,1325,26042,4.9,Frequent Nomad
TRIP_00030,USR_275,Delhi,Rann of Kutch,Gujarat,West,Desert & Culture,660,13.65,2,Car,2,Monsoon,Luxury Resort,14354,18944,6736,3017,2026,45077,4.6,Luxury Vacationer
TRIP_00031,USR_206,Chennai,Rishikesh,Uttarakhand,North,Spiritual & Adventure,1130,20.54,3,Train,2,Autumn,Homestay,4613,5760,2294,3122,675,16464,4.8,Budget Traveler
TRIP_00032,USR_310,Kochi,Jim Corbett,Uttarakhand,North,Wildlife Safari,1075,28.19,3,Bus,4,Summer,Homestay,7997,16362,5381,11352,1687,42779,4.6,Budget Traveler
TRIP_00033,USR_265,Jaipur,Varkala,Kerala,South,Beach & Cliff,1841,5.85,1,Flight,2,Monsoon,Budget Hotel,17482,1126,807,1237,902,21554,4.7,Luxury Vacationer
TRIP_00034,USR_212,Hyderabad,Tawang,Arunachal Pradesh,Northeast,Himalayan & Monastery,1092,19.61,5,Train,1,Autumn,Budget Hotel,2027,10120,2132,508,1364,16151,5.0,Budget Traveler
TRIP_00035,USR_238,Delhi,Khajuraho,Madhya Pradesh,Central,Heritage & Art,650,13.44,2,Car,2,Autumn,Budget Hotel,14417,3532,2196,2950,1418,24513,4.8,Frequent Nomad
TRIP_00036,USR_271,Pune,Amritsar,Punjab,North,Spiritual & Heritage,1274,22.56,3,Train,2,Monsoon,Homestay,5514,4494,3319,2077,773,16177,5.0,Budget Traveler
TRIP_00037,USR_241,Chennai,Wayanad,Kerala,South,Nature & Wildlife,610,12.62,4,Car,4,Monsoon,Homestay,13770,14912,7831,2891,2497,41901,4.0,Budget Traveler
TRIP_00038,USR_331,Mumbai,Rann of Kutch,Gujarat,West,Desert & Culture,850,15.09,2,Train,2,Winter,Mid-Range 3-Star,3796,10074,3269,3122,837,21098,4.6,Frequent Nomad
TRIP_00039,USR_112,Delhi,Srinagar,Jammu & Kashmir,North,Lakes & Paradise Valley,810,16.75,2,Car,3,Winter,Luxury Resort,16527,35988,13413,2300,5232,73460,4.8,Luxury Vacationer
TRIP_00040,USR_102,Bengaluru,Bandipur,Karnataka,South,Wildlife Safari,220,4.49,1,Train,1,Autumn,Luxury Resort,463,8884,2418,2272,941,14978,5.0,Luxury Vacationer
TRIP_00041,USR_244,Chandigarh,Amritsar,Punjab,North,Spiritual & Heritage,230,6.03,1,Bus,1,Autumn,Luxury Resort,658,7043,2476,869,565,11611,4.7,Luxury Vacationer
TRIP_00042,USR_164,Kolkata,Bandipur,Karnataka,South,Wildlife Safari,1517,5.26,3,Flight,4,Autumn,Homestay,34257,21666,5228,6112,4427,71690,4.2,Family Explorer
TRIP_00043,USR_136,Mumbai,Pondicherry,Puducherry,South,Beach & French Heritage,1234,4.74,1,Flight,3,Summer,Homestay,20724,3820,1538,1839,1700,29621,4.7,Luxury Vacationer
TRIP_00044,USR_332,Chandigarh,Pushkar,Rajasthan,North,Cultural & Desert,490,10.13,2,Car,4,Autumn,Luxury Resort,10071,17724,19393,3211,4003,54402,4.8,Luxury Vacationer
TRIP_00045,USR_240,Chandigarh,Pondicherry,Puducherry,South,Beach & French Heritage,1449,25.06,4,Train,2,Summer,Luxury Resort,4654,20164,17719,1124,2894,46555,4.7,Luxury Vacationer
TRIP_00046,USR_133,Chandigarh,Kaziranga,Assam,Northeast,Wildlife Safari,505,13.24,2,Bus,4,Autumn,Budget Hotel,4609,9412,4880,4993,1127,25021,4.9,Budget Traveler
TRIP_00047,USR_217,Hyderabad,Mahabaleshwar,Maharashtra,West,Hill Station,1226,22.06,3,Train,4,Monsoon,Luxury Resort,6846,29820,17079,6723,3278,63746,4.2,Luxury Vacationer
TRIP_00048,USR_267,Bengaluru,Bandipur,Karnataka,South,Wildlife Safari,220,4.55,4,Car,1,Winter,Budget Hotel,5139,13824,1582,1816,1517,23878,4.9,Frequent Nomad
TRIP_00049,USR_156,Kochi,Pushkar,Rajasthan,North,Cultural & Desert,974,4.27,1,Flight,2,Monsoon,Homestay,12308,1469,1131,993,874,16775,4.8,Luxury Vacationer
TRIP_00050,USR_249,Chennai,Wayanad,Kerala,South,Nature & Wildlife,610,12.62,4,Car,4,Autumn,Luxury Resort,12764,72832,38346,5092,7200,136234,4.8,Luxury Vacationer
TRIP_00051,USR_276,Chandigarh,Jaipur,Rajasthan,North,Heritage & Culture,510,9.52,3,Train,3,Winter,Luxury Resort,2380,53742,19593,3634,5255,84604,4.4,Luxury Vacationer
TRIP_00052,USR_211,Hyderabad,Kovalam,Kerala,South,Beach & Wellness,1391,24.34,3,Train,2,Summer,Mid-Range 3-Star,5940,11379,6523,2717,1801,28360,4.7,Frequent Nomad
TRIP_00053,USR_183,Delhi,Manali,Himachal Pradesh,North,Hill Station & Adventure,530,13.9,4,Bus,3,Monsoon,Luxury Resort,3649,37120,25588,1944,6042,74343,5.0,Luxury Vacationer
TRIP_00054,USR_147,Kochi,Gokarna,Karnataka,South,Beach & Spiritual,1176,4.64,4,Flight,2,Monsoon,Mid-Range 3-Star,12627,7804,9120,1839,1520,32910,4.2,Frequent Nomad
TRIP_00055,USR_162,Pune,Gangtok,Sikkim,Northeast,Hill Station & Monastery,1587,27.99,3,Train,1,Summer,Luxury Resort,2079,18630,5259,720,2073,28761,4.9,Luxury Vacationer
TRIP_00056,USR_195,Kochi,Tirupati,Andhra Pradesh,South,Spiritual & Pilgrimage,1537,5.29,2,Flight,6,Monsoon,Luxury Resort,43998,26742,21866,4007,4985,101598,5.0,Luxury Vacationer
TRIP_00057,USR_285,Delhi,Amritsar,Punjab,North,Spiritual & Heritage,450,9.31,2,Car,5,Winter,Homestay,9745,11664,5268,5080,2636,34393,4.8,Budget Traveler
TRIP_00058,USR_314,Delhi,Alleppey,Kerala,South,Backwaters & Houseboat,915,4.16,1,Flight,4,Monsoon,Homestay,22686,4364,1551,1889,1645,32135,4.1,Luxury Vacationer
TRIP_00059,USR_342,Mumbai,Kovalam,Kerala,South,Beach & Wellness,1455,5.15,3,Flight,2,Winter,Budget Hotel,17548,6912,2892,825,2638,30815,4.1,Frequent Nomad
TRIP_00060,USR_223,Bengaluru,Goa,Goa,West,Beach & Nightlife,560,3.52,3,Flight,3,Autumn,Luxury Resort,15622,50400,13178,3660,4611,87471,4.9,Luxury Vacationer
TRIP_00061,USR_164,Bengaluru,Tirupati,Andhra Pradesh,South,Spiritual & Pilgrimage,250,5.58,2,Train,6,Autumn,Homestay,3213,12006,7470,6037,1491,30217,4.4,Budget Traveler
TRIP_00062,USR_246,Chandigarh,Coorg,Karnataka,South,Nature & Coffee,1698,5.59,4,Flight,4,Winter,Homestay,38196,25416,5989,4393,3437,77431,5.0,Family Explorer
TRIP_00063,USR_205,Kochi,Pushkar,Rajasthan,North,Cultural & Desert,1666,28.7,3,Train,2,Autumn,Homestay,5146,5565,3647,1160,802,16320,4.7,Budget Traveler
TRIP_00064,USR_303,Chandigarh,Rann of Kutch,Gujarat,West,Desert & Culture,855,22.42,4,Bus,5,Autumn,Budget Hotel,9904,36216,12450,4168,2925,65663,5.0,Budget Traveler
TRIP_00065,USR_179,Chandigarh,Rameshwaram,Tamil Nadu,South,Coastal & Spiritual,1615,5.44,3,Flight,3,Monsoon,Luxury Resort,23193,20952,20157,2701,4477,71480,5.0,Luxury Vacationer
TRIP_00066,USR_121,Chandigarh,Kodaikanal,Tamil Nadu,South,Hill Station,1334,4.93,2,Flight,2,Monsoon,Mid-Range 3-Star,12686,4018,4148,2375,860,24087,4.4,Frequent Nomad
TRIP_00067,USR_296,Kolkata,Madurai,Tamil Nadu,South,Heritage & Temple,532,10.07,4,Train,1,Summer,Luxury Resort,875,21336,8409,968,1392,32980,4.1,Luxury Vacationer
TRIP_00068,USR_190,Pune,Mahabaleshwar,Maharashtra,West,Hill Station,120,2.48,3,Car,3,Monsoon,Budget Hotel,3722,10146,3928,4554,1299,23649,4.9,Budget Traveler
TRIP_00069,USR_217,Bengaluru,Amritsar,Punjab,North,Spiritual & Heritage,966,16.77,1,Train,2,Monsoon,Luxury Resort,4052,5054,2802,1708,515,14131,5.0,Luxury Vacationer
TRIP_00070,USR_233,Hyderabad,Spiti Valley,Himachal Pradesh,North,Adventure & Mountain,1470,5.17,6,Flight,1,Autumn,Budget Hotel,8933,9894,3769,1303,1068,24967,4.6,Frequent Nomad
TRIP_00071,USR_350,Chandigarh,Darjeeling,West Bengal,East,Hill Station & Tea,1903,49.9,1,Bus,3,Summer,Mid-Range 3-Star,12001,6338,2239,5082,1392,27052,4.7,Luxury Vacationer
TRIP_00072,USR_131,Mumbai,Gangtok,Sikkim,Northeast,Hill Station & Monastery,1917,5.99,3,Flight,2,Monsoon,Mid-Range 3-Star,16764,8265,5616,1216,1576,33437,4.7,Frequent Nomad
TRIP_00073,USR_254,Jaipur,Rameshwaram,Tamil Nadu,South,Coastal & Spiritual,729,15.08,3,Car,6,Winter,Mid-Range 3-Star,16090,30339,19689,1818,5525,73461,5.0,Family Explorer
TRIP_00074,USR_315,Chandigarh,Bodh Gaya,Bihar,East,Spiritual & Buddhist Heritage,1801,31.81,2,Train,1,Autumn,Luxury Resort,2870,10006,4124,846,1008,18854,4.4,Luxury Vacationer
TRIP_00075,USR_149,Delhi,Madurai,Tamil Nadu,South,Heritage & Temple,1234,32.36,1,Bus,4,Summer,Luxury Resort,11512,7212,8985,3407,2211,33327,5.0,Luxury Vacationer
TRIP_00076,USR_311,Mumbai,Gangtok,Sikkim,Northeast,Hill Station & Monastery,525,3.45,6,Flight,4,Summer,Mid-Range 3-Star,19946,44808,22083,3965,7237,98039,5.0,Family Explorer
TRIP_00077,USR_205,Mumbai,Goa,Goa,West,Beach & Nightlife,585,11.42,5,Train,2,Autumn,Mid-Range 3-Star,2433,25665,10249,3556,3511,45414,4.5,Frequent Nomad
TRIP_00078,USR_198,Hyderabad,Kovalam,Kerala,South,Beach & Wellness,1921,39.73,3,Car,1,Autumn,Budget Hotel,35976,7020,1308,462,4372,49138,4.9,Luxury Vacationer
TRIP_00079,USR_295,Bengaluru,Chikmagalur,Karnataka,South,Hill Station & Coffee,245,5.62,1,Train,1,Summer,Budget Hotel,619,1469,438,599,181,3306,4.2,Budget Traveler
TRIP_00080,USR_245,Mumbai,Varanasi,Uttar Pradesh,North,Spiritual & Heritage,1500,25.62,5,Train,2,Summer,Luxury Resort,4550,23735,24953,1706,2940,57884,4.1,Luxury Vacationer
TRIP_00081,USR_166,Chennai,Jaisalmer,Rajasthan,North,Desert & Heritage,1039,4.39,4,Flight,1,Summer,Budget Hotel,6151,7752,2105,1200,880,18088,4.2,Frequent Nomad
TRIP_00082,USR_317,Kolkata,Hampi,Karnataka,South,Heritage & Archaeology,1237,32.44,2,Bus,4,Autumn,Budget Hotel,10768,5016,4179,3413,1969,25345,5.0,Budget Traveler
TRIP_00083,USR_269,Pune,Leh-Ladakh,Ladakh,North,Adventure & Mountain,466,9.64,5,Car,3,Winter,Luxury Resort,12268,126880,25142,3671,8445,176406,4.7,Luxury Vacationer
TRIP_00084,USR_165,Mumbai,Kovalam,Kerala,South,Beach & Wellness,648,3.68,5,Flight,3,Winter,Mid-Range 3-Star,14584,47980,13236,4318,4517,84635,4.1,Family Explorer
TRIP_00085,USR_207,Mumbai,Hampi,Karnataka,South,Heritage & Archaeology,740,14.01,3,Train,2,Summer,Mid-Range 3-Star,3292,6840,6691,2800,1159,20782,5.0,Frequent Nomad
TRIP_00086,USR_307,Kolkata,Rameshwaram,Tamil Nadu,South,Coastal & Spiritual,1143,4.58,2,Flight,5,Winter,Luxury Resort,35347,42624,25598,5845,10232,119646,4.5,Luxury Vacationer
TRIP_00087,USR_348,Jaipur,Khajuraho,Madhya Pradesh,Central,Heritage & Art,634,13.11,1,Car,2,Autumn,Budget Hotel,11501,1388,1149,1737,1099,16874,5.0,Luxury Vacationer
TRIP_00088,USR_196,Bengaluru,Haridwar,Uttarakhand,North,Spiritual & Heritage,928,16.0,3,Train,3,Autumn,Mid-Range 3-Star,4345,19332,6584,4173,1759,36193,4.7,Family Explorer
TRIP_00089,USR_205,Bengaluru,Udaipur,Rajasthan,North,Heritage & Romance,542,9.99,2,Train,4,Winter,Luxury Resort,3659,39272,16360,6146,5749,71186,4.6,Luxury Vacationer
TRIP_00090,USR_279,Jaipur,Mount Abu,Rajasthan,North,Hill Station & Temple,495,12.98,2,Bus,4,Summer,Luxury Resort,5255,25396,17110,3120,3888,54769,4.4,Luxury Vacationer
TRIP_00091,USR_156,Kochi,Chikmagalur,Karnataka,South,Hill Station & Coffee,933,16.2,4,Train,4,Monsoon,Mid-Range 3-Star,8362,23728,14069,2622,2184,50965,4.5,Family Explorer
TRIP_00092,USR_318,Kochi,Manali,Himachal Pradesh,North,Hill Station & Adventure,1807,5.79,5,Flight,2,Summer,Budget Hotel,17649,6900,6466,1964,2784,35763,5.0,Budget Traveler
TRIP_00093,USR_242,Delhi,Bodh Gaya,Bihar,East,Spiritual & Buddhist Heritage,892,18.45,3,Car,5,Summer,Mid-Range 3-Star,19414,21078,12579,7425,3843,64339,4.7,Family Explorer
TRIP_00094,USR_305,Mumbai,Jaipur,Rajasthan,North,Heritage & Culture,1150,19.86,3,Train,4,Winter,Mid-Range 3-Star,7105,28800,10342,3469,3908,53624,4.6,Family Explorer
TRIP_00095,USR_235,Bengaluru,Rameshwaram,Tamil Nadu,South,Coastal & Spiritual,605,3.6,1,Flight,3,Winter,Luxury Resort,15226,11540,6337,1697,2545,37345,5.0,Luxury Vacationer
TRIP_00096,USR_287,Jaipur,Wayanad,Kerala,South,Nature & Wildlife,1388,23.72,4,Train,2,Winter,Luxury Resort,4696,35156,12236,2078,4893,59059,4.9,Luxury Vacationer
TRIP_00097,USR_183,Chandigarh,Agra,Uttar Pradesh,North,Heritage & Monument,460,12.06,2,Bus,4,Winter,Homestay,4608,8668,4116,8949,1249,27590,4.4,Budget Traveler
TRIP_00098,USR_217,Jaipur,Havelock Island,Andaman & Nicobar,Islands,Beach & Scuba,1331,27.53,5,Car,2,Winter,Budget Hotel,28745,20480,5662,2212,2947,60046,4.8,Frequent Nomad
TRIP_00099,USR_187,Kochi,Varkala,Kerala,South,Beach & Cliff,160,3.31,3,Car,1,Autumn,Budget Hotel,4049,5166,1908,869,505,12497,4.5,Frequent Nomad
TRIP_00100,USR_122,Bengaluru,Ranthambore,Rajasthan,North,Wildlife Safari,647,12.5,3,Train,1,Monsoon,Budget Hotel,1253,6945,1346,1552,762,11858,4.5,Budget Traveler
TRIP_00101,USR_293,Pune,Tawang,Arunachal Pradesh,Northeast,Himalayan & Monastery,555,11.48,5,Car,4,Monsoon,Mid-Range 3-Star,12537,27830,20567,2253,5528,68715,4.9,Family Explorer
TRIP_00102,USR_195,Bengaluru,Mussoorie,Uttarakhand,North,Hill Station,1020,21.1,2,Car,6,Summer,Luxury Resort,22407,43908,25635,3167,8803,103920,3.9,Luxury Vacationer
TRIP_00103,USR_313,Kolkata,Munnar,Kerala,South,Hill Station,819,21.48,2,Bus,5,Monsoon,Mid-Range 3-Star,8436,19950,7907,6355,1603,44251,4.6,Family Explorer
TRIP_00104,USR_290,Chennai,Manali,Himachal Pradesh,North,Hill Station & Adventure,2600,7.23,5,Flight,3,Summer,Luxury Resort,34827,59340,27660,4946,9021,135794,4.6,Luxury Vacationer
TRIP_00105,USR_122,Chennai,Agra,Uttar Pradesh,North,Heritage & Monument,2000,34.96,2,Train,2,Summer,Budget Hotel,6079,3158,2194,3389,644,15464,4.7,Budget Traveler
TRIP_00106,USR_294,Jaipur,Jaipur,Rajasthan,North,Heritage & Culture,1156,23.91,3,Car,1,Autumn,Budget Hotel,24127,6201,1650,1201,2429,35608,4.4,Luxury Vacationer
TRIP_00107,USR_102,Delhi,Wayanad,Kerala,South,Nature & Wildlife,882,16.35,3,Train,3,Summer,Mid-Range 3-Star,3643,18876,9661,2647,2645,37472,4.8,Family Explorer
TRIP_00108,USR_229,Jaipur,Rann of Kutch,Gujarat,West,Desert & Culture,1175,20.68,3,Train,4,Winter,Budget Hotel,8184,17406,4480,4436,1932,36438,4.8,Budget Traveler
TRIP_00109,USR_264,Pune,Alleppey,Kerala,South,Backwaters & Houseboat,685,14.17,2,Car,3,Autumn,Budget Hotel,13284,11732,2928,2812,1849,32605,4.9,Family Explorer
TRIP_00110,USR_128,Delhi,Ranthambore,Rajasthan,North,Wildlife Safari,380,7.62,5,Train,3,Autumn,Luxury Resort,2583,137290,24988,5729,12858,183448,4.4,Luxury Vacationer
TRIP_00111,USR_236,Jaipur,Hampi,Karnataka,South,Heritage & Archaeology,1165,4.62,5,Flight,5,Monsoon,Homestay,28708,17640,10229,6822,4488,67887,4.5,Budget Traveler
TRIP_00112,USR_146,Kochi,Jaisalmer,Rajasthan,North,Desert & Heritage,1604,28.26,1,Train,1,Autumn,Mid-Range 3-Star,2980,5195,775,1051,520,10521,4.6,Luxury Vacationer
TRIP_00113,USR_171,Chandigarh,Coorg,Karnataka,South,Nature & Coffee,1170,4.63,3,Flight,1,Winter,Mid-Range 3-Star,7059,13377,2653,1216,2277,26582,5.0,Luxury Vacationer
TRIP_00114,USR_124,Chandigarh,Havelock Island,Andaman & Nicobar,Islands,Beach & Scuba,1488,25.99,3,Train,4,Autumn,Budget Hotel,12080,21384,6546,4668,1962,46640,5.0,Budget Traveler
TRIP_00115,USR_116,Kochi,Shimla,Himachal Pradesh,North,Hill Station,1153,4.6,2,Flight,4,Winter,Homestay,31166,9072,5178,4841,2808,53065,5.0,Family Explorer
TRIP_00116,USR_335,Kolkata,Mysore,Karnataka,South,Heritage & Palaces,1287,4.84,3,Flight,4,Monsoon,Budget Hotel,26822,7440,4437,5095,2207,46001,4.4,Budget Traveler
TRIP_00117,USR_286,Chandigarh,Agra,Uttar Pradesh,North,Heritage & Monument,460,3.34,1,Flight,1,Monsoon,Budget Hotel,3638,1300,454,2363,342,8097,5.0,Luxury Vacationer
TRIP_00118,USR_253,Bengaluru,Wayanad,Kerala,South,Nature & Wildlife,275,7.21,3,Bus,4,Autumn,Mid-Range 3-Star,3113,26442,13373,5333,3072,51333,5.0,Family Explorer
TRIP_00119,USR_266,Pune,Puri,Odisha,East,Coastal & Spiritual,1191,20.89,3,Train,2,Winter,Homestay,3891,6936,3479,2999,705,18010,4.6,Budget Traveler
TRIP_00120,USR_176,Bengaluru,Puri,Odisha,East,Coastal & Spiritual,1555,5.33,3,Flight,5,Winter,Mid-Range 3-Star,46863,29979,14979,2585,7489,101895,4.8,Family Explorer
TRIP_00121,USR_260,Mumbai,Tawang,Arunachal Pradesh,Northeast,Himalayan & Monastery,1346,23.55,5,Train,1,Winter,Homestay,2504,16175,2878,798,1171,23526,5.0,Frequent Nomad
TRIP_00122,USR_348,Kochi,Hampi,Karnataka,South,Heritage & Archaeology,1203,21.24,1,Train,3,Autumn,Mid-Range 3-Star,6414,5908,2727,1917,1147,18113,5.0,Family Explorer
TRIP_00123,USR_324,Kolkata,Coorg,Karnataka,South,Nature & Coffee,1763,31.19,5,Train,3,Autumn,Budget Hotel,9252,24880,5811,1814,2674,44431,4.6,Budget Traveler
TRIP_00124,USR_232,Mumbai,Ranthambore,Rajasthan,North,Wildlife Safari,1020,26.75,5,Bus,4,Winter,Homestay,10168,46320,12582,7645,4312,81027,5.0,Family Explorer
TRIP_00125,USR_199,Bengaluru,Khajuraho,Madhya Pradesh,Central,Heritage & Art,909,4.15,3,Flight,2,Winter,Mid-Range 3-Star,13849,10149,6149,1280,1724,33151,5.0,Frequent Nomad
TRIP_00126,USR_313,Kochi,Pushkar,Rajasthan,North,Cultural & Desert,734,13.41,3,Train,2,Autumn,Budget Hotel,2086,5226,2488,2856,750,13406,3.8,Budget Traveler
TRIP_00127,USR_209,Bengaluru,Bandipur,Karnataka,South,Wildlife Safari,220,4.55,2,Car,2,Monsoon,Homestay,4633,5166,2352,2888,1145,16184,5.0,Frequent Nomad
TRIP_00128,USR_253,Jaipur,Munnar,Kerala,South,Hill Station,1744,45.73,5,Bus,4,Summer,Homestay,11273,21530,9116,3212,3357,48488,4.1,Budget Traveler
TRIP_00129,USR_235,Hyderabad,Goa,Goa,West,Beach & Nightlife,650,17.04,2,Bus,5,Winter,Luxury Resort,6002,72150,18642,7543,5945,110282,4.8,Luxury Vacationer
TRIP_00130,USR_118,Hyderabad,Darjeeling,West Bengal,East,Hill Station & Tea,1795,31.57,1,Train,6,Winter,Mid-Range 3-Star,17238,9882,5215,9192,2621,44148,4.6,Family Explorer
TRIP_00131,USR_279,Kochi,Kovalam,Kerala,South,Beach & Wellness,210,5.22,3,Train,2,Summer,Budget Hotel,1160,6051,2166,2602,873,12852,4.2,Budget Traveler
TRIP_00132,USR_181,Kolkata,Puri,Odisha,East,Coastal & Spiritual,500,10.34,3,Car,2,Autumn,Luxury Resort,11078,15135,10970,2677,2227,42087,5.0,Luxury Vacationer
TRIP_00133,USR_132,Hyderabad,Ranthambore,Rajasthan,North,Wildlife Safari,1269,4.81,2,Flight,1,Autumn,Luxury Resort,7653,21948,4460,2342,1907,38310,4.4,Luxury Vacationer
TRIP_00134,USR_122,Pune,Manali,Himachal Pradesh,North,Hill Station & Adventure,1331,23.5,4,Train,1,Summer,Mid-Range 3-Star,2140,11232,3391,1494,838,19095,4.3,Frequent Nomad
TRIP_00135,USR_214,Hyderabad,Chikmagalur,Karnataka,South,Hill Station & Coffee,536,11.09,5,Car,2,Monsoon,Luxury Resort,14135,25120,14900,1784,4769,60708,4.6,Luxury Vacationer
TRIP_00136,USR_274,Mumbai,Munnar,Kerala,South,Hill Station,742,15.35,2,Car,4,Autumn,Budget Hotel,14301,7300,3669,2809,1243,29322,4.8,Budget Traveler
TRIP_00137,USR_216,Hyderabad,Khajuraho,Madhya Pradesh,Central,Heritage & Art,1020,4.35,2,Flight,5,Autumn,Budget Hotel,35096,9354,4694,3787,2300,55231,4.6,Family Explorer
TRIP_00138,USR_289,Mumbai,Gangtok,Sikkim,Northeast,Hill Station & Monastery,1510,5.25,3,Flight,4,Autumn,Budget Hotel,35017,11214,5806,3369,4942,60348,4.5,Family Explorer
TRIP_00139,USR_226,Delhi,Jaipur,Rajasthan,North,Heritage & Culture,280,5.79,1,Car,2,Summer,Budget Hotel,6200,1837,752,4247,520,13556,5.0,Frequent Nomad
TRIP_00140,USR_189,Bengaluru,Tirupati,Andhra Pradesh,South,Spiritual & Pilgrimage,250,6.0,3,Train,4,Monsoon,Homestay,2634,8334,6495,3642,825,21930,5.0,Budget Traveler
TRIP_00141,USR_152,Mumbai,Darjeeling,West Bengal,East,Hill Station & Tea,1461,38.31,3,Bus,2,Winter,Mid-Range 3-Star,5753,11421,6610,2507,1074,27365,4.2,Frequent Nomad
TRIP_00142,USR_180,Pune,Pachmarhi,Madhya Pradesh,Central,Hill Station & Waterfalls,1922,50.4,2,Bus,2,Autumn,Luxury Resort,9014,14854,5954,2633,1998,34453,3.9,Luxury Vacationer
TRIP_00143,USR_275,Jaipur,Jim Corbett,Uttarakhand,North,Wildlife Safari,712,14.73,2,Car,2,Summer,Homestay,15330,6374,1548,2470,1380,27102,4.2,Frequent Nomad
TRIP_00144,USR_282,Delhi,Jim Corbett,Uttarakhand,North,Wildlife Safari,245,5.07,5,Car,4,Monsoon,Budget Hotel,7113,19130,7751,7250,2384,43628,5.0,Budget Traveler
TRIP_00145,USR_144,Chandigarh,Bodh Gaya,Bihar,East,Spiritual & Buddhist Heritage,765,20.06,2,Bus,2,Summer,Mid-Range 3-Star,3471,4780,4450,709,996,14406,4.4,Frequent Nomad
TRIP_00146,USR_248,Kolkata,Diu,Daman and Diu,West,Beach & Portuguese Fort,881,16.11,1,Train,4,Autumn,Budget Hotel,6817,3562,1747,3907,1070,17103,4.4,Family Explorer
TRIP_00147,USR_276,Pune,Wayanad,Kerala,South,Nature & Wildlife,1378,24.5,4,Train,2,Winter,Homestay,4808,10564,3289,1732,1550,21943,5.0,Budget Traveler
TRIP_00148,USR_288,Hyderabad,Varkala,Kerala,South,Beach & Cliff,717,13.22,2,Train,6,Monsoon,Budget Hotel,7868,7338,5162,2497,1169,24034,4.9,Budget Traveler
TRIP_00149,USR_199,Chandigarh,Mount Abu,Rajasthan,North,Hill Station & Temple,958,17.69,1,Train,1,Summer,Mid-Range 3-Star,1436,2803,1197,1456,379,7271,4.2,Frequent Nomad
TRIP_00150,USR_124,Pune,Puri,Odisha,East,Coastal & Spiritual,1386,23.92,3,Train,2,Summer,Mid-Range 3-Star,4328,6327,5992,2214,951,19812,4.3,Frequent Nomad
TRIP_00151,USR_103,Bengaluru,Ranthambore,Rajasthan,North,Wildlife Safari,724,13.66,3,Train,6,Monsoon,Luxury Resort,7678,70848,37518,11209,5153,132406,4.3,Luxury Vacationer
TRIP_00152,USR_230,Kochi,Mussoorie,Uttarakhand,North,Hill Station,1576,5.37,2,Flight,4,Monsoon,Budget Hotel,27618,5016,3695,4869,2250,43448,4.8,Family Explorer
TRIP_00153,USR_137,Delhi,Havelock Island,Andaman & Nicobar,Islands,Beach & Scuba,1492,26.12,4,Train,3,Autumn,Budget Hotel,8695,24168,7094,2503,3739,46199,5.0,Budget Traveler
TRIP_00154,USR_136,Hyderabad,Spiti Valley,Himachal Pradesh,North,Adventure & Mountain,1102,4.5,5,Flight,2,Summer,Luxury Resort,13688,34880,17590,2888,4759,73805,5.0,Luxury Vacationer
TRIP_00155,USR_282,Chandigarh,Wayanad,Kerala,South,Nature & Wildlife,1422,24.75,1,Train,2,Winter,Budget Hotel,5206,2403,1178,2668,365,11820,4.6,Frequent Nomad
TRIP_00156,USR_222,Kolkata,Diu,Daman and Diu,West,Beach & Portuguese Fort,1634,28.82,3,Train,3,Summer,Luxury Resort,9107,28404,19293,1703,4592,63099,3.8,Luxury Vacationer
TRIP_00157,USR_109,Chandigarh,Pushkar,Rajasthan,North,Cultural & Desert,675,13.96,1,Car,2,Summer,Budget Hotel,13029,1238,822,2067,1030,18186,4.5,Luxury Vacationer
TRIP_00158,USR_318,Chennai,Pachmarhi,Madhya Pradesh,Central,Hill Station & Waterfalls,732,15.14,4,Car,1,Summer,Mid-Range 3-Star,15496,13492,4713,1108,2452,37261,4.3,Luxury Vacationer
TRIP_00159,USR_274,Kolkata,Spiti Valley,Himachal Pradesh,North,Adventure & Mountain,1441,25.95,7,Train,3,Summer,Mid-Range 3-Star,6512,42938,24915,2374,3899,80638,5.0,Family Explorer
TRIP_00160,USR_281,Kochi,Amritsar,Punjab,North,Spiritual & Heritage,1432,25.21,3,Train,2,Monsoon,Mid-Range 3-Star,5214,6381,5829,1546,1057,20027,4.7,Frequent Nomad
TRIP_00161,USR_298,Mumbai,Alleppey,Kerala,South,Backwaters & Houseboat,536,14.06,2,Bus,6,Monsoon,Budget Hotel,7304,10062,5123,4286,1626,28401,4.5,Budget Traveler
TRIP_00162,USR_339,Jaipur,Pushkar,Rajasthan,North,Cultural & Desert,145,3.8,2,Bus,1,Monsoon,Homestay,514,2452,843,1386,203,5398,4.4,Budget Traveler
TRIP_00163,USR_160,Chennai,Shimla,Himachal Pradesh,North,Hill Station,1296,4.86,3,Flight,4,Monsoon,Luxury Resort,27522,26724,16874,6389,4581,82090,4.2,Luxury Vacationer
TRIP_00164,USR_340,Kochi,Srinagar,Jammu & Kashmir,North,Lakes & Paradise Valley,1782,31.33,4,Train,1,Summer,Mid-Range 3-Star,3324,15388,4615,1102,1682,26111,4.6,Frequent Nomad
TRIP_00165,USR_286,Chennai,Rishikesh,Uttarakhand,North,Spiritual & Adventure,1305,4.87,4,Flight,2,Summer,Budget Hotel,14287,6236,3988,3390,2342,30243,4.5,Budget Traveler
TRIP_00166,USR_325,Chennai,Ooty,Tamil Nadu,South,Hill Station,560,10.69,1,Train,4,Monsoon,Budget Hotel,3963,3026,1945,4501,834,14269,4.2,Budget Traveler
TRIP_00167,USR_135,Jaipur,Jaisalmer,Rajasthan,North,Desert & Heritage,560,10.12,3,Train,2,Monsoon,Budget Hotel,2380,4737,3266,1464,625,12472,5.0,Budget Traveler
TRIP_00168,USR_176,Chandigarh,Haridwar,Uttarakhand,North,Spiritual & Heritage,200,4.14,3,Car,4,Summer,Homestay,5175,9936,5739,3123,953,24926,3.7,Budget Traveler
TRIP_00169,USR_136,Kochi,Amritsar,Punjab,North,Spiritual & Heritage,958,4.24,1,Flight,3,Winter,Mid-Range 3-Star,19979,6206,2500,2996,2133,33814,5.0,Luxury Vacationer
TRIP_00170,USR_167,Hyderabad,Pushkar,Rajasthan,North,Cultural & Desert,933,17.05,3,Train,4,Winter,Luxury Resort,6440,31068,24036,4577,3610,69731,5.0,Luxury Vacationer
TRIP_00171,USR_131,Kolkata,Khajuraho,Madhya Pradesh,Central,Heritage & Art,1708,5.61,2,Flight,4,Summer,Homestay,34607,7720,3891,3788,3795,53801,4.4,Family Explorer
TRIP_00172,USR_334,Kochi,Mussoorie,Uttarakhand,North,Hill Station,1550,27.48,3,Train,4,Summer,Budget Hotel,10987,10326,5502,2688,2406,31909,4.3,Budget Traveler
TRIP_00173,USR_332,Jaipur,Hampi,Karnataka,South,Heritage & Archaeology,1622,5.45,4,Flight,4,Summer,Homestay,33605,11456,6157,4417,2328,57963,4.6,Budget Traveler
TRIP_00174,USR_231,Kochi,Coorg,Karnataka,South,Nature & Coffee,370,7.65,3,Car,4,Autumn,Homestay,7918,18354,5864,5555,2048,39739,4.2,Budget Traveler
TRIP_00175,USR_310,Chennai,Rameshwaram,Tamil Nadu,South,Coastal & Spiritual,560,14.68,3,Bus,1,Summer,Budget Hotel,1213,3306,1107,1421,248,7295,4.3,Budget Traveler
TRIP_00176,USR_340,Kochi,Kodaikanal,Tamil Nadu,South,Hill Station,300,7.87,3,Bus,3,Monsoon,Luxury Resort,2059,23364,19528,4872,2807,52630,5.0,Luxury Vacationer
TRIP_00177,USR_329,Pune,Chikmagalur,Karnataka,South,Hill Station & Coffee,1223,21.0,1,Train,2,Autumn,Homestay,4000,2931,807,2158,647,10543,5.0,Frequent Nomad
TRIP_00178,USR_158,Chennai,Mussoorie,Uttarakhand,North,Hill Station,496,9.46,3,Train,5,Monsoon,Luxury Resort,5563,49293,25455,3913,7729,91953,4.0,Luxury Vacationer
TRIP_00179,USR_286,Bengaluru,Kodaikanal,Tamil Nadu,South,Hill Station,465,9.17,3,Train,3,Autumn,Budget Hotel,2208,9324,4753,3720,1503,21508,4.8,Budget Traveler
TRIP_00180,USR_163,Chennai,Varkala,Kerala,South,Beach & Cliff,720,12.85,2,Train,5,Autumn,Homestay,7584,15900,3920,2904,2602,32910,4.9,Budget Traveler
TRIP_00181,USR_248,Hyderabad,Madurai,Tamil Nadu,South,Heritage & Temple,1674,5.54,4,Flight,3,Monsoon,Homestay,21756,10104,6576,2141,1678,42255,4.6,Budget Traveler
TRIP_00182,USR_343,Chandigarh,Rameshwaram,Tamil Nadu,South,Coastal & Spiritual,808,3.97,1,Flight,5,Autumn,Luxury Resort,29534,14190,10859,4646,4463,63692,4.6,Luxury Vacationer
TRIP_00183,USR_205,Mumbai,Wayanad,Kerala,South,Nature & Wildlife,1220,4.72,3,Flight,4,Summer,Luxury Resort,26561,33792,29148,3909,3889,97299,5.0,Luxury Vacationer
TRIP_00184,USR_206,Pune,Tirupati,Andhra Pradesh,South,Spiritual & Pilgrimage,1535,5.29,2,Flight,2,Summer,Luxury Resort,15433,7638,8704,2633,1447,35855,4.7,Luxury Vacationer
TRIP_00185,USR_286,Delhi,Coorg,Karnataka,South,Nature & Coffee,999,4.32,2,Flight,1,Autumn,Budget Hotel,6521,5248,1157,1179,888,14993,3.9,Frequent Nomad
TRIP_00186,USR_323,Hyderabad,Wayanad,Kerala,South,Nature & Wildlife,481,9.92,2,Train,5,Summer,Budget Hotel,5268,11148,6243,6744,1445,30848,4.1,Budget Traveler
TRIP_00187,USR_162,Jaipur,Amritsar,Punjab,North,Spiritual & Heritage,1029,4.37,2,Flight,2,Autumn,Luxury Resort,13705,12482,6855,1793,1517,36352,4.2,Luxury Vacationer
TRIP_00188,USR_285,Kochi,Mussoorie,Uttarakhand,North,Hill Station,1105,19.47,1,Train,1,Summer,Luxury Resort,2335,5088,2289,1066,728,11506,4.5,Luxury Vacationer
TRIP_00189,USR_285,Pune,Alleppey,Kerala,South,Backwaters & Houseboat,762,3.89,4,Flight,2,Summer,Mid-Range 3-Star,10901,14904,6582,3229,1951,37567,5.0,Frequent Nomad
TRIP_00190,USR_296,Kochi,Tawang,Arunachal Pradesh,Northeast,Himalayan & Monastery,1764,36.48,5,Car,3,Autumn,Luxury Resort,37351,67250,33965,4720,10049,153335,4.4,Luxury Vacationer
TRIP_00191,USR_265,Chennai,Jodhpur,Rajasthan,North,Heritage & Culture,519,10.73,5,Car,6,Winter,Budget Hotel,12442,35805,12582,5575,4278,70682,4.7,Budget Traveler
TRIP_00192,USR_196,Chennai,Spiti Valley,Himachal Pradesh,North,Adventure & Mountain,1756,36.32,6,Car,4,Autumn,Luxury Resort,36130,65088,34081,4604,7739,147642,4.8,Luxury Vacationer
TRIP_00193,USR_229,Pune,Rishikesh,Uttarakhand,North,Spiritual & Adventure,669,13.84,3,Car,1,Winter,Homestay,14158,5703,1368,614,2071,23914,4.4,Luxury Vacationer
TRIP_00194,USR_218,Chandigarh,Darjeeling,West Bengal,East,Hill Station & Tea,1877,5.91,3,Flight,1,Summer,Mid-Range 3-Star,9686,9912,3080,1485,1034,25197,5.0,Luxury Vacationer
TRIP_00195,USR_198,Pune,Tirupati,Andhra Pradesh,South,Spiritual & Pilgrimage,1424,37.34,3,Bus,2,Winter,Budget Hotel,4883,4464,3621,1395,1279,15642,4.1,Budget Traveler
TRIP_00196,USR_350,Bengaluru,Jodhpur,Rajasthan,North,Heritage & Culture,537,11.11,1,Car,1,Summer,Homestay,11086,2724,431,1837,809,16887,4.4,Luxury Vacationer
TRIP_00197,USR_240,Chandigarh,Rann of Kutch,Gujarat,West,Desert & Culture,517,10.51,4,Train,2,Summer,Mid-Range 3-Star,1733,16300,6176,3462,2317,29988,5.0,Frequent Nomad
TRIP_00198,USR_177,Mumbai,Madurai,Tamil Nadu,South,Heritage & Temple,942,19.48,3,Car,2,Autumn,Mid-Range 3-Star,20412,8193,6267,2478,2118,39468,4.3,Frequent Nomad
TRIP_00199,USR_126,Pune,Pondicherry,Puducherry,South,Beach & French Heritage,605,12.51,2,Car,1,Monsoon,Luxury Resort,12055,13028,4680,640,2178,32581,4.8,Luxury Vacationer
TRIP_00200,USR_197,Pune,Rishikesh,Uttarakhand,North,Spiritual & Adventure,1842,5.85,3,Flight,2,Autumn,Budget Hotel,20381,5223,2543,1465,1767,31379,4.5,Frequent Nomad
TRIP_00201,USR_301,Mumbai,Rameshwaram,Tamil Nadu,South,Coastal & Spiritual,1247,4.77,2,Flight,4,Monsoon,Mid-Range 3-Star,23264,7648,6833,2494,1809,42048,5.0,Family Explorer
TRIP_00202,USR_148,Pune,Chikmagalur,Karnataka,South,Hill Station & Coffee,1590,5.39,4,Flight,2,Autumn,Budget Hotel,18405,6992,3023,1682,1793,31895,4.5,Budget Traveler
TRIP_00203,USR_175,Pune,Mysore,Karnataka,South,Heritage & Palaces,623,12.88,2,Car,1,Summer,Homestay,11774,3702,861,671,923,17931,4.1,Luxury Vacationer
TRIP_00204,USR_177,Kochi,Goa,Goa,West,Beach & Nightlife,750,13.38,3,Train,4,Monsoon,Homestay,5538,16710,6420,3199,1158,33025,5.0,Budget Traveler
TRIP_00205,USR_202,Hyderabad,Spiti Valley,Himachal Pradesh,North,Adventure & Mountain,1228,21.63,4,Train,2,Monsoon,Luxury Resort,5147,22220,20552,1610,4640,54169,5.0,Luxury Vacationer
TRIP_00206,USR_152,Kochi,Amritsar,Punjab,North,Spiritual & Heritage,813,15.5,1,Train,2,Autumn,Mid-Range 3-Star,3177,3472,2367,1382,512,10910,5.0,Frequent Nomad
TRIP_00207,USR_302,Pune,Khajuraho,Madhya Pradesh,Central,Heritage & Art,683,14.13,1,Car,5,Summer,Homestay,13699,5316,2442,4955,1233,27645,4.9,Family Explorer
TRIP_00208,USR_278,Bengaluru,Mount Abu,Rajasthan,North,Hill Station & Temple,1828,5.82,2,Flight,2,Autumn,Homestay,20136,5278,2190,2742,1226,31572,4.5,Luxury Vacationer
TRIP_00209,USR_254,Kochi,Bodh Gaya,Bihar,East,Spiritual & Buddhist Heritage,1270,22.48,2,Train,1,Autumn,Mid-Range 3-Star,2602,5498,1993,431,554,11078,4.0,Frequent Nomad
TRIP_00210,USR_271,Hyderabad,Varanasi,Uttar Pradesh,North,Spiritual & Heritage,1200,4.68,3,Flight,2,Winter,Luxury Resort,15075,19563,14132,836,2600,52206,4.6,Luxury Vacationer
TRIP_00211,USR_292,Jaipur,Tirupati,Andhra Pradesh,South,Spiritual & Pilgrimage,1638,5.48,1,Flight,2,Summer,Luxury Resort,16777,4067,4430,961,2523,28758,4.6,Luxury Vacationer
TRIP_00212,USR_224,Bengaluru,Alleppey,Kerala,South,Backwaters & Houseboat,580,12.0,2,Car,5,Autumn,Budget Hotel,12727,12948,4435,3582,2076,35768,4.3,Budget Traveler
TRIP_00213,USR_222,Bengaluru,Chikmagalur,Karnataka,South,Hill Station & Coffee,245,5.07,4,Car,3,Autumn,Mid-Range 3-Star,6261,28368,8535,1657,3798,48619,4.8,Family Explorer
TRIP_00214,USR_339,Delhi,Jodhpur,Rajasthan,North,Heritage & Culture,590,12.2,2,Car,1,Summer,Homestay,11913,4506,1178,1107,1397,20101,5.0,Luxury Vacationer
TRIP_00215,USR_202,Chennai,Rameshwaram,Tamil Nadu,South,Coastal & Spiritual,560,10.51,1,Train,3,Summer,Luxury Resort,3531,9360,4940,3811,780,22422,4.2,Luxury Vacationer
TRIP_00216,USR_127,Jaipur,Rishikesh,Uttarakhand,North,Spiritual & Adventure,1199,31.44,4,Bus,1,Monsoon,Homestay,2281,5828,2435,1246,799,12589,4.3,Budget Traveler
TRIP_00217,USR_257,Pune,Bodh Gaya,Bihar,East,Spiritual & Buddhist Heritage,683,14.13,1,Car,3,Monsoon,Mid-Range 3-Star,13841,4066,3158,3112,949,25126,4.1,Luxury Vacationer
TRIP_00218,USR_135,Hyderabad,Jaipur,Rajasthan,North,Heritage & Culture,1480,25.62,2,Train,2,Summer,Homestay,4228,4714,1866,3495,706,15009,5.0,Budget Traveler
TRIP_00219,USR_225,Jaipur,Pushkar,Rajasthan,North,Cultural & Desert,145,3.75,2,Train,2,Summer,Luxury Resort,696,8556,9641,2677,1834,23404,4.6,Luxury Vacationer
TRIP_00220,USR_225,Mumbai,Hampi,Karnataka,South,Heritage & Archaeology,740,14.28,2,Train,2,Autumn,Luxury Resort,2730,9920,9008,1267,1601,24526,4.8,Luxury Vacationer
TRIP_00221,USR_304,Delhi,Alleppey,Kerala,South,Backwaters & Houseboat,516,9.44,3,Train,3,Monsoon,Mid-Range 3-Star,2944,18582,9641,3523,1458,36148,4.4,Family Explorer
TRIP_00222,USR_130,Kolkata,Bandipur,Karnataka,South,Wildlife Safari,1562,27.35,2,Train,1,Monsoon,Budget Hotel,2644,4606,831,2165,640,10886,5.0,Frequent Nomad
TRIP_00223,USR_164,Kolkata,Kodaikanal,Tamil Nadu,South,Hill Station,1371,4.99,4,Flight,2,Monsoon,Mid-Range 3-Star,12566,10624,9061,2736,1696,36683,4.3,Frequent Nomad
TRIP_00224,USR_289,Chandigarh,Pushkar,Rajasthan,North,Cultural & Desert,1168,4.62,3,Flight,3,Autumn,Homestay,23842,12486,5346,2952,2997,47623,3.9,Family Explorer
TRIP_00225,USR_253,Jaipur,Varanasi,Uttar Pradesh,North,Spiritual & Heritage,850,16.14,3,Train,1,Monsoon,Mid-Range 3-Star,1374,5616,3387,1115,474,11966,4.9,Frequent Nomad
TRIP_00226,USR_347,Pune,Coorg,Karnataka,South,Nature & Coffee,1017,18.5,3,Train,2,Summer,Homestay,4043,6954,3591,2651,1011,18250,4.8,Budget Traveler
TRIP_00227,USR_248,Kolkata,Kovalam,Kerala,South,Beach & Wellness,1298,4.86,4,Flight,3,Autumn,Luxury Resort,25515,54440,27871,3791,8807,120424,4.8,Luxury Vacationer
TRIP_00228,USR_325,Hyderabad,Jaisalmer,Rajasthan,North,Desert & Heritage,1449,25.52,3,Train,2,Monsoon,Budget Hotel,4973,5472,3295,1366,990,16096,4.9,Budget Traveler
TRIP_00229,USR_156,Pune,Gokarna,Karnataka,South,Beach & Spiritual,540,11.17,2,Car,3,Autumn,Mid-Range 3-Star,10720,11184,4591,3737,2481,32713,4.9,Family Explorer
TRIP_00230,USR_296,Chennai,Kodaikanal,Tamil Nadu,South,Hill Station,525,3.45,3,Flight,6,Winter,Luxury Resort,32521,45342,28612,9749,6991,123215,4.8,Luxury Vacationer
TRIP_00231,USR_277,Mumbai,Diu,Daman and Diu,West,Beach & Portuguese Fort,780,20.45,3,Bus,4,Monsoon,Homestay,7941,11274,4536,1842,1897,27490,4.3,Budget Traveler
TRIP_00232,USR_267,Mumbai,Coorg,Karnataka,South,Nature & Coffee,1261,26.08,3,Car,3,Monsoon,Homestay,22882,12624,3726,3372,2792,45396,4.5,Family Explorer
TRIP_00233,USR_214,Chennai,Ooty,Tamil Nadu,South,Hill Station,560,11.58,4,Car,3,Monsoon,Budget Hotel,11824,12328,4454,4003,1320,33929,4.2,Budget Traveler
TRIP_00234,USR_181,Hyderabad,Wayanad,Kerala,South,Nature & Wildlife,730,15.1,4,Car,2,Autumn,Homestay,15669,11316,4151,1376,1901,34413,4.7,Frequent Nomad
TRIP_00235,USR_155,Mumbai,Mount Abu,Rajasthan,North,Hill Station & Temple,760,15.72,2,Car,3,Autumn,Homestay,14276,8652,3161,4651,1535,32275,4.8,Family Explorer
TRIP_00236,USR_136,Delhi,Leh-Ladakh,Ladakh,North,Adventure & Mountain,980,17.21,5,Train,1,Winter,Mid-Range 3-Star,1934,31660,5619,1258,2786,43257,5.0,Luxury Vacationer
TRIP_00237,USR_231,Delhi,Rameshwaram,Tamil Nadu,South,Coastal & Spiritual,1252,4.78,1,Flight,4,Monsoon,Budget Hotel,27108,2476,1687,2357,2448,36076,5.0,Luxury Vacationer
TRIP_00238,USR_119,Jaipur,Ooty,Tamil Nadu,South,Hill Station,1189,20.51,3,Train,3,Monsoon,Luxury Resort,6922,27546,20837,4402,2267,61974,5.0,Luxury Vacationer
TRIP_00239,USR_118,Chennai,Shillong,Meghalaya,Northeast,Nature & Waterfalls,891,16.73,4,Train,4,Winter,Luxury Resort,6893,59208,32020,5217,4410,107748,4.6,Luxury Vacationer
TRIP_00240,USR_238,Jaipur,Spiti Valley,Himachal Pradesh,North,Adventure & Mountain,762,13.33,5,Train,2,Monsoon,Budget Hotel,2407,6570,5924,1898,1163,17962,4.6,Budget Traveler
TRIP_00241,USR_314,Bengaluru,Wayanad,Kerala,South,Nature & Wildlife,275,5.69,3,Car,1,Autumn,Homestay,6060,6858,1458,862,1214,16452,4.7,Frequent Nomad
TRIP_00242,USR_290,Mumbai,Jaipur,Rajasthan,North,Heritage & Culture,1150,20.73,4,Train,3,Winter,Budget Hotel,7549,15760,6082,6104,1470,36965,4.6,Budget Traveler
TRIP_00243,USR_133,Kolkata,Tawang,Arunachal Pradesh,Northeast,Himalayan & Monastery,691,3.76,4,Flight,2,Winter,Mid-Range 3-Star,10657,18164,5855,2397,1547,38620,5.0,Frequent Nomad
TRIP_00244,USR_217,Jaipur,Khajuraho,Madhya Pradesh,Central,Heritage & Art,563,3.52,2,Flight,2,Autumn,Homestay,9541,3820,1523,2632,799,18315,4.9,Frequent Nomad
TRIP_00245,USR_231,Chennai,Kodaikanal,Tamil Nadu,South,Hill Station,525,9.62,2,Train,2,Winter,Luxury Resort,2429,12028,6459,1075,1844,23835,4.3,Luxury Vacationer
TRIP_00246,USR_283,Pune,Pondicherry,Puducherry,South,Beach & French Heritage,1109,19.61,2,Train,1,Summer,Mid-Range 3-Star,1558,6168,1772,1452,482,11432,5.0,Frequent Nomad
TRIP_00247,USR_306,Jaipur,Kodaikanal,Tamil Nadu,South,Hill Station,1271,26.29,4,Car,6,Winter,Luxury Resort,27112,89088,36087,5265,8755,166307,4.3,Luxury Vacationer
TRIP_00248,USR_301,Kolkata,Rameshwaram,Tamil Nadu,South,Coastal & Spiritual,1725,5.64,1,Flight,1,Summer,Luxury Resort,9303,4635,2597,1178,1203,18916,5.0,Luxury Vacationer
TRIP_00249,USR_304,Delhi,Agra,Uttar Pradesh,North,Heritage & Monument,230,4.76,4,Car,2,Winter,Luxury Resort,6371,21016,17857,2418,3869,51531,5.0,Luxury Vacationer
TRIP_00250,USR_197,Kolkata,Shimla,Himachal Pradesh,North,Hill Station,870,17.99,2,Car,4,Summer,Luxury Resort,16196,25332,18031,6077,5588,71224,4.2,Luxury Vacationer
TRIP_00251,USR_234,Pune,Pushkar,Rajasthan,North,Cultural & Desert,1212,4.7,2,Flight,6,Autumn,Budget Hotel,46781,9378,6493,6061,2740,71453,4.6,Family Explorer
TRIP_00252,USR_270,Mumbai,Darjeeling,West Bengal,East,Hill Station & Tea,1047,4.4,3,Flight,3,Monsoon,Mid-Range 3-Star,17059,18102,10043,3066,2441,50711,4.3,Family Explorer
TRIP_00253,USR_342,Delhi,Udaipur,Rajasthan,North,Heritage & Romance,660,11.73,3,Train,2,Winter,Homestay,2257,12309,2317,3986,1133,22002,5.0,Budget Traveler
TRIP_00254,USR_219,Kolkata,Jaipur,Rajasthan,North,Heritage & Culture,1500,31.02,2,Car,2,Winter,Homestay,28348,6544,2123,3713,1810,42538,4.8,Luxury Vacationer
TRIP_00255,USR_283,Delhi,Jim Corbett,Uttarakhand,North,Wildlife Safari,245,6.42,6,Bus,2,Autumn,Budget Hotel,1249,18966,7766,2826,1878,32685,4.4,Budget Traveler
TRIP_00256,USR_292,Jaipur,Darjeeling,West Bengal,East,Hill Station & Tea,643,16.86,4,Bus,2,Autumn,Budget Hotel,2490,8504,2828,3497,661,17980,5.0,Budget Traveler
TRIP_00257,USR_311,Pune,Khajuraho,Madhya Pradesh,Central,Heritage & Art,1855,32.29,3,Train,4,Winter,Mid-Range 3-Star,10004,20220,14382,4715,3950,53271,5.0,Family Explorer
TRIP_00258,USR_124,Hyderabad,Jaipur,Rajasthan,North,Heritage & Culture,1480,5.19,4,Flight,4,Winter,Luxury Resort,37699,53712,30716,6920,7689,136736,4.9,Luxury Vacationer
TRIP_00259,USR_210,Mumbai,Jim Corbett,Uttarakhand,North,Wildlife Safari,1550,5.32,4,Flight,3,Summer,Homestay,24180,24072,4735,6579,4177,63743,4.9,Family Explorer
TRIP_00260,USR_228,Pune,Tirupati,Andhra Pradesh,South,Spiritual & Pilgrimage,1431,24.48,2,Train,4,Winter,Luxury Resort,8496,17372,19692,4227,4015,53802,5.0,Luxury Vacationer
TRIP_00261,USR_304,Chennai,Mysore,Karnataka,South,Heritage & Palaces,480,9.93,2,Car,4,Monsoon,Luxury Resort,10238,17056,16022,2949,2561,48826,4.4,Luxury Vacationer
TRIP_00262,USR_157,Chennai,Bandipur,Karnataka,South,Wildlife Safari,520,13.64,2,Bus,2,Monsoon,Budget Hotel,2401,4680,1828,3409,441,12759,4.7,Budget Traveler
TRIP_00263,USR_164,Delhi,Leh-Ladakh,Ladakh,North,Adventure & Mountain,980,4.28,6,Flight,2,Winter,Homestay,14790,24102,5598,4421,2243,51154,5.0,Frequent Nomad
TRIP_00264,USR_161,Chandigarh,Amritsar,Punjab,North,Spiritual & Heritage,230,6.03,2,Bus,1,Monsoon,Budget Hotel,617,2510,1040,1438,375,5980,5.0,Budget Traveler
TRIP_00265,USR_308,Kochi,Kaziranga,Assam,Northeast,Wildlife Safari,1082,4.47,4,Flight,2,Summer,Luxury Resort,11908,27456,16975,2777,3374,62490,4.9,Luxury Vacationer
TRIP_00266,USR_258,Delhi,Udaipur,Rajasthan,North,Heritage & Romance,660,13.65,3,Car,5,Monsoon,Homestay,14640,30465,5348,11703,4362,66518,4.9,Family Explorer
TRIP_00267,USR_317,Jaipur,Khajuraho,Madhya Pradesh,Central,Heritage & Art,598,12.37,2,Car,4,Monsoon,Luxury Resort,11764,16636,20568,3968,3836,56772,4.4,Luxury Vacationer
TRIP_00268,USR_225,Hyderabad,Rishikesh,Uttarakhand,North,Spiritual & Adventure,1898,32.47,2,Train,3,Monsoon,Homestay,11044,5668,2630,1286,1588,22216,4.8,Budget Traveler
TRIP_00269,USR_247,Pune,Bandipur,Karnataka,South,Wildlife Safari,1612,5.43,4,Flight,1,Winter,Homestay,9975,16212,2561,1777,2765,33290,4.7,Luxury Vacationer
TRIP_00270,USR_137,Hyderabad,Rameshwaram,Tamil Nadu,South,Coastal & Spiritual,609,11.17,1,Train,2,Summer,Mid-Range 3-Star,2732,2301,1488,2133,607,9261,3.8,Frequent Nomad
TRIP_00271,USR_215,Chennai,Shillong,Meghalaya,Northeast,Nature & Waterfalls,879,18.18,3,Car,4,Summer,Budget Hotel,19258,9360,4373,3877,1648,38516,5.0,Budget Traveler
TRIP_00272,USR_206,Kochi,Mysore,Karnataka,South,Heritage & Palaces,1169,24.18,1,Car,3,Autumn,Budget Hotel,24034,3546,1732,3086,2578,34976,4.9,Luxury Vacationer
TRIP_00273,USR_109,Kolkata,Munnar,Kerala,South,Hill Station,1102,4.5,4,Flight,1,Monsoon,Budget Hotel,5582,5056,1850,1271,1172,14931,4.7,Budget Traveler
TRIP_00274,USR_124,Hyderabad,Havelock Island,Andaman & Nicobar,Islands,Beach & Scuba,1706,29.99,2,Train,3,Autumn,Luxury Resort,7351,64632,14806,2005,4541,93335,4.6,Luxury Vacationer
TRIP_00275,USR_149,Pune,Pushkar,Rajasthan,North,Cultural & Desert,1584,5.38,2,Flight,2,Monsoon,Mid-Range 3-Star,13854,3926,3585,1778,924,24067,4.6,Frequent Nomad
TRIP_00276,USR_101,Pune,Manali,Himachal Pradesh,North,Hill Station & Adventure,1053,18.35,3,Train,1,Autumn,Budget Hotel,2018,5307,1929,780,805,10839,5.0,Budget Traveler
TRIP_00277,USR_221,Kochi,Rann of Kutch,Gujarat,West,Desert & Culture,992,4.3,3,Flight,2,Winter,Luxury Resort,14657,28617,11059,1899,3689,59921,5.0,Luxury Vacationer
TRIP_00278,USR_158,Kolkata,Madurai,Tamil Nadu,South,Heritage & Temple,576,15.1,3,Bus,4,Summer,Budget Hotel,4968,6168,6149,4423,1265,22973,5.0,Budget Traveler
TRIP_00279,USR_316,Pune,Jodhpur,Rajasthan,North,Heritage & Culture,1307,23.14,2,Train,1,Autumn,Homestay,1811,5694,1241,1523,822,11091,5.0,Frequent Nomad
TRIP_00280,USR_305,Chandigarh,Haridwar,Uttarakhand,North,Spiritual & Heritage,200,5.24,1,Bus,2,Summer,Budget Hotel,1161,1408,1269,1108,197,5143,5.0,Budget Traveler
TRIP_00281,USR_111,Pune,Manali,Himachal Pradesh,North,Hill Station & Adventure,1849,31.62,4,Train,2,Autumn,Homestay,5595,11644,4985,1709,1406,25339,4.4,Budget Traveler
TRIP_00282,USR_202,Jaipur,Amritsar,Punjab,North,Spiritual & Heritage,1015,18.79,2,Train,4,Autumn,Budget Hotel,7748,7288,4054,3189,933,23212,4.0,Budget Traveler
TRIP_00283,USR_251,Chandigarh,Mussoorie,Uttarakhand,North,Hill Station,200,4.14,3,Car,1,Winter,Budget Hotel,4638,6279,1532,944,784,14177,3.5,Frequent Nomad
TRIP_00284,USR_225,Chandigarh,Havelock Island,Andaman & Nicobar,Islands,Beach & Scuba,1418,5.08,5,Flight,2,Winter,Homestay,16456,22070,5325,1509,4094,49454,5.0,Frequent Nomad
TRIP_00285,USR_185,Delhi,Coorg,Karnataka,South,Nature & Coffee,1423,5.09,2,Flight,1,Monsoon,Mid-Range 3-Star,7314,5398,1703,1031,1178,16624,4.6,Luxury Vacationer
TRIP_00286,USR_126,Delhi,Udaipur,Rajasthan,North,Heritage & Romance,660,13.65,3,Car,6,Monsoon,Luxury Resort,13623,84330,38267,8382,12914,157516,4.3,Luxury Vacationer
TRIP_00287,USR_205,Kochi,Mussoorie,Uttarakhand,North,Hill Station,1507,5.24,3,Flight,4,Monsoon,Budget Hotel,27096,8742,5320,2555,3748,47461,4.5,Budget Traveler
TRIP_00288,USR_326,Chandigarh,Munnar,Kerala,South,Hill Station,805,16.65,3,Car,2,Summer,Homestay,15799,7770,3752,1874,2442,31637,4.4,Frequent Nomad
TRIP_00289,USR_230,Pune,Kovalam,Kerala,South,Beach & Wellness,703,14.54,2,Car,1,Winter,Homestay,14328,5656,1222,794,1056,23056,4.5,Luxury Vacationer
TRIP_00290,USR_329,Kolkata,Rameshwaram,Tamil Nadu,South,Coastal & Spiritual,1860,5.88,1,Flight,3,Winter,Mid-Range 3-Star,29914,5240,3380,1671,2053,42258,4.9,Luxury Vacationer
TRIP_00291,USR_158,Delhi,Leh-Ladakh,Ladakh,North,Adventure & Mountain,980,17.6,6,Train,1,Autumn,Budget Hotel,1442,17652,2411,1228,1645,24378,5.0,Frequent Nomad
TRIP_00292,USR_342,Kolkata,Pachmarhi,Madhya Pradesh,Central,Hill Station & Waterfalls,1902,39.34,3,Car,5,Monsoon,Luxury Resort,40125,49698,24927,5350,8883,128983,4.2,Luxury Vacationer
TRIP_00293,USR_250,Bengaluru,Ooty,Tamil Nadu,South,Hill Station,280,7.34,4,Bus,4,Monsoon,Mid-Range 3-Star,2588,19128,11710,5267,3064,41757,4.9,Family Explorer
TRIP_00294,USR_167,Kolkata,Hampi,Karnataka,South,Heritage & Archaeology,757,15.66,4,Car,4,Summer,Budget Hotel,17218,10264,8770,5308,2875,44435,4.9,Budget Traveler
TRIP_00295,USR_176,Kolkata,Mount Abu,Rajasthan,North,Hill Station & Temple,1278,22.91,4,Train,3,Autumn,Homestay,7512,19096,6670,2964,3209,39451,4.5,Budget Traveler
TRIP_00296,USR_192,Jaipur,Wayanad,Kerala,South,Nature & Wildlife,798,16.5,2,Car,1,Summer,Mid-Range 3-Star,14729,5792,2208,734,1836,25299,4.4,Luxury Vacationer
TRIP_00297,USR_186,Bengaluru,Pondicherry,Puducherry,South,Beach & French Heritage,310,8.13,4,Bus,2,Monsoon,Homestay,1501,8284,4691,1345,834,16655,4.4,Budget Traveler
TRIP_00298,USR_318,Bengaluru,Srinagar,Jammu & Kashmir,North,Lakes & Paradise Valley,559,10.52,6,Train,2,Winter,Homestay,2514,19842,5574,1019,2548,31497,5.0,Budget Traveler
TRIP_00299,USR_136,Delhi,Mahabaleshwar,Maharashtra,West,Hill Station,1288,22.18,3,Train,6,Autumn,Homestay,13564,27468,9707,7127,2043,59909,4.5,Budget Traveler
TRIP_00300,USR_171,Delhi,Mussoorie,Uttarakhand,North,Hill Station,290,6.0,3,Car,3,Summer,Homestay,6794,13434,4809,2937,2451,30425,3.8,Budget Traveler
TRIP_00301,USR_199,Chennai,Kodaikanal,Tamil Nadu,South,Hill Station,525,13.77,3,Bus,4,Summer,Mid-Range 3-Star,5635,19230,12941,1860,1521,41187,5.0,Family Explorer
TRIP_00302,USR_288,Delhi,Pondicherry,Puducherry,South,Beach & French Heritage,1870,32.13,3,Train,2,Monsoon,Budget Hotel,6769,4164,2400,1494,765,15592,5.0,Budget Traveler
TRIP_00303,USR_287,Jaipur,Havelock Island,Andaman & Nicobar,Islands,Beach & Scuba,1523,26.53,5,Train,4,Monsoon,Homestay,12852,32060,9155,6776,5141,65984,4.9,Budget Traveler
TRIP_00304,USR_204,Chennai,Pondicherry,Puducherry,South,Beach & French Heritage,150,3.93,4,Bus,2,Summer,Homestay,855,8096,4011,2401,1134,16497,4.0,Budget Traveler
TRIP_00305,USR_197,Kolkata,Bandipur,Karnataka,South,Wildlife Safari,1545,5.31,3,Flight,2,Winter,Budget Hotel,18746,9435,2135,4041,1904,36261,5.0,Frequent Nomad
TRIP_00306,USR_241,Kolkata,Srinagar,Jammu & Kashmir,North,Lakes & Paradise Valley,1887,5.93,4,Flight,1,Summer,Homestay,9460,11760,1761,1294,1291,25566,4.9,Frequent Nomad
TRIP_00307,USR_256,Mumbai,Mount Abu,Rajasthan,North,Hill Station & Temple,760,15.72,2,Car,2,Winter,Budget Hotel,16204,3526,2130,2855,2150,26865,4.9,Frequent Nomad
TRIP_00308,USR_192,Pune,Alleppey,Kerala,South,Backwaters & Houseboat,778,16.09,3,Car,4,Winter,Luxury Resort,16700,66192,20176,2034,4805,109907,3.6,Luxury Vacationer
TRIP_00309,USR_247,Kochi,Agra,Uttar Pradesh,North,Heritage & Monument,634,12.15,2,Train,3,Winter,Budget Hotel,3835,8176,2922,5549,642,21124,4.4,Budget Traveler
TRIP_00310,USR_309,Mumbai,Kodaikanal,Tamil Nadu,South,Hill Station,1045,4.4,2,Flight,2,Monsoon,Mid-Range 3-Star,10695,4638,4502,996,958,21789,5.0,Frequent Nomad
TRIP_00311,USR_266,Mumbai,Mahabaleshwar,Maharashtra,West,Hill Station,260,6.82,3,Bus,1,Monsoon,Luxury Resort,652,20070,6839,867,1290,29718,4.7,Luxury Vacationer
TRIP_00312,USR_203,Kochi,Leh-Ladakh,Ladakh,North,Adventure & Mountain,1239,22.35,5,Train,1,Autumn,Homestay,2413,16965,1837,1215,1378,23808,4.4,Frequent Nomad
TRIP_00313,USR_252,Kochi,Madurai,Tamil Nadu,South,Heritage & Temple,1839,31.42,1,Train,4,Autumn,Luxury Resort,13474,12150,9740,5062,3306,43732,4.6,Luxury Vacationer
TRIP_00314,USR_224,Kochi,Jaipur,Rajasthan,North,Heritage & Culture,1292,4.85,3,Flight,4,Autumn,Budget Hotel,33249,11328,4244,7403,4131,60355,4.6,Family Explorer
TRIP_00315,USR_286,Chandigarh,Pondicherry,Puducherry,South,Beach & French Heritage,1821,37.66,3,Car,4,Monsoon,Budget Hotel,37583,8484,6589,2227,4717,59600,5.0,Family Explorer
TRIP_00316,USR_329,Chandigarh,Coorg,Karnataka,South,Nature & Coffee,473,12.4,4,Bus,4,Summer,Luxury Resort,5118,66264,23837,3051,9351,107621,4.7,Luxury Vacationer
TRIP_00317,USR_113,Jaipur,Pondicherry,Puducherry,South,Beach & French Heritage,1577,27.39,3,Train,1,Autumn,Homestay,2672,6915,1565,943,657,12752,4.6,Frequent Nomad
TRIP_00318,USR_228,Chennai,Shimla,Himachal Pradesh,North,Hill Station,1276,33.46,4,Bus,5,Autumn,Budget Hotel,10570,25068,7545,6167,2516,51866,4.4,Budget Traveler
TRIP_00319,USR_231,Jaipur,Gokarna,Karnataka,South,Beach & Spiritual,1790,31.76,4,Train,2,Autumn,Mid-Range 3-Star,7227,13124,8977,2441,2228,33997,4.6,Frequent Nomad
TRIP_00320,USR_284,Hyderabad,Pachmarhi,Madhya Pradesh,Central,Hill Station & Waterfalls,1376,23.58,5,Train,2,Winter,Homestay,4482,9730,5400,2354,1224,23190,4.4,Budget Traveler
TRIP_00321,USR_128,Chennai,Varanasi,Uttar Pradesh,North,Spiritual & Heritage,1850,31.54,4,Train,1,Autumn,Luxury Resort,3387,17912,6500,771,1874,30444,4.3,Luxury Vacationer
TRIP_00322,USR_301,Delhi,Pachmarhi,Madhya Pradesh,Central,Hill Station & Waterfalls,1142,20.67,2,Train,3,Winter,Budget Hotel,7143,8232,3159,3169,1473,23176,5.0,Budget Traveler
TRIP_00323,USR_345,Jaipur,Udaipur,Rajasthan,North,Heritage & Romance,395,10.36,4,Bus,1,Autumn,Budget Hotel,809,12812,2522,2008,1138,19289,5.0,Frequent Nomad
TRIP_00324,USR_336,Mumbai,Pushkar,Rajasthan,North,Cultural & Desert,1634,5.47,4,Flight,3,Summer,Homestay,25824,11520,6382,4073,2847,50646,4.5,Family Explorer
TRIP_00325,USR_256,Delhi,Leh-Ladakh,Ladakh,North,Adventure & Mountain,980,4.28,6,Flight,3,Autumn,Mid-Range 3-Star,20278,80328,13800,4877,9713,128996,5.0,Family Explorer
TRIP_00326,USR_177,Jaipur,Amritsar,Punjab,North,Spiritual & Heritage,1907,32.58,4,Train,3,Summer,Mid-Range 3-Star,12058,22808,9196,4410,2232,50704,4.3,Family Explorer
TRIP_00327,USR_239,Hyderabad,Pachmarhi,Madhya Pradesh,Central,Hill Station & Waterfalls,686,14.19,3,Car,3,Monsoon,Luxury Resort,15787,29256,19881,3524,6015,74463,4.6,Luxury Vacationer
TRIP_00328,USR_209,Chennai,Jodhpur,Rajasthan,North,Heritage & Culture,668,17.52,4,Bus,4,Winter,Luxury Resort,6419,54832,26238,4522,5004,97015,4.9,Luxury Vacationer
TRIP_00329,USR_165,Mumbai,Coorg,Karnataka,South,Nature & Coffee,1864,5.89,4,Flight,2,Monsoon,Homestay,15368,9380,4753,2914,2488,34903,4.1,Frequent Nomad
TRIP_00330,USR_322,Delhi,Rameshwaram,Tamil Nadu,South,Coastal & Spiritual,1775,5.73,2,Flight,4,Autumn,Homestay,42044,8384,4470,1425,3452,59775,5.0,Family Explorer
TRIP_00331,USR_207,Hyderabad,Tirupati,Andhra Pradesh,South,Spiritual & Pilgrimage,560,14.68,2,Bus,1,Winter,Budget Hotel,1142,3018,1221,831,288,6500,4.9,Budget Traveler
TRIP_00332,USR_263,Hyderabad,Mussoorie,Uttarakhand,North,Hill Station,1655,29.25,5,Train,2,Summer,Homestay,4800,10440,5547,1273,1472,23532,4.2,Budget Traveler
TRIP_00333,USR_197,Chennai,Ranthambore,Rajasthan,North,Wildlife Safari,1021,17.71,2,Train,2,Monsoon,Mid-Range 3-Star,3607,7360,4674,4312,1185,21138,4.2,Frequent Nomad
TRIP_00334,USR_299,Chandigarh,Rann of Kutch,Gujarat,West,Desert & Culture,1066,19.45,5,Train,1,Autumn,Mid-Range 3-Star,2108,24990,4813,1411,2781,36103,5.0,Frequent Nomad
TRIP_00335,USR_141,Pune,Kaziranga,Assam,Northeast,Wildlife Safari,1549,5.32,4,Flight,2,Autumn,Budget Hotel,19331,10480,4392,2801,3318,40322,4.7,Frequent Nomad
TRIP_00336,USR_259,Jaipur,Srinagar,Jammu & Kashmir,North,Lakes & Paradise Valley,1599,41.93,3,Bus,2,Winter,Budget Hotel,6479,7986,3728,2474,1774,22441,4.1,Budget Traveler
TRIP_00337,USR_275,Hyderabad,Mysore,Karnataka,South,Heritage & Palaces,710,12.91,3,Train,2,Winter,Mid-Range 3-Star,2664,7851,6511,2316,1178,20520,4.8,Frequent Nomad
TRIP_00338,USR_176,Delhi,Amritsar,Punjab,North,Spiritual & Heritage,450,11.8,3,Bus,4,Winter,Budget Hotel,5049,8700,6136,1514,1595,22994,4.9,Budget Traveler
TRIP_00339,USR_299,Delhi,Haridwar,Uttarakhand,North,Spiritual & Heritage,220,4.55,1,Car,5,Autumn,Budget Hotel,5032,3891,2862,6400,522,18707,4.5,Budget Traveler
TRIP_00340,USR_276,Mumbai,Munnar,Kerala,South,Hill Station,1390,23.72,2,Train,2,Monsoon,Budget Hotel,5623,2508,2069,1705,566,12471,4.3,Budget Traveler
TRIP_00341,USR_200,Kochi,Kovalam,Kerala,South,Beach & Wellness,210,5.51,4,Bus,2,Autumn,Luxury Resort,1177,30760,12335,2409,1938,48619,4.0,Luxury Vacationer
TRIP_00342,USR_291,Chandigarh,Kodaikanal,Tamil Nadu,South,Hill Station,1885,5.93,2,Flight,2,Winter,Mid-Range 3-Star,20288,7642,4373,1039,2775,36117,4.4,Luxury Vacationer
TRIP_00343,USR_213,Pune,Varkala,Kerala,South,Beach & Cliff,1803,31.26,3,Train,3,Winter,Homestay,8844,12786,5303,4356,1310,32599,4.2,Budget Traveler
TRIP_00344,USR_274,Hyderabad,Ooty,Tamil Nadu,South,Hill Station,850,14.85,1,Train,1,Summer,Budget Hotel,1471,1581,514,664,301,4531,4.8,Frequent Nomad
TRIP_00345,USR_286,Hyderabad,Gokarna,Karnataka,South,Beach & Spiritual,640,3.66,3,Flight,2,Autumn,Homestay,10105,5301,3602,1035,1672,21715,5.0,Budget Traveler
TRIP_00346,USR_319,Chennai,Mussoorie,Uttarakhand,North,Hill Station,1574,32.55,3,Car,3,Autumn,Budget Hotel,28170,11340,5109,2610,2128,49357,4.7,Family Explorer
TRIP_00347,USR_268,Delhi,Shimla,Himachal Pradesh,North,Hill Station,345,9.05,2,Bus,4,Monsoon,Budget Hotel,3264,6640,3881,3437,1034,18256,4.1,Budget Traveler
TRIP_00348,USR_245,Chandigarh,Khajuraho,Madhya Pradesh,Central,Heritage & Art,1097,4.49,1,Flight,2,Autumn,Homestay,14005,1659,832,1984,1491,19971,4.4,Luxury Vacationer
TRIP_00349,USR_135,Hyderabad,Srinagar,Jammu & Kashmir,North,Lakes & Paradise Valley,1397,5.04,4,Flight,2,Autumn,Mid-Range 3-Star,17103,21364,6035,1190,2529,48221,5.0,Frequent Nomad
TRIP_00350,USR_312,Mumbai,Kaziranga,Assam,Northeast,Wildlife Safari,852,15.8,2,Train,1,Monsoon,Budget Hotel,1856,4252,1209,2248,546,10111,5.0,Frequent Nomad
TRIP_00351,USR_297,Chandigarh,Gokarna,Karnataka,South,Beach & Spiritual,525,10.07,4,Train,1,Monsoon,Luxury Resort,850,17116,7483,1007,2326,28782,4.7,Luxury Vacationer
TRIP_00352,USR_135,Kochi,Puri,Odisha,East,Coastal & Spiritual,1495,26.01,3,Train,1,Winter,Budget Hotel,3084,4824,1775,499,686,10868,4.5,Budget Traveler
TRIP_00353,USR_215,Mumbai,Rishikesh,Uttarakhand,North,Spiritual & Adventure,1600,5.41,2,Flight,2,Summer,Luxury Resort,15497,11738,9255,1503,1971,39964,4.1,Luxury Vacationer
TRIP_00354,USR_272,Delhi,Jodhpur,Rajasthan,North,Heritage & Culture,590,10.92,1,Train,2,Monsoon,Luxury Resort,1758,6713,4356,3617,1000,17444,5.0,Luxury Vacationer
TRIP_00355,USR_171,Kolkata,Bodh Gaya,Bihar,East,Spiritual & Buddhist Heritage,480,9.06,3,Train,4,Summer,Luxury Resort,4032,23148,28830,3006,5289,64305,5.0,Luxury Vacationer
TRIP_00356,USR_233,Pune,Jim Corbett,Uttarakhand,North,Wildlife Safari,1156,20.96,2,Train,1,Autumn,Budget Hotel,1681,5944,799,1741,443,10608,4.2,Frequent Nomad
TRIP_00357,USR_148,Mumbai,Khajuraho,Madhya Pradesh,Central,Heritage & Art,1682,29.52,2,Train,2,Winter,Luxury Resort,6517,12862,7911,1380,1355,30025,4.4,Luxury Vacationer
TRIP_00358,USR_314,Pune,Munnar,Kerala,South,Hill Station,949,19.63,3,Car,4,Winter,Homestay,18211,17130,4341,2583,2202,44467,4.1,Budget Traveler
TRIP_00359,USR_147,Jaipur,Varkala,Kerala,South,Beach & Cliff,1677,5.55,1,Flight,3,Winter,Mid-Range 3-Star,28209,8276,3009,2634,2099,44227,4.8,Luxury Vacationer
TRIP_00360,USR_206,Chandigarh,Agra,Uttar Pradesh,North,Heritage & Monument,460,9.51,4,Car,3,Summer,Mid-Range 3-Star,11388,20704,11979,3916,2112,50099,5.0,Family Explorer
TRIP_00361,USR_105,Delhi,Jodhpur,Rajasthan,North,Heritage & Culture,590,11.57,3,Train,1,Autumn,Budget Hotel,1336,5769,1589,1632,740,11066,4.7,Budget Traveler
TRIP_00362,USR_124,Kochi,Rann of Kutch,Gujarat,West,Desert & Culture,716,14.81,3,Car,3,Winter,Luxury Resort,14171,67062,18322,4594,8698,112847,4.2,Luxury Vacationer
TRIP_00363,USR_198,Hyderabad,Bodh Gaya,Bihar,East,Spiritual & Buddhist Heritage,1876,38.8,1,Car,2,Winter,Luxury Resort,35842,4129,4861,2704,2892,50428,5.0,Luxury Vacationer
TRIP_00364,USR_149,Chennai,Pachmarhi,Madhya Pradesh,Central,Hill Station & Waterfalls,464,9.01,2,Train,4,Winter,Luxury Resort,3976,28372,14232,2560,3684,52824,4.4,Luxury Vacationer
TRIP_00365,USR_165,Kolkata,Kaziranga,Assam,Northeast,Wildlife Safari,1050,4.41,4,Flight,5,Autumn,Mid-Range 3-Star,38500,67380,17974,8076,9097,141027,4.9,Family Explorer
TRIP_00366,USR_146,Hyderabad,Tirupati,Andhra Pradesh,South,Spiritual & Pilgrimage,560,10.21,2,Train,3,Autumn,Mid-Range 3-Star,3636,11108,5394,4009,949,25096,4.8,Family Explorer
TRIP_00367,USR_159,Kochi,Pushkar,Rajasthan,North,Cultural & Desert,781,16.15,3,Car,4,Winter,Homestay,17353,12042,6410,1449,2268,39522,4.9,Budget Traveler
TRIP_00368,USR_263,Chennai,Manali,Himachal Pradesh,North,Hill Station & Adventure,2600,53.77,3,Car,2,Summer,Luxury Resort,49685,21900,9996,1138,5144,87863,4.2,Luxury Vacationer
TRIP_00369,USR_203,Chandigarh,Diu,Daman and Diu,West,Beach & Portuguese Fort,1517,31.37,1,Car,5,Monsoon,Budget Hotel,31258,4401,2408,5701,3358,47126,4.7,Luxury Vacationer
TRIP_00370,USR_174,Delhi,Kodaikanal,Tamil Nadu,South,Hill Station,1677,29.37,3,Train,2,Summer,Budget Hotel,6302,4071,3856,1443,910,16582,5.0,Budget Traveler
TRIP_00371,USR_272,Pune,Varkala,Kerala,South,Beach & Cliff,1650,5.5,3,Flight,2,Summer,Budget Hotel,15914,5019,2262,2591,2201,27987,4.7,Frequent Nomad
TRIP_00372,USR_190,Hyderabad,Leh-Ladakh,Ladakh,North,Adventure & Mountain,913,16.4,5,Train,4,Summer,Luxury Resort,5840,95280,37771,2939,8007,149837,5.0,Luxury Vacationer
TRIP_00373,USR_343,Bengaluru,Puri,Odisha,East,Coastal & Spiritual,977,4.28,3,Flight,2,Monsoon,Luxury Resort,11364,14484,13943,2906,2687,45384,4.3,Luxury Vacationer
TRIP_00374,USR_218,Chandigarh,Munnar,Kerala,South,Hill Station,1437,24.84,3,Train,3,Winter,Luxury Resort,9480,50004,19910,2641,7727,89762,4.7,Luxury Vacationer
TRIP_00375,USR_233,Jaipur,Ooty,Tamil Nadu,South,Hill Station,1885,5.93,3,Flight,4,Monsoon,Homestay,32746,9594,6895,4467,2496,56198,4.9,Family Explorer
TRIP_00376,USR_181,Hyderabad,Gokarna,Karnataka,South,Beach & Spiritual,640,11.44,3,Train,4,Monsoon,Homestay,4132,8502,6847,2192,1016,22689,4.0,Budget Traveler
TRIP_00377,USR_164,Chandigarh,Jim Corbett,Uttarakhand,North,Wildlife Safari,769,13.5,2,Train,1,Winter,Budget Hotel,1531,6320,1068,2237,379,11535,4.5,Frequent Nomad
TRIP_00378,USR_224,Hyderabad,Spiti Valley,Himachal Pradesh,North,Adventure & Mountain,1095,22.65,6,Car,1,Autumn,Mid-Range 3-Star,26375,21606,5040,1125,2293,56439,5.0,Luxury Vacationer
TRIP_00379,USR_305,Pune,Srinagar,Jammu & Kashmir,North,Lakes & Paradise Valley,1557,5.33,4,Flight,2,Winter,Mid-Range 3-Star,18926,18928,6299,2768,2984,49905,4.0,Frequent Nomad
TRIP_00380,USR_277,Chennai,Ooty,Tamil Nadu,South,Hill Station,560,10.4,2,Train,1,Summer,Budget Hotel,1130,2884,855,766,332,5967,4.8,Budget Traveler
TRIP_00381,USR_257,Hyderabad,Khajuraho,Madhya Pradesh,Central,Heritage & Art,1020,4.35,2,Flight,3,Summer,Luxury Resort,18518,18232,13815,2713,3390,56668,5.0,Luxury Vacationer
TRIP_00382,USR_247,Mumbai,Madurai,Tamil Nadu,South,Heritage & Temple,1854,38.34,2,Car,6,Summer,Budget Hotel,38414,7842,7282,7870,4513,65921,4.7,Family Explorer
TRIP_00383,USR_222,Chennai,Rishikesh,Uttarakhand,North,Spiritual & Adventure,1313,4.89,2,Flight,2,Autumn,Homestay,17267,4890,2020,2900,1402,28479,4.5,Frequent Nomad
TRIP_00384,USR_244,Chandigarh,Coorg,Karnataka,South,Nature & Coffee,1265,4.8,3,Flight,1,Winter,Homestay,8389,7749,1478,1034,1058,19708,4.6,Frequent Nomad
TRIP_00385,USR_193,Hyderabad,Tirupati,Andhra Pradesh,South,Spiritual & Pilgrimage,560,14.68,3,Bus,3,Monsoon,Mid-Range 3-Star,3303,9714,10203,1616,1731,26567,4.3,Family Explorer
TRIP_00386,USR_267,Jaipur,Rishikesh,Uttarakhand,North,Spiritual & Adventure,1032,27.06,2,Bus,2,Monsoon,Mid-Range 3-Star,4401,4634,4273,1981,761,16050,4.5,Frequent Nomad
TRIP_00387,USR_262,Mumbai,Varanasi,Uttar Pradesh,North,Spiritual & Heritage,1500,26.13,4,Train,2,Monsoon,Luxury Resort,4092,17684,12755,1360,1984,37875,5.0,Luxury Vacationer
TRIP_00388,USR_169,Chandigarh,Diu,Daman and Diu,West,Beach & Portuguese Fort,1259,4.79,1,Flight,1,Monsoon,Luxury Resort,6972,5285,2297,911,728,16193,3.5,Luxury Vacationer
TRIP_00389,USR_319,Chennai,Udaipur,Rajasthan,North,Heritage & Romance,1940,40.12,2,Car,2,Summer,Mid-Range 3-Star,39065,11800,3133,1907,5006,60911,5.0,Luxury Vacationer
TRIP_00390,USR_241,Chennai,Munnar,Kerala,South,Hill Station,590,11.12,3,Train,2,Autumn,Budget Hotel,2372,5424,2251,2254,540,12841,4.9,Budget Traveler
TRIP_00391,USR_289,Kolkata,Chikmagalur,Karnataka,South,Hill Station & Coffee,1733,29.58,4,Train,2,Summer,Homestay,6529,7772,4864,1980,1887,23032,4.5,Budget Traveler
TRIP_00392,USR_239,Kolkata,Tirupati,Andhra Pradesh,South,Spiritual & Pilgrimage,1361,28.15,2,Car,2,Summer,Homestay,26671,3140,2452,2135,2323,36721,4.5,Luxury Vacationer
TRIP_00393,USR_333,Hyderabad,Srinagar,Jammu & Kashmir,North,Lakes & Paradise Valley,1555,5.33,3,Flight,2,Summer,Budget Hotel,15962,6138,2567,891,2193,27751,4.2,Frequent Nomad
TRIP_00394,USR_318,Mumbai,Jim Corbett,Uttarakhand,North,Wildlife Safari,1550,27.04,2,Train,4,Monsoon,Budget Hotel,10784,8988,4613,8354,2142,34881,5.0,Family Explorer
TRIP_00395,USR_253,Delhi,Ooty,Tamil Nadu,South,Hill Station,2400,6.86,4,Flight,2,Monsoon,Homestay,19825,6692,3747,2618,1918,34800,4.4,Frequent Nomad
TRIP_00396,USR_197,Delhi,Shillong,Meghalaya,Northeast,Nature & Waterfalls,612,12.66,6,Car,5,Autumn,Homestay,15266,47250,16745,6094,5700,91055,4.5,Budget Traveler
TRIP_00397,USR_169,Pune,Hampi,Karnataka,South,Heritage & Archaeology,560,10.11,4,Train,4,Winter,Mid-Range 3-Star,4205,18920,14822,4217,2247,44411,5.0,Family Explorer
TRIP_00398,USR_139,Chennai,Kaziranga,Assam,Northeast,Wildlife Safari,495,10.24,3,Car,2,Summer,Budget Hotel,9957,6381,2114,1770,978,21200,4.5,Budget Traveler
TRIP_00399,USR_208,Kolkata,Gangtok,Sikkim,Northeast,Hill Station & Monastery,670,12.36,4,Train,3,Monsoon,Budget Hotel,4387,10880,7625,3952,1013,27857,4.8,Budget Traveler
TRIP_00400,USR_221,Mumbai,Hampi,Karnataka,South,Heritage & Archaeology,740,15.3,2,Car,1,Monsoon,Luxury Resort,14001,8374,3397,1004,2171,28947,4.4,Luxury Vacationer
TRIP_00401,USR_109,Delhi,Jaisalmer,Rajasthan,North,Desert & Heritage,790,16.34,2,Car,4,Winter,Homestay,16370,12412,3575,2957,3114,38428,5.0,Family Explorer
TRIP_00402,USR_234,Bengaluru,Shillong,Meghalaya,Northeast,Nature & Waterfalls,1435,24.71,5,Train,1,Monsoon,Budget Hotel,2153,7940,1919,884,601,13497,5.0,Budget Traveler
TRIP_00403,USR_171,Chandigarh,Jaipur,Rajasthan,North,Heritage & Culture,510,10.55,4,Car,1,Autumn,Homestay,10895,9828,1970,1503,1029,25225,4.4,Frequent Nomad
TRIP_00404,USR_141,Kochi,Manali,Himachal Pradesh,North,Hill Station & Adventure,1854,5.87,4,Flight,2,Monsoon,Budget Hotel,16778,4712,4483,1776,1401,29150,4.6,Budget Traveler
TRIP_00405,USR_243,Hyderabad,Chikmagalur,Karnataka,South,Hill Station & Coffee,845,15.62,3,Train,4,Winter,Mid-Range 3-Star,5418,26580,8636,4542,2948,48124,5.0,Family Explorer
TRIP_00406,USR_226,Delhi,Madurai,Tamil Nadu,South,Heritage & Temple,832,17.21,1,Car,6,Monsoon,Mid-Range 3-Star,15609,6486,6943,2735,1431,33204,5.0,Family Explorer
TRIP_00407,USR_176,Kolkata,Kaziranga,Assam,Northeast,Wildlife Safari,1050,4.41,5,Flight,3,Monsoon,Luxury Resort,17968,57140,27822,2884,9408,115222,5.0,Luxury Vacationer
TRIP_00408,USR_299,Chandigarh,Darjeeling,West Bengal,East,Hill Station & Tea,1106,4.51,3,Flight,3,Winter,Luxury Resort,22695,36978,20869,2362,5202,88106,4.3,Luxury Vacationer
TRIP_00409,USR_183,Bengaluru,Shimla,Himachal Pradesh,North,Hill Station,1521,5.27,2,Flight,2,Winter,Budget Hotel,17287,4590,2448,2025,1117,27467,3.6,Frequent Nomad
TRIP_00410,USR_247,Pune,Rann of Kutch,Gujarat,West,Desert & Culture,1453,24.79,3,Train,3,Monsoon,Homestay,5958,17244,5661,3456,2695,35014,4.7,Budget Traveler
TRIP_00411,USR_121,Kochi,Kovalam,Kerala,South,Beach & Wellness,210,5.51,4,Bus,3,Winter,Mid-Range 3-Star,2076,35752,10895,3636,4356,56715,4.4,Family Explorer
TRIP_00412,USR_169,Jaipur,Kodaikanal,Tamil Nadu,South,Hill Station,594,15.58,3,Bus,4,Monsoon,Budget Hotel,6418,8472,4549,4420,998,24857,4.6,Budget Traveler
TRIP_00413,USR_235,Delhi,Madurai,Tamil Nadu,South,Heritage & Temple,1730,5.65,2,Flight,2,Summer,Luxury Resort,18149,9994,8367,2447,2395,41352,5.0,Luxury Vacationer
TRIP_00414,USR_127,Mumbai,Rishikesh,Uttarakhand,North,Spiritual & Adventure,1600,5.41,3,Flight,3,Autumn,Mid-Range 3-Star,28382,19530,8999,4869,4154,65934,4.1,Family Explorer
TRIP_00415,USR_184,Hyderabad,Mount Abu,Rajasthan,North,Hill Station & Temple,1746,5.67,2,Flight,5,Autumn,Mid-Range 3-Star,50544,23238,8069,7701,4521,94073,4.1,Luxury Vacationer
TRIP_00416,USR_347,Kochi,Chikmagalur,Karnataka,South,Hill Station & Coffee,1263,4.8,4,Flight,2,Winter,Budget Hotel,16239,9932,4042,1722,1752,33687,4.6,Frequent Nomad
TRIP_00417,USR_157,Delhi,Amritsar,Punjab,North,Spiritual & Heritage,450,9.16,2,Train,2,Winter,Mid-Range 3-Star,1794,7330,3941,826,883,14774,5.0,Frequent Nomad
TRIP_00418,USR_140,Mumbai,Shillong,Meghalaya,Northeast,Nature & Waterfalls,1201,20.87,5,Train,3,Summer,Mid-Range 3-Star,6070,27970,17384,4135,4503,60062,4.9,Family Explorer
TRIP_00419,USR_145,Kochi,Pushkar,Rajasthan,North,Cultural & Desert,1889,5.93,2,Flight,4,Winter,Mid-Range 3-Star,44015,10080,7126,5624,3677,70522,4.0,Luxury Vacationer
TRIP_00420,USR_326,Pune,Mount Abu,Rajasthan,North,Hill Station & Temple,880,18.2,2,Car,2,Winter,Homestay,19107,5476,2160,963,1911,29617,4.1,Frequent Nomad
TRIP_00421,USR_182,Jaipur,Madurai,Tamil Nadu,South,Heritage & Temple,756,19.82,4,Bus,2,Monsoon,Homestay,3584,4776,5193,2603,1009,17165,5.0,Budget Traveler
TRIP_00422,USR_124,Delhi,Ranthambore,Rajasthan,North,Wildlife Safari,380,8.01,4,Train,1,Monsoon,Homestay,634,10332,2085,1530,588,15169,4.5,Budget Traveler
TRIP_00423,USR_229,Pune,Bandipur,Karnataka,South,Wildlife Safari,1879,5.92,1,Flight,1,Summer,Homestay,8914,3241,468,2087,1260,15970,5.0,Luxury Vacationer
TRIP_00424,USR_235,Delhi,Darjeeling,West Bengal,East,Hill Station & Tea,596,3.58,2,Flight,2,Monsoon,Luxury Resort,9964,9322,6030,2098,1541,28955,4.4,Luxury Vacationer
TRIP_00425,USR_183,Hyderabad,Havelock Island,Andaman & Nicobar,Islands,Beach & Scuba,1792,31.52,6,Train,4,Winter,Homestay,13176,67080,15529,3230,4089,103104,4.7,Family Explorer
TRIP_00426,USR_310,Delhi,Hampi,Karnataka,South,Heritage & Archaeology,1853,5.87,2,Flight,3,Monsoon,Homestay,25907,5636,2302,4575,3235,41655,4.1,Family Explorer
TRIP_00427,USR_323,Kolkata,Ooty,Tamil Nadu,South,Hill Station,1153,4.6,1,Flight,1,Winter,Mid-Range 3-Star,6969,3553,804,725,808,12859,5.0,Luxury Vacationer
TRIP_00428,USR_167,Jaipur,Srinagar,Jammu & Kashmir,North,Lakes & Paradise Valley,1725,5.64,3,Flight,1,Summer,Budget Hotel,9224,5988,1524,510,870,18116,5.0,Frequent Nomad
TRIP_00429,USR_279,Chandigarh,Leh-Ladakh,Ladakh,North,Adventure & Mountain,750,13.7,7,Train,1,Winter,Budget Hotel,1495,17514,3842,1443,1061,25355,5.0,Budget Traveler
TRIP_00430,USR_175,Pune,Pondicherry,Puducherry,South,Beach & French Heritage,1229,4.73,4,Flight,3,Winter,Mid-Range 3-Star,23934,31832,8928,4536,4764,73994,4.8,Family Explorer
TRIP_00431,USR_283,Chennai,Kodaikanal,Tamil Nadu,South,Hill Station,525,10.86,2,Car,4,Summer,Mid-Range 3-Star,10445,10576,6987,4690,1517,34215,4.5,Family Explorer
TRIP_00432,USR_229,Kolkata,Coorg,Karnataka,South,Nature & Coffee,1731,35.8,4,Car,2,Monsoon,Luxury Resort,36304,28576,16527,1248,7638,90293,5.0,Luxury Vacationer
TRIP_00433,USR_269,Mumbai,Manali,Himachal Pradesh,North,Hill Station & Adventure,1900,5.95,3,Flight,2,Autumn,Homestay,21534,7608,2867,2640,2143,36792,4.6,Frequent Nomad
TRIP_00434,USR_134,Delhi,Diu,Daman and Diu,West,Beach & Portuguese Fort,733,15.16,2,Car,2,Summer,Homestay,15442,3658,1562,3141,1006,24809,4.5,Frequent Nomad
TRIP_00435,USR_339,Chandigarh,Varanasi,Uttar Pradesh,North,Spiritual & Heritage,1100,4.5,2,Flight,4,Winter,Budget Hotel,30909,5140,3149,2729,3856,45783,5.0,Family Explorer
TRIP_00436,USR_347,Pune,Wayanad,Kerala,South,Nature & Wildlife,1357,4.97,3,Flight,4,Monsoon,Homestay,25060,12564,4865,4994,2379,49862,4.2,Family Explorer
TRIP_00437,USR_246,Chandigarh,Pondicherry,Puducherry,South,Beach & French Heritage,1671,5.54,5,Flight,2,Summer,Homestay,16759,11965,5564,1942,2615,38845,5.0,Budget Traveler
TRIP_00438,USR_283,Hyderabad,Rishikesh,Uttarakhand,North,Spiritual & Adventure,1243,21.93,3,Train,2,Autumn,Homestay,3355,5601,3476,1452,805,14689,3.9,Budget Traveler
TRIP_00439,USR_291,Delhi,Mussoorie,Uttarakhand,North,Hill Station,290,6.0,3,Car,5,Summer,Budget Hotel,7332,13545,8026,7716,2695,39314,3.9,Budget Traveler
TRIP_00440,USR_210,Pune,Bandipur,Karnataka,South,Wildlife Safari,535,14.03,3,Bus,4,Autumn,Mid-Range 3-Star,5818,33630,11831,8608,4217,64104,4.5,Family Explorer
TRIP_00441,USR_110,Jaipur,Shimla,Himachal Pradesh,North,Hill Station,600,11.19,3,Train,2,Autumn,Budget Hotel,2005,6981,3068,1189,762,14005,5.0,Budget Traveler
TRIP_00442,USR_296,Chennai,Hampi,Karnataka,South,Heritage & Archaeology,675,12.41,2,Train,4,Monsoon,Mid-Range 3-Star,4534,8360,6265,6072,1559,26790,5.0,Family Explorer
TRIP_00443,USR_332,Mumbai,Jaisalmer,Rajasthan,North,Desert & Heritage,1050,4.41,4,Flight,1,Autumn,Budget Hotel,6645,10272,2334,1616,926,21793,5.0,Frequent Nomad
TRIP_00444,USR_206,Hyderabad,Chikmagalur,Karnataka,South,Hill Station & Coffee,501,3.41,3,Flight,1,Summer,Luxury Resort,4708,20460,4926,734,2452,33280,4.5,Luxury Vacationer
TRIP_00445,USR_333,Mumbai,Pachmarhi,Madhya Pradesh,Central,Hill Station & Waterfalls,703,14.54,3,Car,2,Winter,Budget Hotel,14710,5748,3373,3358,1828,29017,4.6,Frequent Nomad
TRIP_00446,USR_141,Pune,Tirupati,Andhra Pradesh,South,Spiritual & Pilgrimage,1229,22.14,3,Train,4,Winter,Mid-Range 3-Star,9417,16602,9300,2058,2921,40298,4.8,Family Explorer
TRIP_00447,USR_208,Kolkata,Wayanad,Kerala,South,Nature & Wildlife,1945,40.23,1,Car,2,Autumn,Mid-Range 3-Star,34319,4164,1602,1594,2706,44385,5.0,Luxury Vacationer
TRIP_00448,USR_319,Kochi,Kaziranga,Assam,Northeast,Wildlife Safari,461,9.53,3,Car,4,Autumn,Homestay,10361,19782,5790,5035,3339,44307,5.0,Budget Traveler
TRIP_00449,USR_172,Chandigarh,Kovalam,Kerala,South,Beach & Wellness,1591,5.39,1,Flight,1,Summer,Budget Hotel,7734,1656,454,387,735,10966,4.4,Luxury Vacationer
TRIP_00450,USR_255,Kolkata,Mahabaleshwar,Maharashtra,West,Hill Station,629,11.15,4,Train,6,Winter,Homestay,6394,29508,13158,7150,3617,59827,4.0,Budget Traveler
TRIP_00451,USR_348,Kochi,Rameshwaram,Tamil Nadu,South,Coastal & Spiritual,1635,29.15,2,Train,3,Monsoon,Budget Hotel,7761,4928,3715,3630,1486,21520,4.7,Budget Traveler
TRIP_00452,USR_117,Kolkata,Srinagar,Jammu & Kashmir,North,Lakes & Paradise Valley,725,13.63,3,Train,2,Winter,Mid-Range 3-Star,2579,13887,4829,1002,1581,23878,4.5,Frequent Nomad
TRIP_00453,USR_262,Jaipur,Manali,Himachal Pradesh,North,Hill Station & Adventure,1440,5.12,3,Flight,3,Monsoon,Luxury Resort,20291,32862,18274,3669,3412,78508,4.7,Luxury Vacationer
TRIP_00454,USR_245,Kochi,Jodhpur,Rajasthan,North,Heritage & Culture,1943,6.03,2,Flight,4,Autumn,Luxury Resort,45283,36864,13434,3851,4501,103933,4.6,Luxury Vacationer
TRIP_00455,USR_220,Bengaluru,Rameshwaram,Tamil Nadu,South,Coastal & Spiritual,605,11.78,1,Train,1,Summer,Luxury Resort,1057,4734,2072,313,409,8585,3.5,Luxury Vacationer
TRIP_00456,USR_173,Kolkata,Goa,Goa,West,Beach & Nightlife,2150,36.78,4,Train,5,Monsoon,Mid-Range 3-Star,14751,50052,17332,6507,8016,96658,5.0,Family Explorer
TRIP_00457,USR_314,Mumbai,Hampi,Karnataka,South,Heritage & Archaeology,740,14.08,4,Train,2,Monsoon,Luxury Resort,3137,17312,17398,2380,3539,43766,5.0,Luxury Vacationer
TRIP_00458,USR_238,Hyderabad,Jaisalmer,Rajasthan,North,Desert & Heritage,1297,26.82,3,Car,2,Winter,Mid-Range 3-Star,26967,14226,4256,2142,4316,51907,5.0,Luxury Vacationer
TRIP_00459,USR_304,Hyderabad,Goa,Goa,West,Beach & Nightlife,650,13.44,3,Car,4,Summer,Mid-Range 3-Star,13169,30096,11605,5106,2811,62787,4.5,Family Explorer
TRIP_00460,USR_130,Kolkata,Pachmarhi,Madhya Pradesh,Central,Hill Station & Waterfalls,1094,19.14,3,Train,2,Winter,Budget Hotel,3393,5340,2913,1603,677,13926,5.0,Budget Traveler
TRIP_00461,USR_129,Hyderabad,Kodaikanal,Tamil Nadu,South,Hill Station,863,17.85,3,Car,4,Winter,Luxury Resort,19143,38478,19018,4003,7083,87725,3.9,Luxury Vacationer
TRIP_00462,USR_180,Hyderabad,Agra,Uttar Pradesh,North,Heritage & Monument,1280,4.83,3,Flight,4,Winter,Homestay,30079,12660,5595,6350,2835,57519,4.8,Family Explorer
TRIP_00463,USR_112,Chandigarh,Manali,Himachal Pradesh,North,Hill Station & Adventure,290,6.03,4,Train,2,Monsoon,Budget Hotel,1395,4800,4589,2833,844,14461,4.4,Budget Traveler
TRIP_00464,USR_154,Hyderabad,Hampi,Karnataka,South,Heritage & Archaeology,375,9.83,3,Bus,2,Summer,Mid-Range 3-Star,1740,6279,5523,1146,764,15452,4.2,Frequent Nomad
TRIP_00465,USR_104,Chandigarh,Tirupati,Andhra Pradesh,South,Spiritual & Pilgrimage,1502,25.84,4,Train,4,Winter,Mid-Range 3-Star,9275,22024,18746,3955,2516,56516,5.0,Family Explorer
TRIP_00466,USR_180,Chandigarh,Mahabaleshwar,Maharashtra,West,Hill Station,1557,5.33,3,Flight,2,Autumn,Budget Hotel,18408,5484,3315,960,1784,29951,4.8,Frequent Nomad
TRIP_00467,USR_146,Chandigarh,Bodh Gaya,Bihar,East,Spiritual & Buddhist Heritage,1739,30.41,1,Train,3,Autumn,Mid-Range 3-Star,7640,4878,3237,1182,1502,18439,5.0,Family Explorer
TRIP_00468,USR_296,Kochi,Madurai,Tamil Nadu,South,Heritage & Temple,719,18.85,2,Bus,5,Winter,Luxury Resort,7396,26730,21733,4753,5409,66021,4.6,Luxury Vacationer
TRIP_00469,USR_137,Chandigarh,Shillong,Meghalaya,Northeast,Nature & Waterfalls,1194,20.68,3,Train,4,Autumn,Mid-Range 3-Star,10124,25404,11119,3899,2849,53395,4.9,Family Explorer
TRIP_00470,USR_219,Mumbai,Alleppey,Kerala,South,Backwaters & Houseboat,1163,20.65,2,Train,3,Summer,Luxury Resort,7138,35504,10746,4345,3842,61575,5.0,Luxury Vacationer
TRIP_00471,USR_203,Chandigarh,Mount Abu,Rajasthan,North,Hill Station & Temple,938,4.21,1,Flight,2,Summer,Homestay,11687,2446,904,2284,1309,18630,4.6,Luxury Vacationer
TRIP_00472,USR_212,Chandigarh,Mahabaleshwar,Maharashtra,West,Hill Station,1565,5.35,4,Flight,2,Summer,Homestay,15341,9800,5034,2140,2279,34594,5.0,Frequent Nomad
TRIP_00473,USR_219,Hyderabad,Tirupati,Andhra Pradesh,South,Spiritual & Pilgrimage,560,11.07,2,Train,4,Winter,Homestay,4106,6824,4235,4062,1352,20579,4.8,Budget Traveler
TRIP_00474,USR_184,Kochi,Diu,Daman and Diu,West,Beach & Portuguese Fort,1802,30.67,2,Train,4,Winter,Homestay,15109,10652,4326,2064,1472,33623,5.0,Family Explorer
TRIP_00475,USR_237,Kolkata,Mysore,Karnataka,South,Heritage & Palaces,1710,5.61,3,Flight,2,Autumn,Homestay,20669,5628,2639,2844,2752,34532,4.6,Frequent Nomad
TRIP_00476,USR_340,Pune,Pachmarhi,Madhya Pradesh,Central,Hill Station & Waterfalls,1155,20.62,4,Train,2,Winter,Luxury Resort,4844,30624,11799,3393,1893,52553,4.5,Luxury Vacationer
TRIP_00477,USR_244,Hyderabad,Jaipur,Rajasthan,North,Heritage & Culture,1480,26.47,4,Train,1,Monsoon,Homestay,2712,8184,2150,1614,862,15522,4.9,Budget Traveler
TRIP_00478,USR_155,Mumbai,Srinagar,Jammu & Kashmir,North,Lakes & Paradise Valley,734,15.18,4,Car,2,Summer,Luxury Resort,15236,35856,13969,1363,2647,69071,4.4,Luxury Vacationer
TRIP_00479,USR_266,Chennai,Agra,Uttar Pradesh,North,Heritage & Monument,2000,34.82,3,Train,4,Autumn,Homestay,14824,12078,5697,8354,2486,43439,5.0,Budget Traveler
TRIP_00480,USR_209,Chandigarh,Rishikesh,Uttarakhand,North,Spiritual & Adventure,210,4.34,3,Car,4,Autumn,Luxury Resort,5167,36234,19475,4736,5528,71140,4.6,Luxury Vacationer
TRIP_00481,USR_161,Jaipur,Leh-Ladakh,Ladakh,North,Adventure & Mountain,1291,4.85,4,Flight,1,Monsoon,Budget Hotel,6622,9880,2245,1228,1526,21501,5.0,Frequent Nomad
TRIP_00482,USR_137,Jaipur,Mussoorie,Uttarakhand,North,Hill Station,1022,4.36,3,Flight,1,Autumn,Budget Hotel,7124,6189,1270,1291,1168,17042,4.4,Frequent Nomad
TRIP_00483,USR_276,Jaipur,Bodh Gaya,Bihar,East,Spiritual & Buddhist Heritage,1089,20.01,3,Train,4,Winter,Budget Hotel,7837,7830,5889,3220,2104,26880,4.2,Budget Traveler
TRIP_00484,USR_305,Kolkata,Alleppey,Kerala,South,Backwaters & Houseboat,793,14.76,1,Train,2,Winter,Mid-Range 3-Star,3007,5264,1461,1347,419,11498,4.4,Frequent Nomad
TRIP_00485,USR_175,Chandigarh,Munnar,Kerala,South,Hill Station,1037,21.45,4,Car,2,Autumn,Budget Hotel,20088,7300,3404,1837,1706,34335,4.8,Frequent Nomad
TRIP_00486,USR_290,Bengaluru,Havelock Island,Andaman & Nicobar,Islands,Beach & Scuba,807,21.16,5,Bus,4,Summer,Luxury Resort,6151,106300,46780,3151,11407,173789,5.0,Luxury Vacationer
TRIP_00487,USR_109,Hyderabad,Manali,Himachal Pradesh,North,Hill Station & Adventure,747,15.45,5,Car,5,Summer,Luxury Resort,16007,102480,54820,4592,12940,190839,5.0,Luxury Vacationer
TRIP_00488,USR_316,Hyderabad,Coorg,Karnataka,South,Nature & Coffee,1765,31.05,4,Train,2,Monsoon,Budget Hotel,6010,5480,3942,3218,1471,20121,4.6,Budget Traveler
TRIP_00489,USR_160,Pune,Haridwar,Uttarakhand,North,Spiritual & Heritage,1895,49.69,1,Bus,2,Autumn,Luxury Resort,7894,4848,3843,2513,1043,20141,4.6,Luxury Vacationer
TRIP_00490,USR_181,Jaipur,Haridwar,Uttarakhand,North,Spiritual & Heritage,534,10.78,3,Train,5,Winter,Mid-Range 3-Star,4991,29340,17385,3509,2897,58122,4.4,Family Explorer
TRIP_00491,USR_126,Kolkata,Diu,Daman and Diu,West,Beach & Portuguese Fort,1646,28.62,3,Train,5,Autumn,Homestay,14986,22851,6127,5942,2233,52139,4.7,Budget Traveler
TRIP_00492,USR_241,Chennai,Haridwar,Uttarakhand,North,Spiritual & Heritage,467,9.66,1,Car,6,Winter,Budget Hotel,9425,4215,2732,3613,688,20673,5.0,Budget Traveler
TRIP_00493,USR_259,Bengaluru,Coorg,Karnataka,South,Nature & Coffee,250,6.56,3,Bus,2,Summer,Budget Hotel,1203,6213,3641,2414,1039,14510,5.0,Budget Traveler
TRIP_00494,USR_245,Mumbai,Jaipur,Rajasthan,North,Heritage & Culture,1150,23.78,3,Car,2,Summer,Mid-Range 3-Star,23556,10233,5560,4440,3208,46997,4.6,Luxury Vacationer
TRIP_00495,USR_271,Hyderabad,Shillong,Meghalaya,Northeast,Nature & Waterfalls,781,16.15,3,Car,3,Winter,Mid-Range 3-Star,15672,25314,6570,2582,3159,53297,4.3,Family Explorer
TRIP_00496,USR_226,Delhi,Spiti Valley,Himachal Pradesh,North,Adventure & Mountain,720,12.77,7,Train,1,Autumn,Luxury Resort,1364,39928,13422,619,3638,58971,5.0,Luxury Vacationer
TRIP_00497,USR_167,Bengaluru,Kodaikanal,Tamil Nadu,South,Hill Station,465,12.19,3,Bus,1,Winter,Budget Hotel,1002,5283,1451,666,606,9008,4.4,Budget Traveler
TRIP_00498,USR_339,Chennai,Rann of Kutch,Gujarat,West,Desert & Culture,1249,4.77,3,Flight,1,Monsoon,Homestay,6901,8892,1567,1782,1205,20347,5.0,Frequent Nomad
TRIP_00499,USR_212,Pune,Tawang,Arunachal Pradesh,Northeast,Himalayan & Monastery,593,12.26,4,Car,4,Summer,Budget Hotel,13851,13488,6181,6680,2011,42211,4.9,Budget Traveler
TRIP_00500,USR_178,Pune,Coorg,Karnataka,South,Nature & Coffee,1744,36.07,4,Car,5,Winter,Mid-Range 3-Star,37647,54792,18596,6461,5618,123114,4.8,Family Explorer
TRIP_00501,USR_111,Pune,Rann of Kutch,Gujarat,West,Desert & Culture,841,22.05,1,Bus,3,Monsoon,Luxury Resort,5816,18412,5493,3854,2500,36075,5.0,Luxury Vacationer
TRIP_00502,USR_136,Chennai,Hampi,Karnataka,South,Heritage & Archaeology,675,13.96,4,Car,2,Winter,Homestay,13493,7280,3538,2890,1627,28828,5.0,Budget Traveler
TRIP_00503,USR_105,Chennai,Mahabaleshwar,Maharashtra,West,Hill Station,564,14.79,5,Bus,2,Monsoon,Budget Hotel,2306,7225,5461,3213,1382,19587,5.0,Budget Traveler
TRIP_00504,USR_238,Mumbai,Rameshwaram,Tamil Nadu,South,Coastal & Spiritual,1636,5.47,2,Flight,4,Summer,Budget Hotel,31983,4392,4369,5606,1741,48091,4.1,Family Explorer
TRIP_00505,USR_280,Mumbai,Ooty,Tamil Nadu,South,Hill Station,802,16.59,5,Car,2,Winter,Mid-Range 3-Star,16362,19945,11176,2781,2224,52488,4.5,Frequent Nomad
TRIP_00506,USR_253,Chandigarh,Pondicherry,Puducherry,South,Beach & French Heritage,579,3.55,3,Flight,3,Summer,Luxury Resort,15388,35406,20569,1527,5783,78673,5.0,Luxury Vacationer
TRIP_00507,USR_240,Mumbai,Amritsar,Punjab,North,Spiritual & Heritage,886,16.16,1,Train,1,Winter,Mid-Range 3-Star,1431,2766,1078,743,263,6281,4.3,Frequent Nomad
TRIP_00508,USR_163,Chandigarh,Kodaikanal,Tamil Nadu,South,Hill Station,723,13.74,3,Train,1,Winter,Luxury Resort,1027,21528,5953,596,1292,30396,4.2,Luxury Vacationer
TRIP_00509,USR_267,Chandigarh,Alleppey,Kerala,South,Backwaters & Houseboat,1302,4.87,1,Flight,2,Autumn,Homestay,16672,2971,1013,3175,1582,25413,4.7,Luxury Vacationer
TRIP_00510,USR_110,Chandigarh,Rishikesh,Uttarakhand,North,Spiritual & Adventure,210,4.92,3,Train,2,Autumn,Budget Hotel,1099,4971,2726,1366,413,10575,4.0,Budget Traveler
TRIP_00511,USR_236,Bengaluru,Spiti Valley,Himachal Pradesh,North,Adventure & Mountain,1191,24.63,6,Car,1,Summer,Luxury Resort,25685,38526,9794,1341,7260,82606,4.6,Luxury Vacationer
TRIP_00512,USR_222,Kochi,Rishikesh,Uttarakhand,North,Spiritual & Adventure,777,20.37,1,Bus,3,Winter,Budget Hotel,4694,3334,1441,4248,809,14526,4.6,Family Explorer
TRIP_00513,USR_112,Bengaluru,Rameshwaram,Tamil Nadu,South,Coastal & Spiritual,605,3.6,2,Flight,2,Winter,Homestay,9351,3684,2017,1164,1003,17219,4.4,Frequent Nomad
TRIP_00514,USR_249,Hyderabad,Mount Abu,Rajasthan,North,Hill Station & Temple,857,17.72,3,Car,2,Monsoon,Homestay,16675,5877,3427,1777,1383,29139,4.4,Frequent Nomad
TRIP_00515,USR_221,Chandigarh,Gangtok,Sikkim,Northeast,Hill Station & Monastery,561,10.07,3,Train,4,Autumn,Luxury Resort,4047,39288,23391,3334,3748,73808,4.1,Luxury Vacationer
TRIP_00516,USR_186,Mumbai,Kodaikanal,Tamil Nadu,South,Hill Station,1867,32.04,3,Train,2,Winter,Budget Hotel,6321,5805,2408,2969,1107,18610,4.7,Budget Traveler
TRIP_00517,USR_303,Chandigarh,Varanasi,Uttar Pradesh,North,Spiritual & Heritage,1633,5.47,3,Flight,2,Summer,Budget Hotel,16883,3513,3651,1736,1629,27412,4.8,Frequent Nomad
TRIP_00518,USR_104,Pune,Rameshwaram,Tamil Nadu,South,Coastal & Spiritual,955,16.91,4,Train,1,Summer,Homestay,1804,7900,1578,306,1114,12702,5.0,Budget Traveler
TRIP_00519,USR_111,Kochi,Tawang,Arunachal Pradesh,Northeast,Himalayan & Monastery,1482,25.84,3,Train,2,Winter,Luxury Resort,5985,23400,14313,1512,3212,48422,4.5,Luxury Vacationer
TRIP_00520,USR_104,Pune,Gokarna,Karnataka,South,Beach & Spiritual,540,11.17,3,Car,2,Summer,Mid-Range 3-Star,11560,6924,5639,2287,2206,28616,4.5,Frequent Nomad
TRIP_00521,USR_292,Chandigarh,Munnar,Kerala,South,Hill Station,1381,28.56,3,Car,2,Autumn,Homestay,27327,9429,2766,2629,3621,45772,4.9,Luxury Vacationer
TRIP_00522,USR_119,Pune,Pushkar,Rajasthan,North,Cultural & Desert,1131,4.56,2,Flight,2,Winter,Mid-Range 3-Star,14347,5790,4692,2506,2166,29501,4.5,Frequent Nomad
TRIP_00523,USR_121,Chandigarh,Mahabaleshwar,Maharashtra,West,Hill Station,562,11.2,4,Train,5,Monsoon,Budget Hotel,5298,17184,7245,6163,2446,38336,4.6,Budget Traveler
TRIP_00524,USR_244,Delhi,Udaipur,Rajasthan,North,Heritage & Romance,660,11.86,2,Train,1,Monsoon,Budget Hotel,1380,4732,1151,2296,618,10177,4.8,Frequent Nomad
TRIP_00525,USR_295,Delhi,Amritsar,Punjab,North,Spiritual & Heritage,450,9.31,2,Car,2,Monsoon,Mid-Range 3-Star,9043,4574,3545,1803,1540,20505,4.0,Frequent Nomad
TRIP_00526,USR_221,Jaipur,Haridwar,Uttarakhand,North,Spiritual & Heritage,1541,5.3,2,Flight,1,Monsoon,Luxury Resort,7644,8074,5068,1429,913,23128,4.2,Luxury Vacationer
TRIP_00527,USR_329,Kochi,Manali,Himachal Pradesh,North,Hill Station & Adventure,614,12.7,5,Car,4,Autumn,Homestay,14451,24200,8655,5218,4375,56899,4.9,Budget Traveler
TRIP_00528,USR_234,Chennai,Alleppey,Kerala,South,Backwaters & Houseboat,685,13.37,1,Train,2,Autumn,Homestay,2462,3276,1142,1260,284,8424,5.0,Frequent Nomad
TRIP_00529,USR_306,Delhi,Jodhpur,Rajasthan,North,Heritage & Culture,590,12.2,3,Car,4,Monsoon,Luxury Resort,13185,35694,23800,6143,5298,84120,4.6,Luxury Vacationer
TRIP_00530,USR_218,Kolkata,Madurai,Tamil Nadu,South,Heritage & Temple,720,18.88,2,Bus,4,Monsoon,Homestay,5707,5964,3692,5487,751,21601,5.0,Budget Traveler
TRIP_00531,USR_173,Kochi,Varanasi,Uttar Pradesh,North,Spiritual & Heritage,1716,30.17,4,Train,3,Summer,Mid-Range 3-Star,7440,16960,12648,3760,1840,42648,4.0,Family Explorer
TRIP_00532,USR_130,Chennai,Amritsar,Punjab,North,Spiritual & Heritage,1626,5.46,1,Flight,3,Summer,Luxury Resort,24037,9172,6224,2040,2390,43863,4.6,Luxury Vacationer
TRIP_00533,USR_196,Kochi,Kaziranga,Assam,Northeast,Wildlife Safari,782,13.72,3,Train,1,Monsoon,Budget Hotel,1439,5685,1180,1527,334,10165,5.0,Budget Traveler
TRIP_00534,USR_290,Jaipur,Puri,Odisha,East,Coastal & Spiritual,1128,20.01,4,Train,1,Monsoon,Mid-Range 3-Star,2269,9692,4788,1259,1402,19410,5.0,Frequent Nomad
TRIP_00535,USR_337,Kochi,Mahabaleshwar,Maharashtra,West,Hill Station,1861,32.61,1,Train,1,Winter,Budget Hotel,3306,1835,442,1469,372,7424,4.2,Frequent Nomad
TRIP_00536,USR_124,Hyderabad,Coorg,Karnataka,South,Nature & Coffee,1695,5.58,2,Flight,3,Summer,Homestay,26859,11136,2452,4295,3260,48002,4.4,Luxury Vacationer
TRIP_00537,USR_346,Bengaluru,Puri,Odisha,East,Coastal & Spiritual,1257,4.79,2,Flight,2,Summer,Luxury Resort,14451,8676,10128,1466,1625,36346,4.8,Luxury Vacationer
TRIP_00538,USR_319,Pune,Khajuraho,Madhya Pradesh,Central,Heritage & Art,1240,21.18,3,Train,1,Monsoon,Mid-Range 3-Star,2728,6000,3411,1263,809,14211,4.7,Frequent Nomad
TRIP_00539,USR_207,Kochi,Alleppey,Kerala,South,Backwaters & Houseboat,55,1.14,2,Car,1,Summer,Luxury Resort,2127,17144,4235,785,2334,26625,4.6,Luxury Vacationer
TRIP_00540,USR_235,Hyderabad,Goa,Goa,West,Beach & Nightlife,650,13.44,4,Car,1,Autumn,Budget Hotel,14238,9100,1609,1320,2367,28634,5.0,Frequent Nomad
TRIP_00541,USR_152,Mumbai,Mysore,Karnataka,South,Heritage & Palaces,1042,17.93,3,Train,5,Autumn,Mid-Range 3-Star,8427,30897,14694,2847,2168,59033,4.5,Family Explorer
TRIP_00542,USR_168,Kolkata,Kovalam,Kerala,South,Beach & Wellness,1753,5.69,3,Flight,4,Autumn,Budget Hotel,42135,14220,5701,4779,3393,70228,4.8,Family Explorer
TRIP_00543,USR_131,Kolkata,Gangtok,Sikkim,Northeast,Hill Station & Monastery,670,12.57,3,Train,2,Winter,Mid-Range 3-Star,2590,12315,6805,2053,1772,25535,4.8,Frequent Nomad
TRIP_00544,USR_131,Hyderabad,Puri,Odisha,East,Coastal & Spiritual,1628,5.46,4,Flight,2,Winter,Mid-Range 3-Star,18015,10564,6878,925,1765,38147,4.8,Frequent Nomad
TRIP_00545,USR_170,Hyderabad,Mount Abu,Rajasthan,North,Hill Station & Temple,1753,29.79,1,Train,2,Monsoon,Mid-Range 3-Star,7461,2675,1913,1297,550,13896,4.2,Frequent Nomad
TRIP_00546,USR_293,Mumbai,Kaziranga,Assam,Northeast,Wildlife Safari,1110,22.96,1,Car,2,Monsoon,Mid-Range 3-Star,22377,3552,1934,2472,1343,31678,5.0,Luxury Vacationer
TRIP_00547,USR_173,Hyderabad,Bandipur,Karnataka,South,Wildlife Safari,1443,5.12,4,Flight,1,Autumn,Mid-Range 3-Star,8356,26404,3235,2350,3332,43677,4.3,Luxury Vacationer
TRIP_00548,USR_244,Chandigarh,Pushkar,Rajasthan,North,Cultural & Desert,1526,26.56,3,Train,2,Winter,Budget Hotel,4322,3918,2131,2258,501,13130,5.0,Budget Traveler
TRIP_00549,USR_214,Chandigarh,Jodhpur,Rajasthan,North,Heritage & Culture,1150,4.59,2,Flight,2,Summer,Mid-Range 3-Star,14204,6006,3244,2312,1257,27023,4.7,Frequent Nomad
TRIP_00550,USR_133,Delhi,Udaipur,Rajasthan,North,Heritage & Romance,660,12.14,3,Train,2,Winter,Budget Hotel,2804,8046,3463,1922,1253,17488,5.0,Budget Traveler
TRIP_00551,USR_232,Chandigarh,Coorg,Karnataka,South,Nature & Coffee,1410,36.97,3,Bus,4,Winter,Mid-Range 3-Star,10791,23064,8461,2252,3220,47788,4.4,Family Explorer
TRIP_00552,USR_251,Delhi,Rishikesh,Uttarakhand,North,Spiritual & Adventure,240,4.96,4,Car,4,Monsoon,Budget Hotel,7222,7640,10154,2579,1752,29347,4.5,Budget Traveler
TRIP_00553,USR_287,Chandigarh,Darjeeling,West Bengal,East,Hill Station & Tea,1484,5.2,3,Flight,1,Winter,Budget Hotel,9248,6408,1525,1705,864,19750,4.6,Frequent Nomad
TRIP_00554,USR_294,Jaipur,Ooty,Tamil Nadu,South,Hill Station,1935,34.14,1,Train,4,Winter,Luxury Resort,13993,12968,7710,3042,2124,39837,5.0,Luxury Vacationer
TRIP_00555,USR_198,Pune,Gokarna,Karnataka,South,Beach & Spiritual,540,11.17,2,Car,2,Summer,Luxury Resort,11980,7828,6129,2429,2134,30500,5.0,Luxury Vacationer
TRIP_00556,USR_243,Chennai,Manali,Himachal Pradesh,North,Hill Station & Adventure,2600,68.18,5,Bus,2,Monsoon,Luxury Resort,9527,21730,21204,3530,3495,59486,4.8,Luxury Vacationer
TRIP_00557,USR_242,Pune,Alleppey,Kerala,South,Backwaters & Houseboat,1326,4.91,3,Flight,2,Summer,Budget Hotel,15407,7170,3790,940,2121,29428,5.0,Frequent Nomad
TRIP_00558,USR_273,Bengaluru,Varkala,Kerala,South,Beach & Cliff,670,12.45,3,Train,6,Autumn,Budget Hotel,7152,14328,10053,7138,2949,41620,4.6,Budget Traveler
TRIP_00559,USR_144,Bengaluru,Khajuraho,Madhya Pradesh,Central,Heritage & Art,857,22.47,3,Bus,2,Monsoon,Homestay,4499,4392,2320,2701,635,14547,3.5,Budget Traveler
TRIP_00560,USR_283,Chandigarh,Bodh Gaya,Bihar,East,Spiritual & Buddhist Heritage,1009,4.33,2,Flight,5,Autumn,Mid-Range 3-Star,35307,15360,9022,3173,5138,68000,4.5,Family Explorer
TRIP_00561,USR_128,Bengaluru,Shillong,Meghalaya,Northeast,Nature & Waterfalls,1452,5.14,3,Flight,4,Autumn,Homestay,33439,16356,4558,1959,4385,60697,4.9,Family Explorer
TRIP_00562,USR_349,Mumbai,Mysore,Karnataka,South,Heritage & Palaces,1688,28.86,1,Train,2,Monsoon,Budget Hotel,6359,1228,1011,2205,495,11298,4.9,Frequent Nomad
TRIP_00563,USR_228,Kochi,Puri,Odisha,East,Coastal & Spiritual,985,18.13,4,Train,6,Monsoon,Budget Hotel,8160,15024,11498,4562,2041,41285,4.8,Budget Traveler
TRIP_00564,USR_197,Kochi,Jaisalmer,Rajasthan,North,Desert & Heritage,523,10.82,4,Car,1,Winter,Homestay,12254,12772,2247,808,2262,30343,5.0,Luxury Vacationer
TRIP_00565,USR_225,Bengaluru,Madurai,Tamil Nadu,South,Heritage & Temple,435,8.74,3,Train,1,Autumn,Luxury Resort,1006,16065,6024,957,2269,26321,5.0,Luxury Vacationer
TRIP_00566,USR_258,Hyderabad,Bandipur,Karnataka,South,Wildlife Safari,1032,4.38,2,Flight,4,Monsoon,Budget Hotel,20897,6972,4808,8417,1359,42453,5.0,Family Explorer
TRIP_00567,USR_329,Hyderabad,Mysore,Karnataka,South,Heritage & Palaces,710,14.68,2,Car,2,Winter,Luxury Resort,13895,11006,8773,2539,2544,38757,4.3,Luxury Vacationer
TRIP_00568,USR_334,Bengaluru,Wayanad,Kerala,South,Nature & Wildlife,275,5.69,2,Car,1,Winter,Mid-Range 3-Star,5889,7138,2057,1081,984,17149,4.5,Luxury Vacationer
TRIP_00569,USR_106,Kochi,Bodh Gaya,Bihar,East,Spiritual & Buddhist Heritage,495,12.98,1,Bus,5,Monsoon,Luxury Resort,5430,10779,7586,5645,1245,30685,4.8,Luxury Vacationer
TRIP_00570,USR_228,Jaipur,Mussoorie,Uttarakhand,North,Hill Station,1816,37.56,4,Car,2,Monsoon,Homestay,35234,7944,3992,2943,4265,54378,4.9,Frequent Nomad
TRIP_00571,USR_238,Delhi,Alleppey,Kerala,South,Backwaters & Houseboat,993,20.54,1,Car,1,Winter,Mid-Range 3-Star,18845,5694,1071,1426,1169,28205,4.4,Luxury Vacationer
TRIP_00572,USR_187,Kolkata,Goa,Goa,West,Beach & Nightlife,2150,36.97,5,Train,2,Autumn,Mid-Range 3-Star,7981,29700,8509,2521,3344,52055,4.7,Frequent Nomad
TRIP_00573,USR_152,Pune,Varkala,Kerala,South,Beach & Cliff,964,17.57,4,Train,2,Autumn,Homestay,3703,11024,4038,1798,1494,22057,4.2,Budget Traveler
TRIP_00574,USR_311,Kochi,Leh-Ladakh,Ladakh,North,Adventure & Mountain,1756,5.69,6,Flight,3,Autumn,Budget Hotel,29736,35928,7097,4470,4221,81452,4.4,Family Explorer
TRIP_00575,USR_212,Pune,Amritsar,Punjab,North,Spiritual & Heritage,581,12.02,1,Car,4,Summer,Luxury Resort,10892,9202,8896,2344,1420,32754,4.9,Luxury Vacationer
TRIP_00576,USR_108,Delhi,Wayanad,Kerala,South,Nature & Wildlife,1400,5.05,3,Flight,3,Autumn,Luxury Resort,27200,44190,14781,1427,7529,95127,4.4,Luxury Vacationer
TRIP_00577,USR_172,Jaipur,Rishikesh,Uttarakhand,North,Spiritual & Adventure,1769,31.43,3,Train,4,Winter,Luxury Resort,9443,39816,29709,3218,3459,85645,4.8,Luxury Vacationer
TRIP_00578,USR_345,Pune,Khajuraho,Madhya Pradesh,Central,Heritage & Art,1825,5.82,2,Flight,2,Winter,Luxury Resort,21268,13518,6274,2549,3940,47549,4.5,Luxury Vacationer
TRIP_00579,USR_234,Chandigarh,Bandipur,Karnataka,South,Wildlife Safari,1525,26.66,1,Train,2,Monsoon,Budget Hotel,4295,1903,1184,3795,467,11644,4.5,Frequent Nomad
TRIP_00580,USR_292,Delhi,Ranthambore,Rajasthan,North,Wildlife Safari,380,7.05,2,Train,1,Summer,Homestay,699,6274,945,1973,570,10461,5.0,Frequent Nomad
TRIP_00581,USR_280,Bengaluru,Amritsar,Punjab,North,Spiritual & Heritage,1567,32.41,2,Car,2,Autumn,Luxury Resort,33804,13286,10097,2317,5105,64609,4.9,Luxury Vacationer
TRIP_00582,USR_106,Chandigarh,Kodaikanal,Tamil Nadu,South,Hill Station,1806,5.78,4,Flight,1,Winter,Homestay,10146,8276,2166,1547,1669,23804,4.2,Frequent Nomad
TRIP_00583,USR_237,Delhi,Chikmagalur,Karnataka,South,Hill Station & Coffee,1245,22.61,2,Train,1,Winter,Luxury Resort,2672,18698,3522,1400,1439,27731,4.3,Luxury Vacationer
TRIP_00584,USR_321,Mumbai,Chikmagalur,Karnataka,South,Hill Station & Coffee,1743,5.67,3,Flight,2,Monsoon,Luxury Resort,15228,18852,8976,2127,3626,48809,4.7,Luxury Vacationer
TRIP_00585,USR_338,Hyderabad,Pachmarhi,Madhya Pradesh,Central,Hill Station & Waterfalls,1315,23.65,3,Train,5,Winter,Mid-Range 3-Star,10722,31410,15015,7036,3840,68023,4.5,Family Explorer
TRIP_00586,USR_108,Chennai,Diu,Daman and Diu,West,Beach & Portuguese Fort,1763,36.46,1,Car,3,Summer,Luxury Resort,31350,12484,6461,1372,2488,54155,4.4,Luxury Vacationer
TRIP_00587,USR_233,Mumbai,Havelock Island,Andaman & Nicobar,Islands,Beach & Scuba,1854,5.87,5,Flight,4,Autumn,Mid-Range 3-Star,43740,69830,15335,5054,7689,141648,5.0,Family Explorer
TRIP_00588,USR_173,Delhi,Manali,Himachal Pradesh,North,Hill Station & Adventure,530,3.46,4,Flight,4,Autumn,Mid-Range 3-Star,21510,27752,18758,4138,6590,78748,4.8,Family Explorer
TRIP_00589,USR_337,Jaipur,Diu,Daman and Diu,West,Beach & Portuguese Fort,1703,30.24,3,Train,1,Summer,Luxury Resort,3268,14406,4807,878,1250,24609,5.0,Luxury Vacationer
TRIP_00590,USR_123,Hyderabad,Varanasi,Uttar Pradesh,North,Spiritual & Heritage,1200,24.82,3,Car,2,Winter,Budget Hotel,24216,4701,2916,884,2636,35353,4.9,Frequent Nomad
TRIP_00591,USR_149,Kolkata,Alleppey,Kerala,South,Backwaters & Houseboat,1462,25.06,1,Train,2,Autumn,Homestay,6427,3420,869,2007,691,13414,4.2,Frequent Nomad
TRIP_00592,USR_138,Chennai,Alleppey,Kerala,South,Backwaters & Houseboat,685,12.27,2,Train,1,Monsoon,Luxury Resort,1199,15612,4442,481,1019,22753,5.0,Luxury Vacationer
TRIP_00593,USR_183,Pune,Haridwar,Uttarakhand,North,Spiritual & Heritage,884,23.18,3,Bus,4,Autumn,Luxury Resort,6919,35838,18172,2797,3295,67021,4.1,Luxury Vacationer
TRIP_00594,USR_333,Hyderabad,Havelock Island,Andaman & Nicobar,Islands,Beach & Scuba,1823,30.89,5,Train,4,Winter,Luxury Resort,11940,123570,36901,5847,12901,191159,4.5,Luxury Vacationer
TRIP_00595,USR_167,Mumbai,Puri,Odisha,East,Coastal & Spiritual,1459,5.15,3,Flight,2,Monsoon,Luxury Resort,13642,10080,12219,880,1532,38353,4.2,Luxury Vacationer
TRIP_00596,USR_133,Kochi,Leh-Ladakh,Ladakh,North,Adventure & Mountain,1188,4.66,4,Flight,2,Autumn,Mid-Range 3-Star,14810,26264,8918,3274,3306,56572,5.0,Frequent Nomad
TRIP_00597,USR_143,Hyderabad,Rameshwaram,Tamil Nadu,South,Coastal & Spiritual,1456,5.15,2,Flight,1,Summer,Luxury Resort,7374,7910,3351,612,1534,20781,4.9,Luxury Vacationer
TRIP_00598,USR_212,Bengaluru,Gangtok,Sikkim,Northeast,Hill Station & Monastery,533,9.92,4,Train,1,Autumn,Luxury Resort,843,29940,9054,817,2080,42734,4.3,Luxury Vacationer
TRIP_00599,USR_173,Mumbai,Varanasi,Uttar Pradesh,North,Spiritual & Heritage,1500,26.34,3,Train,4,Monsoon,Homestay,13046,8370,6093,3198,1227,31934,4.3,Budget Traveler
TRIP_00600,USR_297,Kochi,Haridwar,Uttarakhand,North,Spiritual & Heritage,643,11.26,4,Train,2,Monsoon,Budget Hotel,2526,3956,5082,969,518,13051,4.9,Budget Traveler
TRIP_00601,USR_313,Kochi,Jaisalmer,Rajasthan,North,Desert & Heritage,1736,35.9,3,Car,2,Monsoon,Budget Hotel,31276,4737,2915,3968,3675,46571,5.0,Luxury Vacationer
TRIP_00602,USR_305,Chandigarh,Udaipur,Rajasthan,North,Heritage & Romance,882,16.4,4,Train,2,Winter,Mid-Range 3-Star,2504,23344,5882,3943,2028,37701,5.0,Frequent Nomad
TRIP_00603,USR_146,Delhi,Bandipur,Karnataka,South,Wildlife Safari,1266,33.2,3,Bus,6,Winter,Budget Hotel,13707,30159,10509,12357,4308,71040,4.9,Budget Traveler
TRIP_00604,USR_131,Kolkata,Gangtok,Sikkim,Northeast,Hill Station & Monastery,670,13.86,4,Car,2,Autumn,Mid-Range 3-Star,14638,18100,5984,1327,2583,42632,5.0,Frequent Nomad
TRIP_00605,USR_200,Kochi,Leh-Ladakh,Ladakh,North,Adventure & Mountain,1603,27.35,5,Train,2,Autumn,Luxury Resort,5918,62905,19209,1680,5326,95038,4.9,Luxury Vacationer
TRIP_00606,USR_219,Delhi,Diu,Daman and Diu,West,Beach & Portuguese Fort,1855,5.87,2,Flight,1,Summer,Luxury Resort,9369,11202,3001,463,2076,26111,4.6,Luxury Vacationer
TRIP_00607,USR_177,Mumbai,Udaipur,Rajasthan,North,Heritage & Romance,750,19.67,1,Bus,2,Monsoon,Homestay,3048,2982,728,1823,313,8894,4.5,Frequent Nomad
TRIP_00608,USR_209,Pune,Shimla,Himachal Pradesh,North,Hill Station,1401,28.98,3,Car,2,Monsoon,Mid-Range 3-Star,25628,7821,4541,1429,1934,41353,3.7,Frequent Nomad
TRIP_00609,USR_201,Chennai,Manali,Himachal Pradesh,North,Hill Station & Adventure,2600,7.23,4,Flight,2,Autumn,Mid-Range 3-Star,27777,14544,8629,3208,3081,57239,4.8,Frequent Nomad
TRIP_00610,USR_336,Mumbai,Gokarna,Karnataka,South,Beach & Spiritual,680,3.74,2,Flight,1,Summer,Budget Hotel,5204,2758,1222,941,370,10495,4.3,Frequent Nomad
TRIP_00611,USR_130,Chennai,Varanasi,Uttar Pradesh,North,Spiritual & Heritage,1850,32.02,4,Train,1,Autumn,Luxury Resort,3978,25152,8489,1042,3703,42364,4.9,Luxury Vacationer
TRIP_00612,USR_193,Pune,Wayanad,Kerala,South,Nature & Wildlife,629,11.19,3,Train,1,Summer,Homestay,913,5841,1923,779,684,10140,5.0,Budget Traveler
TRIP_00613,USR_267,Delhi,Ranthambore,Rajasthan,North,Wildlife Safari,380,6.96,2,Train,3,Summer,Luxury Resort,2250,33280,9238,8502,2986,56256,4.2,Luxury Vacationer
TRIP_00614,USR_225,Kochi,Munnar,Kerala,South,Hill Station,130,3.41,4,Bus,2,Autumn,Homestay,923,9988,4801,941,1222,17875,4.7,Budget Traveler
TRIP_00615,USR_283,Pune,Mount Abu,Rajasthan,North,Hill Station & Temple,880,16.27,1,Train,1,Autumn,Mid-Range 3-Star,1522,3177,956,1547,533,7735,5.0,Luxury Vacationer
TRIP_00616,USR_323,Kochi,Pondicherry,Puducherry,South,Beach & French Heritage,1912,33.16,1,Train,6,Winter,Luxury Resort,20378,23646,10328,8675,2555,65582,4.7,Luxury Vacationer
TRIP_00617,USR_260,Hyderabad,Chikmagalur,Karnataka,South,Hill Station & Coffee,1878,49.25,3,Bus,3,Autumn,Budget Hotel,12733,11112,4416,3125,2126,33512,4.5,Budget Traveler
TRIP_00618,USR_276,Hyderabad,Havelock Island,Andaman & Nicobar,Islands,Beach & Scuba,1914,5.98,2,Flight,2,Autumn,Homestay,22012,10834,1868,3508,2747,40969,5.0,Luxury Vacationer
TRIP_00619,USR_193,Kochi,Varanasi,Uttar Pradesh,North,Spiritual & Heritage,1723,35.63,2,Car,1,Summer,Mid-Range 3-Star,30774,5024,1573,890,3274,41535,4.6,Luxury Vacationer
TRIP_00620,USR_342,Kochi,Wayanad,Kerala,South,Nature & Wildlife,250,5.17,3,Car,4,Summer,Homestay,6472,13752,5138,2844,2322,30528,4.8,Budget Traveler
TRIP_00621,USR_229,Chennai,Goa,Goa,West,Beach & Nightlife,910,4.15,2,Flight,1,Monsoon,Luxury Resort,5079,12156,4148,1838,1862,25083,5.0,Luxury Vacationer
TRIP_00622,USR_297,Chennai,Bandipur,Karnataka,South,Wildlife Safari,520,10.51,2,Train,3,Monsoon,Budget Hotel,3622,9048,2888,6964,725,23247,4.4,Budget Traveler
TRIP_00623,USR_128,Chandigarh,Spiti Valley,Himachal Pradesh,North,Adventure & Mountain,658,3.7,6,Flight,1,Winter,Budget Hotel,5005,9744,2469,1328,1420,19966,4.9,Budget Traveler
TRIP_00624,USR_296,Jaipur,Gangtok,Sikkim,Northeast,Hill Station & Monastery,1950,6.05,6,Flight,1,Winter,Homestay,10691,17004,2347,1008,1951,33001,4.6,Frequent Nomad
TRIP_00625,USR_297,Chennai,Darjeeling,West Bengal,East,Hill Station & Tea,1420,24.6,2,Train,3,Monsoon,Homestay,6989,6128,3458,3848,813,21236,4.8,Budget Traveler
TRIP_00626,USR_293,Jaipur,Mount Abu,Rajasthan,North,Hill Station & Temple,495,8.96,2,Train,4,Summer,Luxury Resort,3705,22876,15604,5560,2603,50348,4.4,Luxury Vacationer
TRIP_00627,USR_108,Kochi,Agra,Uttar Pradesh,North,Heritage & Monument,470,9.72,1,Car,2,Winter,Budget Hotel,9276,1677,960,2278,1135,15326,5.0,Luxury Vacationer
TRIP_00628,USR_139,Chandigarh,Coorg,Karnataka,South,Nature & Coffee,1743,30.18,3,Train,4,Monsoon,Mid-Range 3-Star,10934,20574,10464,6417,3216,51605,4.7,Family Explorer
TRIP_00629,USR_138,Pune,Chikmagalur,Karnataka,South,Hill Station & Coffee,1768,31.3,5,Train,1,Summer,Luxury Resort,3684,35645,11689,665,2963,54646,4.5,Luxury Vacationer
TRIP_00630,USR_110,Jaipur,Mahabaleshwar,Maharashtra,West,Hill Station,1248,22.08,4,Train,2,Summer,Mid-Range 3-Star,4444,12476,6849,2427,984,27180,4.4,Frequent Nomad
TRIP_00631,USR_328,Jaipur,Bodh Gaya,Bihar,East,Spiritual & Buddhist Heritage,979,4.28,1,Flight,1,Summer,Mid-Range 3-Star,6710,2309,755,747,758,11279,5.0,Luxury Vacationer
TRIP_00632,USR_191,Bengaluru,Coorg,Karnataka,South,Nature & Coffee,250,5.17,1,Car,4,Winter,Luxury Resort,5422,15692,10318,6830,2323,40585,5.0,Luxury Vacationer
TRIP_00633,USR_329,Jaipur,Havelock Island,Andaman & Nicobar,Islands,Beach & Scuba,928,4.19,2,Flight,2,Monsoon,Mid-Range 3-Star,11605,9346,4229,3117,1792,30089,5.0,Luxury Vacationer
TRIP_00634,USR_164,Bengaluru,Amritsar,Punjab,North,Spiritual & Heritage,1507,5.24,2,Flight,2,Summer,Mid-Range 3-Star,15100,5296,3651,821,1574,26442,4.4,Frequent Nomad
TRIP_00635,USR_134,Kochi,Gokarna,Karnataka,South,Beach & Spiritual,1363,23.77,3,Train,1,Winter,Luxury Resort,2422,17631,5621,898,1679,28251,4.8,Luxury Vacationer
TRIP_00636,USR_213,Kochi,Tawang,Arunachal Pradesh,Northeast,Himalayan & Monastery,1303,4.87,7,Flight,3,Summer,Homestay,21726,32550,10233,3483,4628,72620,4.2,Budget Traveler
TRIP_00637,USR_278,Delhi,Jaisalmer,Rajasthan,North,Desert & Heritage,790,13.72,2,Train,4,Autumn,Homestay,5442,14448,5084,4683,1180,30837,4.3,Budget Traveler
TRIP_00638,USR_247,Kolkata,Kodaikanal,Tamil Nadu,South,Hill Station,1520,5.26,3,Flight,5,Summer,Budget Hotel,43046,12267,6614,6938,3005,71870,4.9,Family Explorer
TRIP_00639,USR_251,Pune,Coorg,Karnataka,South,Nature & Coffee,1074,4.45,2,Flight,2,Monsoon,Homestay,12365,3842,1402,1126,751,19486,4.6,Frequent Nomad
TRIP_00640,USR_224,Chandigarh,Wayanad,Kerala,South,Nature & Wildlife,1608,5.42,4,Flight,1,Autumn,Mid-Range 3-Star,9423,17460,4240,1405,2187,34715,4.4,Luxury Vacationer
TRIP_00641,USR_218,Kochi,Rann of Kutch,Gujarat,West,Desert & Culture,1369,24.62,1,Train,1,Summer,Mid-Range 3-Star,2562,4191,1011,1696,468,9928,4.9,Luxury Vacationer
TRIP_00642,USR_112,Kochi,Rameshwaram,Tamil Nadu,South,Coastal & Spiritual,1018,4.35,3,Flight,4,Winter,Homestay,28247,13422,7066,3893,2311,54939,4.3,Family Explorer
TRIP_00643,USR_244,Bengaluru,Hampi,Karnataka,South,Heritage & Archaeology,340,8.92,1,Bus,3,Winter,Homestay,2591,3970,1066,3291,745,11663,4.9,Budget Traveler
TRIP_00644,USR_171,Delhi,Darjeeling,West Bengal,East,Hill Station & Tea,1895,32.21,3,Train,1,Autumn,Mid-Range 3-Star,2500,10863,3392,948,1087,18790,4.4,Frequent Nomad
TRIP_00645,USR_321,Jaipur,Amritsar,Punjab,North,Spiritual & Heritage,1232,25.48,1,Car,2,Monsoon,Budget Hotel,21783,1005,786,815,1376,25765,4.8,Luxury Vacationer
TRIP_00646,USR_205,Mumbai,Coorg,Karnataka,South,Nature & Coffee,1708,5.61,2,Flight,2,Monsoon,Homestay,14503,3610,1867,1886,1187,23053,4.2,Frequent Nomad
TRIP_00647,USR_197,Bengaluru,Coorg,Karnataka,South,Nature & Coffee,250,5.17,4,Car,1,Summer,Homestay,6627,11032,2302,595,871,21427,4.1,Frequent Nomad
TRIP_00648,USR_219,Jaipur,Mount Abu,Rajasthan,North,Hill Station & Temple,495,9.48,1,Train,4,Winter,Luxury Resort,4604,15104,5689,4453,1170,31020,4.1,Luxury Vacationer
TRIP_00649,USR_296,Jaipur,Diu,Daman and Diu,West,Beach & Portuguese Fort,707,14.62,2,Car,4,Monsoon,Luxury Resort,15312,18372,18715,3988,2624,59011,4.7,Luxury Vacationer
TRIP_00650,USR_163,Jaipur,Ranthambore,Rajasthan,North,Wildlife Safari,160,3.31,2,Car,5,Autumn,Budget Hotel,4115,15558,4367,10106,2308,36454,5.0,Budget Traveler
TRIP_00651,USR_224,Kolkata,Havelock Island,Andaman & Nicobar,Islands,Beach & Scuba,963,4.25,4,Flight,3,Autumn,Mid-Range 3-Star,19199,63088,13444,2334,6896,104961,4.6,Luxury Vacationer
TRIP_00652,USR_118,Kolkata,Manali,Himachal Pradesh,North,Hill Station & Adventure,1259,4.79,4,Flight,1,Winter,Homestay,8586,11252,2453,1169,1964,25424,5.0,Frequent Nomad
TRIP_00653,USR_327,Hyderabad,Kovalam,Kerala,South,Beach & Wellness,985,4.29,4,Flight,1,Autumn,Mid-Range 3-Star,7416,16092,3483,1087,1105,29183,4.0,Frequent Nomad
TRIP_00654,USR_278,Mumbai,Diu,Daman and Diu,West,Beach & Portuguese Fort,780,16.13,2,Car,4,Winter,Luxury Resort,13994,20784,16535,3874,3261,58448,4.6,Luxury Vacationer
TRIP_00655,USR_121,Bengaluru,Kaziranga,Assam,Northeast,Wildlife Safari,513,10.06,4,Train,2,Autumn,Mid-Range 3-Star,1878,25004,8005,4194,3094,42175,4.7,Frequent Nomad
TRIP_00656,USR_103,Bengaluru,Jaisalmer,Rajasthan,North,Desert & Heritage,1208,4.7,3,Flight,3,Summer,Luxury Resort,21659,34740,20790,4665,3974,85828,5.0,Luxury Vacationer
TRIP_00657,USR_309,Chandigarh,Kovalam,Kerala,South,Beach & Wellness,1070,4.45,4,Flight,3,Summer,Homestay,21017,22984,4332,3643,3690,55666,4.8,Family Explorer
TRIP_00658,USR_102,Delhi,Kovalam,Kerala,South,Beach & Wellness,1261,22.82,2,Train,4,Winter,Luxury Resort,7532,28616,18292,4415,2750,61605,4.2,Luxury Vacationer
TRIP_00659,USR_251,Mumbai,Rameshwaram,Tamil Nadu,South,Coastal & Spiritual,583,12.06,2,Car,6,Summer,Mid-Range 3-Star,13034,17664,12773,7903,1799,53173,5.0,Family Explorer
TRIP_00660,USR_349,Jaipur,Spiti Valley,Himachal Pradesh,North,Adventure & Mountain,967,4.26,6,Flight,3,Autumn,Budget Hotel,20791,25704,11392,4602,3817,66306,5.0,Budget Traveler
TRIP_00661,USR_205,Kolkata,Jaipur,Rajasthan,North,Heritage & Culture,1500,26.24,4,Train,1,Autumn,Budget Hotel,2253,10228,1733,1490,572,16276,5.0,Frequent Nomad
TRIP_00662,USR_150,Hyderabad,Manali,Himachal Pradesh,North,Hill Station & Adventure,1621,29.0,2,Train,1,Winter,Homestay,2713,6080,744,772,559,10868,4.6,Frequent Nomad
TRIP_00663,USR_261,Bengaluru,Munnar,Kerala,South,Hill Station,475,9.06,4,Train,4,Autumn,Budget Hotel,3950,17464,7204,2543,1554,32715,4.7,Budget Traveler
TRIP_00664,USR_188,Chennai,Mahabaleshwar,Maharashtra,West,Hill Station,1514,31.31,4,Car,2,Summer,Budget Hotel,31607,7744,4300,1178,1904,46733,4.7,Frequent Nomad
TRIP_00665,USR_109,Pune,Amritsar,Punjab,North,Spiritual & Heritage,1870,32.84,1,Train,4,Winter,Budget Hotel,12550,3802,1761,1515,1460,21088,5.0,Family Explorer
TRIP_00666,USR_244,Chennai,Alleppey,Kerala,South,Backwaters & Houseboat,685,14.17,2,Car,4,Autumn,Luxury Resort,14445,30756,16955,2046,3918,68120,4.4,Luxury Vacationer
TRIP_00667,USR_304,Pune,Spiti Valley,Himachal Pradesh,North,Adventure & Mountain,1718,29.64,7,Train,4,Winter,Budget Hotel,10876,25438,11416,4518,2102,54350,5.0,Budget Traveler
TRIP_00668,USR_303,Delhi,Madurai,Tamil Nadu,South,Heritage & Temple,708,14.64,3,Car,3,Monsoon,Mid-Range 3-Star,15388,11754,7394,1381,2027,37944,4.9,Family Explorer
TRIP_00669,USR_212,Jaipur,Diu,Daman and Diu,West,Beach & Portuguese Fort,1182,4.65,2,Flight,1,Monsoon,Homestay,5986,2924,905,371,737,10923,4.6,Frequent Nomad
TRIP_00670,USR_274,Mumbai,Coorg,Karnataka,South,Nature & Coffee,936,24.54,2,Bus,2,Winter,Luxury Resort,4853,16040,8674,1024,1518,32109,4.1,Luxury Vacationer
TRIP_00671,USR_222,Kochi,Havelock Island,Andaman & Nicobar,Islands,Beach & Scuba,1868,5.9,3,Flight,2,Monsoon,Mid-Range 3-Star,16319,15648,4686,3166,1558,41377,5.0,Frequent Nomad
TRIP_00672,USR_157,Chennai,Kovalam,Kerala,South,Beach & Wellness,906,18.74,2,Car,4,Summer,Luxury Resort,17308,29396,20344,4991,3507,75546,3.9,Luxury Vacationer
TRIP_00673,USR_148,Chennai,Khajuraho,Madhya Pradesh,Central,Heritage & Art,470,8.87,2,Train,2,Winter,Budget Hotel,1800,2642,2157,1842,650,9091,4.5,Budget Traveler
TRIP_00674,USR_151,Delhi,Alleppey,Kerala,South,Backwaters & Houseboat,806,3.97,3,Flight,3,Summer,Mid-Range 3-Star,15986,26256,8795,1357,4622,57016,5.0,Family Explorer
TRIP_00675,USR_334,Bengaluru,Munnar,Kerala,South,Hill Station,475,9.82,3,Car,2,Summer,Luxury Resort,10961,21018,9913,1992,2611,46495,4.8,Luxury Vacationer
TRIP_00676,USR_144,Jaipur,Spiti Valley,Himachal Pradesh,North,Adventure & Mountain,1338,22.98,6,Train,2,Winter,Homestay,3972,16104,5561,2351,2528,30516,4.9,Budget Traveler
TRIP_00677,USR_163,Chennai,Mussoorie,Uttarakhand,North,Hill Station,1711,35.39,3,Car,2,Summer,Mid-Range 3-Star,32277,10941,6586,3105,4885,57794,4.1,Luxury Vacationer
TRIP_00678,USR_327,Kochi,Gokarna,Karnataka,South,Beach & Spiritual,1939,6.03,1,Flight,4,Winter,Luxury Resort,43926,12762,6403,5435,5367,73893,4.1,Luxury Vacationer
TRIP_00679,USR_196,Kochi,Jodhpur,Rajasthan,North,Heritage & Culture,1400,24.32,2,Train,2,Summer,Mid-Range 3-Star,4877,7154,4711,3021,1310,21073,4.1,Frequent Nomad
TRIP_00680,USR_303,Chandigarh,Diu,Daman and Diu,West,Beach & Portuguese Fort,524,10.84,2,Car,2,Summer,Homestay,10596,4448,1662,1636,825,19167,4.5,Frequent Nomad
TRIP_00681,USR_316,Hyderabad,Shillong,Meghalaya,Northeast,Nature & Waterfalls,1577,5.37,3,Flight,1,Winter,Homestay,9077,8508,1516,483,1351,20935,4.6,Frequent Nomad
TRIP_00682,USR_187,Pune,Chikmagalur,Karnataka,South,Hill Station & Coffee,1407,5.06,2,Flight,3,Autumn,Luxury Resort,25819,29656,10365,2738,3682,72260,4.9,Luxury Vacationer
TRIP_00683,USR_120,Hyderabad,Manali,Himachal Pradesh,North,Hill Station & Adventure,1053,21.78,5,Car,6,Winter,Mid-Range 3-Star,19922,66120,21574,4776,6430,118822,4.2,Family Explorer
TRIP_00684,USR_178,Kolkata,Hampi,Karnataka,South,Heritage & Archaeology,1895,5.95,2,Flight,3,Summer,Mid-Range 3-Star,27275,7584,6666,2875,2671,47071,4.4,Luxury Vacationer
TRIP_00685,USR_249,Chennai,Srinagar,Jammu & Kashmir,North,Lakes & Paradise Valley,1789,5.75,5,Flight,4,Summer,Luxury Resort,36918,68580,33037,4557,10134,153226,4.9,Luxury Vacationer
TRIP_00686,USR_220,Kochi,Mahabaleshwar,Maharashtra,West,Hill Station,625,12.93,4,Car,3,Monsoon,Homestay,14681,15392,5779,1692,1732,39276,5.0,Budget Traveler
TRIP_00687,USR_324,Mumbai,Wayanad,Kerala,South,Nature & Wildlife,469,9.53,1,Train,1,Autumn,Mid-Range 3-Star,889,3790,1042,1394,413,7528,4.8,Luxury Vacationer
TRIP_00688,USR_184,Chandigarh,Munnar,Kerala,South,Hill Station,1612,28.75,4,Train,6,Winter,Homestay,21161,38904,12490,10357,5400,88312,4.6,Budget Traveler
TRIP_00689,USR_201,Pune,Gokarna,Karnataka,South,Beach & Spiritual,540,11.17,3,Car,3,Autumn,Budget Hotel,10584,9222,4687,4121,1116,29730,4.4,Budget Traveler
TRIP_00690,USR_127,Jaipur,Rishikesh,Uttarakhand,North,Spiritual & Adventure,515,10.65,3,Car,4,Autumn,Budget Hotel,10664,8424,5221,4905,1074,30288,4.9,Budget Traveler
TRIP_00691,USR_115,Hyderabad,Jodhpur,Rajasthan,North,Heritage & Culture,472,9.76,4,Car,2,Summer,Mid-Range 3-Star,10188,15852,6042,2830,1415,36327,5.0,Frequent Nomad
TRIP_00692,USR_345,Delhi,Udaipur,Rajasthan,North,Heritage & Romance,660,11.96,2,Train,2,Summer,Luxury Resort,2567,16732,7089,3624,1782,31794,4.9,Luxury Vacationer
TRIP_00693,USR_152,Chennai,Agra,Uttar Pradesh,North,Heritage & Monument,2000,33.93,1,Train,4,Autumn,Luxury Resort,11977,13896,7178,7264,2239,42554,4.5,Luxury Vacationer
TRIP_00694,USR_111,Bengaluru,Alleppey,Kerala,South,Backwaters & Houseboat,580,12.0,2,Car,2,Autumn,Mid-Range 3-Star,12289,10444,4026,1463,1470,29692,4.4,Frequent Nomad
TRIP_00695,USR_331,Chandigarh,Tawang,Arunachal Pradesh,Northeast,Himalayan & Monastery,1334,4.93,4,Flight,3,Autumn,Luxury Resort,23768,74336,24988,4781,6693,134566,4.9,Luxury Vacationer
TRIP_00696,USR_323,Mumbai,Leh-Ladakh,Ladakh,North,Adventure & Mountain,1736,5.66,5,Flight,4,Monsoon,Budget Hotel,32525,22550,8303,8051,4637,76066,5.0,Budget Traveler
TRIP_00697,USR_195,Bengaluru,Mussoorie,Uttarakhand,North,Hill Station,665,3.71,3,Flight,2,Monsoon,Luxury Resort,8763,15855,12043,1114,2994,40769,4.0,Luxury Vacationer
TRIP_00698,USR_292,Kochi,Mysore,Karnataka,South,Heritage & Palaces,1153,4.6,1,Flight,4,Autumn,Homestay,27821,4028,1537,4100,2835,40321,4.6,Luxury Vacationer
TRIP_00699,USR_225,Kochi,Goa,Goa,West,Beach & Nightlife,750,13.82,5,Train,5,Winter,Homestay,6727,58845,12280,3886,7030,88768,5.0,Budget Traveler
TRIP_00700,USR_256,Bengaluru,Rishikesh,Uttarakhand,North,Spiritual & Adventure,1052,18.84,3,Train,2,Winter,Luxury Resort,4096,15135,8480,1939,1404,31054,4.9,Luxury Vacationer
TRIP_00701,USR_283,Chennai,Haridwar,Uttarakhand,North,Spiritual & Heritage,1540,5.3,1,Flight,2,Summer,Luxury Resort,16987,4900,4747,2319,2498,31451,4.9,Luxury Vacationer
TRIP_00702,USR_200,Kolkata,Chikmagalur,Karnataka,South,Hill Station & Coffee,557,9.86,5,Train,2,Winter,Luxury Resort,2568,43975,18495,1036,4247,70321,4.3,Luxury Vacationer
TRIP_00703,USR_104,Hyderabad,Hampi,Karnataka,South,Heritage & Archaeology,375,3.18,2,Flight,1,Winter,Homestay,3790,4232,1201,1328,393,10944,5.0,Frequent Nomad
TRIP_00704,USR_232,Bengaluru,Amritsar,Punjab,North,Spiritual & Heritage,1110,19.94,2,Train,1,Summer,Luxury Resort,1602,12226,3313,508,1099,18748,4.0,Luxury Vacationer
TRIP_00705,USR_181,Chennai,Mysore,Karnataka,South,Heritage & Palaces,480,9.93,2,Car,2,Summer,Luxury Resort,10190,8630,8594,3023,1772,32209,5.0,Luxury Vacationer
TRIP_00706,USR_297,Chandigarh,Gangtok,Sikkim,Northeast,Hill Station & Monastery,658,11.84,4,Train,2,Summer,Budget Hotel,3041,7068,4471,3256,1190,19026,4.6,Budget Traveler
TRIP_00707,USR_186,Mumbai,Kovalam,Kerala,South,Beach & Wellness,1858,38.43,4,Car,1,Monsoon,Luxury Resort,34011,19200,7754,1260,4280,66505,4.7,Luxury Vacationer
TRIP_00708,USR_281,Chennai,Pondicherry,Puducherry,South,Beach & French Heritage,150,3.93,3,Bus,3,Winter,Budget Hotel,1573,11424,5194,1347,1136,20674,4.4,Budget Traveler
TRIP_00709,USR_176,Delhi,Agra,Uttar Pradesh,North,Heritage & Monument,230,4.76,5,Car,2,Autumn,Homestay,6716,12320,6465,4371,1225,31097,5.0,Budget Traveler
TRIP_00710,USR_182,Chennai,Jodhpur,Rajasthan,North,Heritage & Culture,1299,23.28,2,Train,2,Monsoon,Homestay,4192,4554,1690,3861,833,15130,4.9,Budget Traveler
TRIP_00711,USR_164,Delhi,Havelock Island,Andaman & Nicobar,Islands,Beach & Scuba,1231,21.29,4,Train,5,Monsoon,Budget Hotel,10859,25968,12721,8530,4771,62849,5.0,Budget Traveler
TRIP_00712,USR_133,Bengaluru,Rishikesh,Uttarakhand,North,Spiritual & Adventure,1663,28.57,3,Train,2,Summer,Budget Hotel,5689,3855,2395,1876,911,14726,4.3,Budget Traveler
TRIP_00713,USR_178,Kolkata,Madurai,Tamil Nadu,South,Heritage & Temple,1368,4.99,2,Flight,2,Summer,Mid-Range 3-Star,14930,5288,4702,1629,1700,28249,4.7,Frequent Nomad
TRIP_00714,USR_209,Jaipur,Spiti Valley,Himachal Pradesh,North,Adventure & Mountain,1337,4.93,6,Flight,4,Summer,Luxury Resort,28948,54360,58196,6478,10713,158695,5.0,Luxury Vacationer
TRIP_00715,USR_140,Jaipur,Tawang,Arunachal Pradesh,Northeast,Himalayan & Monastery,809,14.55,5,Train,3,Monsoon,Mid-Range 3-Star,4181,28800,15045,1724,3273,53023,4.4,Family Explorer
TRIP_00716,USR_140,Delhi,Ooty,Tamil Nadu,South,Hill Station,2400,41.79,3,Train,3,Winter,Mid-Range 3-Star,15088,21612,10531,2980,3276,53487,4.5,Family Explorer
TRIP_00717,USR_265,Chandigarh,Goa,Goa,West,Beach & Nightlife,1287,23.44,5,Train,1,Winter,Budget Hotel,2349,13280,2041,937,1674,20281,5.0,Frequent Nomad
TRIP_00718,USR_285,Hyderabad,Puri,Odisha,East,Coastal & Spiritual,1902,49.87,2,Bus,1,Autumn,Mid-Range 3-Star,4167,6314,2326,590,538,13935,4.1,Frequent Nomad
TRIP_00719,USR_309,Hyderabad,Kovalam,Kerala,South,Beach & Wellness,1897,33.16,5,Train,2,Winter,Homestay,6408,13575,5543,2155,2478,30159,4.8,Budget Traveler
TRIP_00720,USR_316,Mumbai,Ooty,Tamil Nadu,South,Hill Station,689,14.25,2,Car,1,Winter,Luxury Resort,14469,13158,4044,935,2843,35449,4.4,Luxury Vacationer
TRIP_00721,USR_165,Kolkata,Puri,Odisha,East,Coastal & Spiritual,500,10.34,4,Car,6,Autumn,Mid-Range 3-Star,12314,38316,27233,5922,6840,90625,5.0,Family Explorer
TRIP_00722,USR_309,Mumbai,Leh-Ladakh,Ladakh,North,Adventure & Mountain,879,16.2,7,Train,2,Autumn,Budget Hotel,3701,24472,4906,2934,2365,38378,5.0,Budget Traveler
TRIP_00723,USR_268,Kolkata,Tawang,Arunachal Pradesh,Northeast,Himalayan & Monastery,1332,4.92,2,Flight,1,Summer,Homestay,7606,4440,818,1565,862,15291,4.8,Luxury Vacationer
TRIP_00724,USR_309,Delhi,Rishikesh,Uttarakhand,North,Spiritual & Adventure,240,6.29,2,Bus,3,Summer,Budget Hotel,2204,5760,2445,4780,691,15880,4.6,Budget Traveler
TRIP_00725,USR_334,Chandigarh,Shimla,Himachal Pradesh,North,Hill Station,110,2.45,2,Train,1,Summer,Budget Hotel,309,3258,905,1061,359,5892,4.2,Budget Traveler
TRIP_00726,USR_126,Chennai,Coorg,Karnataka,South,Nature & Coffee,585,11.38,4,Train,2,Monsoon,Budget Hotel,2535,6940,2900,2763,773,15911,4.5,Budget Traveler
TRIP_00727,USR_234,Kolkata,Gangtok,Sikkim,Northeast,Hill Station & Monastery,670,13.86,4,Car,2,Autumn,Mid-Range 3-Star,14310,16540,6972,1410,2332,41564,4.7,Frequent Nomad
TRIP_00728,USR_203,Pune,Spiti Valley,Himachal Pradesh,North,Adventure & Mountain,567,14.87,9,Bus,1,Monsoon,Mid-Range 3-Star,1052,25326,10217,1462,3494,41551,4.5,Frequent Nomad
TRIP_00729,USR_107,Chandigarh,Jaipur,Rajasthan,North,Heritage & Culture,510,10.43,3,Train,3,Monsoon,Homestay,3137,12000,4928,4442,1028,25535,5.0,Budget Traveler
TRIP_00730,USR_264,Hyderabad,Munnar,Kerala,South,Hill Station,1747,5.68,3,Flight,4,Monsoon,Budget Hotel,32721,10506,6640,4335,4206,58408,5.0,Family Explorer
TRIP_00731,USR_304,Bengaluru,Jim Corbett,Uttarakhand,North,Wildlife Safari,1326,24.08,2,Train,4,Autumn,Budget Hotel,8367,12892,3268,6611,1822,32960,4.5,Family Explorer
TRIP_00732,USR_320,Jaipur,Kodaikanal,Tamil Nadu,South,Hill Station,711,18.64,2,Bus,4,Autumn,Budget Hotel,6788,6368,4116,2746,1153,21171,4.5,Budget Traveler
TRIP_00733,USR_130,Kochi,Rann of Kutch,Gujarat,West,Desert & Culture,1557,26.82,3,Train,4,Summer,Homestay,11771,21282,4521,5957,1864,45395,4.8,Budget Traveler
TRIP_00734,USR_338,Hyderabad,Mysore,Karnataka,South,Heritage & Palaces,710,14.68,3,Car,4,Monsoon,Homestay,15717,9546,6614,6748,2486,41111,3.7,Budget Traveler
TRIP_00735,USR_226,Bengaluru,Pushkar,Rajasthan,North,Cultural & Desert,1131,4.56,1,Flight,1,Summer,Budget Hotel,6510,1331,565,757,660,9823,4.6,Luxury Vacationer
TRIP_00736,USR_244,Pune,Pondicherry,Puducherry,South,Beach & French Heritage,907,15.79,1,Train,4,Monsoon,Budget Hotel,6064,2488,2110,5926,792,17380,4.8,Family Explorer
TRIP_00737,USR_133,Hyderabad,Mysore,Karnataka,South,Heritage & Palaces,710,14.68,1,Car,2,Winter,Mid-Range 3-Star,14145,2654,2379,1890,1548,22616,4.5,Luxury Vacationer
TRIP_00738,USR_304,Mumbai,Jodhpur,Rajasthan,North,Heritage & Culture,990,17.16,3,Train,2,Summer,Budget Hotel,3496,5520,2360,4057,796,16229,5.0,Budget Traveler
TRIP_00739,USR_217,Mumbai,Havelock Island,Andaman & Nicobar,Islands,Beach & Scuba,1030,4.37,5,Flight,1,Summer,Budget Hotel,6075,15670,3235,1733,2058,28771,4.4,Frequent Nomad
TRIP_00740,USR_223,Delhi,Gangtok,Sikkim,Northeast,Hill Station & Monastery,1046,18.02,5,Train,1,Autumn,Mid-Range 3-Star,2079,17735,5620,762,2140,28336,5.0,Frequent Nomad
TRIP_00741,USR_337,Mumbai,Gangtok,Sikkim,Northeast,Hill Station & Monastery,1939,50.84,4,Bus,1,Autumn,Mid-Range 3-Star,4258,18520,4497,1156,1643,30074,5.0,Luxury Vacationer
TRIP_00742,USR_274,Kochi,Jim Corbett,Uttarakhand,North,Wildlife Safari,1251,4.77,3,Flight,4,Autumn,Budget Hotel,30775,18000,6706,8412,3530,67423,5.0,Family Explorer
TRIP_00743,USR_134,Hyderabad,Mussoorie,Uttarakhand,North,Hill Station,1638,29.07,4,Train,3,Winter,Mid-Range 3-Star,7070,31552,9225,2561,2329,52737,4.8,Family Explorer
TRIP_00744,USR_156,Delhi,Rameshwaram,Tamil Nadu,South,Coastal & Spiritual,1783,30.76,2,Train,1,Winter,Budget Hotel,3875,3374,788,812,727,9576,4.9,Frequent Nomad
TRIP_00745,USR_338,Chennai,Shimla,Himachal Pradesh,North,Hill Station,1178,4.64,5,Flight,4,Autumn,Homestay,28753,31110,10092,3885,3421,77261,4.8,Budget Traveler
TRIP_00746,USR_285,Pune,Darjeeling,West Bengal,East,Hill Station & Tea,519,13.61,2,Bus,3,Winter,Homestay,3359,9732,3173,4035,1407,21706,4.8,Budget Traveler
TRIP_00747,USR_304,Bengaluru,Bandipur,Karnataka,South,Wildlife Safari,220,5.46,1,Train,4,Autumn,Luxury Resort,2173,19956,7363,4428,2045,35965,4.4,Luxury Vacationer
TRIP_00748,USR_272,Jaipur,Pondicherry,Puducherry,South,Beach & French Heritage,497,10.28,3,Car,2,Autumn,Mid-Range 3-Star,10070,12753,5351,2486,1631,32291,4.0,Frequent Nomad
TRIP_00749,USR_133,Bengaluru,Amritsar,Punjab,North,Spiritual & Heritage,580,3.55,1,Flight,2,Summer,Luxury Resort,8307,5829,4134,2549,1266,22085,5.0,Luxury Vacationer
TRIP_00750,USR_233,Chandigarh,Kaziranga,Assam,Northeast,Wildlife Safari,1911,5.97,2,Flight,3,Winter,Homestay,33609,16964,2425,4395,3883,61276,5.0,Luxury Vacationer
TRIP_00751,USR_305,Hyderabad,Jaipur,Rajasthan,North,Heritage & Culture,1480,5.19,3,Flight,2,Winter,Homestay,18198,9105,2258,3515,1332,34408,4.9,Frequent Nomad
TRIP_00752,USR_132,Jaipur,Wayanad,Kerala,South,Nature & Wildlife,1194,21.03,4,Train,2,Summer,Budget Hotel,3264,6196,5069,1775,1046,17350,4.2,Budget Traveler
TRIP_00753,USR_136,Chandigarh,Gangtok,Sikkim,Northeast,Hill Station & Monastery,1873,32.5,5,Train,3,Monsoon,Mid-Range 3-Star,9774,29310,15659,1539,2310,58592,4.2,Family Explorer
TRIP_00754,USR_137,Kolkata,Gokarna,Karnataka,South,Beach & Spiritual,724,18.98,2,Bus,4,Summer,Mid-Range 3-Star,7044,9172,7288,2451,1856,27811,4.7,Family Explorer
TRIP_00755,USR_142,Pune,Jaisalmer,Rajasthan,North,Desert & Heritage,620,12.82,2,Car,3,Monsoon,Luxury Resort,11617,29940,12932,4021,4290,62800,4.0,Luxury Vacationer
TRIP_00756,USR_283,Hyderabad,Madurai,Tamil Nadu,South,Heritage & Temple,1796,37.14,2,Car,2,Summer,Luxury Resort,33877,10294,7418,1389,2899,55877,4.2,Luxury Vacationer
TRIP_00757,USR_237,Bengaluru,Haridwar,Uttarakhand,North,Spiritual & Heritage,1573,32.53,3,Car,3,Autumn,Budget Hotel,29019,8172,5250,3773,2394,48608,4.5,Family Explorer
TRIP_00758,USR_126,Pune,Pondicherry,Puducherry,South,Beach & French Heritage,1225,4.73,3,Flight,2,Winter,Budget Hotel,16237,5415,2651,1953,1743,27999,4.7,Frequent Nomad
TRIP_00759,USR_280,Chandigarh,Alleppey,Kerala,South,Backwaters & Houseboat,1579,27.73,3,Train,3,Monsoon,Budget Hotel,10169,9384,4201,4023,2329,30106,4.9,Budget Traveler
TRIP_00760,USR_237,Jaipur,Havelock Island,Andaman & Nicobar,Islands,Beach & Scuba,1274,4.82,3,Flight,6,Autumn,Homestay,49648,39483,10151,5210,7352,111844,4.8,Family Explorer
TRIP_00761,USR_169,Chennai,Tawang,Arunachal Pradesh,Northeast,Himalayan & Monastery,1759,36.38,5,Car,2,Monsoon,Homestay,35032,10465,4816,2030,2878,55221,5.0,Frequent Nomad
TRIP_00762,USR_344,Pune,Jodhpur,Rajasthan,North,Heritage & Culture,1921,32.97,3,Train,3,Summer,Budget Hotel,9474,12660,3994,2207,2189,30524,5.0,Budget Traveler
TRIP_00763,USR_342,Bengaluru,Varanasi,Uttar Pradesh,North,Spiritual & Heritage,1628,5.46,3,Flight,1,Winter,Budget Hotel,9602,4743,1493,1454,1036,18328,5.0,Frequent Nomad
TRIP_00764,USR_231,Mumbai,Srinagar,Jammu & Kashmir,North,Lakes & Paradise Valley,1469,5.17,4,Flight,3,Winter,Luxury Resort,25494,58824,28772,2733,8149,123972,5.0,Luxury Vacationer
TRIP_00765,USR_189,Delhi,Rameshwaram,Tamil Nadu,South,Coastal & Spiritual,1804,5.78,2,Flight,6,Winter,Luxury Resort,62917,42648,29499,3420,6011,144495,5.0,Luxury Vacationer
TRIP_00766,USR_315,Mumbai,Puri,Odisha,East,Coastal & Spiritual,1173,4.63,3,Flight,2,Winter,Luxury Resort,14462,16941,15382,2229,4206,53220,4.0,Luxury Vacationer
TRIP_00767,USR_318,Bengaluru,Alleppey,Kerala,South,Backwaters & Houseboat,580,3.55,2,Flight,5,Monsoon,Luxury Resort,20405,36126,22856,3731,4627,87745,3.9,Luxury Vacationer
TRIP_00768,USR_339,Jaipur,Kodaikanal,Tamil Nadu,South,Hill Station,1398,23.89,4,Train,6,Autumn,Budget Hotel,13445,21456,10948,8693,2346,56888,4.9,Budget Traveler
TRIP_00769,USR_191,Chennai,Shimla,Himachal Pradesh,North,Hill Station,1332,4.92,5,Flight,1,Autumn,Homestay,8311,11555,1980,1003,1077,23926,4.2,Frequent Nomad
TRIP_00770,USR_269,Kolkata,Pondicherry,Puducherry,South,Beach & French Heritage,1413,5.07,5,Flight,2,Autumn,Mid-Range 3-Star,17097,18690,7910,1038,2897,47632,4.6,Frequent Nomad
TRIP_00771,USR_315,Kochi,Varanasi,Uttar Pradesh,North,Spiritual & Heritage,736,13.89,2,Train,3,Monsoon,Budget Hotel,4829,3904,2457,1044,712,12946,4.5,Budget Traveler
TRIP_00772,USR_291,Hyderabad,Kodaikanal,Tamil Nadu,South,Hill Station,778,14.89,4,Train,3,Summer,Mid-Range 3-Star,4278,19584,11373,1844,2997,40076,4.1,Family Explorer
TRIP_00773,USR_300,Pune,Puri,Odisha,East,Coastal & Spiritual,1936,32.96,3,Train,3,Autumn,Budget Hotel,8078,10080,4079,3363,958,26558,4.7,Budget Traveler
TRIP_00774,USR_313,Hyderabad,Ranthambore,Rajasthan,North,Wildlife Safari,1672,34.58,5,Car,4,Winter,Luxury Resort,31935,117050,38294,10094,9590,206963,5.0,Luxury Vacationer
TRIP_00775,USR_172,Bengaluru,Shillong,Meghalaya,Northeast,Nature & Waterfalls,1885,5.93,4,Flight,4,Summer,Luxury Resort,38181,42688,37951,4431,6044,129295,4.9,Luxury Vacationer
TRIP_00776,USR_319,Chandigarh,Kovalam,Kerala,South,Beach & Wellness,1749,29.99,3,Train,2,Summer,Homestay,5359,7143,2445,739,776,16462,4.1,Budget Traveler
TRIP_00777,USR_322,Chennai,Mysore,Karnataka,South,Heritage & Palaces,480,9.93,4,Car,5,Autumn,Mid-Range 3-Star,11507,39576,18260,4826,2988,77157,5.0,Family Explorer
TRIP_00778,USR_129,Kolkata,Khajuraho,Madhya Pradesh,Central,Heritage & Art,1024,18.63,2,Train,1,Monsoon,Homestay,1422,2658,724,1279,253,6336,4.5,Budget Traveler
TRIP_00779,USR_221,Kolkata,Havelock Island,Andaman & Nicobar,Islands,Beach & Scuba,656,13.57,3,Car,3,Autumn,Homestay,13641,26256,3451,4560,3737,51645,5.0,Family Explorer
TRIP_00780,USR_134,Hyderabad,Khajuraho,Madhya Pradesh,Central,Heritage & Art,1020,4.35,3,Flight,4,Monsoon,Mid-Range 3-Star,21862,11538,11905,2072,3523,50900,4.4,Family Explorer
TRIP_00781,USR_255,Bengaluru,Kodaikanal,Tamil Nadu,South,Hill Station,465,9.62,3,Car,4,Summer,Homestay,10593,12108,6167,5166,2868,36902,4.8,Budget Traveler
TRIP_00782,USR_152,Jaipur,Tawang,Arunachal Pradesh,Northeast,Himalayan & Monastery,764,3.89,4,Flight,2,Winter,Homestay,11938,9952,3406,3111,2388,30795,4.7,Budget Traveler
TRIP_00783,USR_350,Hyderabad,Khajuraho,Madhya Pradesh,Central,Heritage & Art,1020,4.35,2,Flight,4,Autumn,Budget Hotel,25861,6980,3805,4385,1513,42544,4.4,Family Explorer
TRIP_00784,USR_254,Kolkata,Pushkar,Rajasthan,North,Cultural & Desert,714,14.77,2,Car,2,Monsoon,Budget Hotel,13495,2506,1628,1788,1268,20685,3.9,Frequent Nomad
TRIP_00785,USR_232,Bengaluru,Varanasi,Uttar Pradesh,North,Spiritual & Heritage,1346,23.78,3,Train,1,Autumn,Luxury Resort,2094,15528,4862,561,1839,24884,4.6,Luxury Vacationer
TRIP_00786,USR_326,Jaipur,Jaisalmer,Rajasthan,North,Desert & Heritage,560,3.52,3,Flight,4,Monsoon,Mid-Range 3-Star,16486,22002,10011,3217,3492,55208,5.0,Family Explorer
TRIP_00787,USR_175,Chennai,Kovalam,Kerala,South,Beach & Wellness,753,15.57,2,Car,4,Monsoon,Homestay,16167,7716,3397,4123,1093,32496,4.2,Family Explorer
TRIP_00788,USR_189,Chandigarh,Khajuraho,Madhya Pradesh,Central,Heritage & Art,1114,20.49,1,Train,1,Winter,Mid-Range 3-Star,1896,3182,1005,487,541,7111,4.2,Frequent Nomad
TRIP_00789,USR_311,Hyderabad,Pondicherry,Puducherry,South,Beach & French Heritage,780,13.77,4,Train,1,Monsoon,Budget Hotel,1773,5876,2333,514,845,11341,4.4,Budget Traveler
TRIP_00790,USR_198,Kolkata,Kovalam,Kerala,South,Beach & Wellness,1749,30.88,3,Train,2,Summer,Homestay,5139,6948,3233,1732,1022,18074,4.3,Budget Traveler
TRIP_00791,USR_287,Pune,Khajuraho,Madhya Pradesh,Central,Heritage & Art,753,15.57,2,Car,3,Autumn,Budget Hotel,15274,6064,2416,4741,1207,29702,4.8,Family Explorer
TRIP_00792,USR_173,Chennai,Wayanad,Kerala,South,Nature & Wildlife,610,11.99,3,Train,2,Summer,Luxury Resort,1970,20634,9433,2019,2521,36577,4.2,Luxury Vacationer
TRIP_00793,USR_204,Bengaluru,Tawang,Arunachal Pradesh,Northeast,Himalayan & Monastery,1528,27.06,5,Train,2,Summer,Budget Hotel,5006,9130,3562,2880,1392,21970,4.5,Budget Traveler
TRIP_00794,USR_112,Mumbai,Darjeeling,West Bengal,East,Hill Station & Tea,621,12.84,3,Car,4,Monsoon,Homestay,13659,12342,4233,4853,2693,37780,4.3,Budget Traveler
TRIP_00795,USR_319,Bengaluru,Hampi,Karnataka,South,Heritage & Archaeology,340,6.89,5,Train,4,Summer,Luxury Resort,2608,49010,39493,4245,5106,100462,5.0,Luxury Vacationer
TRIP_00796,USR_240,Bengaluru,Munnar,Kerala,South,Hill Station,475,12.46,3,Bus,4,Winter,Budget Hotel,3825,12876,7391,2179,1287,27558,3.9,Budget Traveler
TRIP_00797,USR_159,Pune,Mysore,Karnataka,South,Heritage & Palaces,751,19.69,2,Bus,6,Monsoon,Mid-Range 3-Star,11523,11982,10708,9678,1599,45490,4.9,Family Explorer
TRIP_00798,USR_144,Bengaluru,Pondicherry,Puducherry,South,Beach & French Heritage,310,6.41,3,Car,2,Winter,Mid-Range 3-Star,7039,11439,6969,2939,1940,30326,5.0,Frequent Nomad
TRIP_00799,USR_146,Pune,Jodhpur,Rajasthan,North,Heritage & Culture,1135,20.44,3,Train,4,Summer,Homestay,8855,16302,6449,7118,1778,40502,4.6,Budget Traveler
TRIP_00800,USR_228,Hyderabad,Shillong,Meghalaya,Northeast,Nature & Waterfalls,1906,33.45,6,Train,2,Winter,Homestay,5377,17160,4732,2846,2688,32803,4.6,Budget Traveler
TRIP_00801,USR_309,Bengaluru,Jaipur,Rajasthan,North,Heritage & Culture,1950,34.44,5,Train,1,Autumn,Mid-Range 3-Star,3056,19395,3818,1583,1829,29681,5.0,Frequent Nomad
TRIP_00802,USR_224,Pune,Havelock Island,Andaman & Nicobar,Islands,Beach & Scuba,1753,29.92,4,Train,3,Monsoon,Homestay,9360,26024,6139,3873,2234,47630,4.3,Budget Traveler
TRIP_00803,USR_122,Chandigarh,Pachmarhi,Madhya Pradesh,Central,Hill Station & Waterfalls,1313,23.44,3,Train,3,Summer,Homestay,5897,11184,5446,3069,1081,26677,4.1,Budget Traveler
TRIP_00804,USR_129,Chennai,Jim Corbett,Uttarakhand,North,Wildlife Safari,1189,20.76,2,Train,2,Summer,Homestay,4333,7280,2517,3063,755,17948,4.4,Frequent Nomad
TRIP_00805,USR_292,Mumbai,Jaipur,Rajasthan,North,Heritage & Culture,1150,4.59,2,Flight,2,Summer,Luxury Resort,13920,15366,7638,1719,2765,41408,4.8,Luxury Vacationer
TRIP_00806,USR_223,Chandigarh,Varanasi,Uttar Pradesh,North,Spiritual & Heritage,511,9.56,2,Train,4,Summer,Budget Hotel,3075,4392,4794,4874,836,17971,4.6,Budget Traveler
TRIP_00807,USR_136,Jaipur,Pushkar,Rajasthan,North,Cultural & Desert,145,3.62,1,Train,4,Monsoon,Mid-Range 3-Star,1632,4126,2826,1488,674,10746,4.7,Family Explorer
TRIP_00808,USR_255,Mumbai,Puri,Odisha,East,Coastal & Spiritual,778,14.06,3,Train,2,Winter,Luxury Resort,3393,18315,12389,2805,2390,39292,4.5,Luxury Vacationer
TRIP_00809,USR_282,Delhi,Ranthambore,Rajasthan,North,Wildlife Safari,380,7.86,4,Car,2,Summer,Mid-Range 3-Star,9626,23820,6100,3930,2101,45577,5.0,Frequent Nomad
TRIP_00810,USR_148,Jaipur,Havelock Island,Andaman & Nicobar,Islands,Beach & Scuba,608,15.94,2,Bus,1,Autumn,Luxury Resort,1463,24840,4785,1513,2449,35050,4.7,Luxury Vacationer
TRIP_00811,USR_150,Kolkata,Shimla,Himachal Pradesh,North,Hill Station,663,13.71,2,Car,2,Winter,Mid-Range 3-Star,14133,8266,3364,1119,1953,28835,4.1,Frequent Nomad
TRIP_00812,USR_294,Kolkata,Hampi,Karnataka,South,Heritage & Archaeology,1579,27.77,1,Train,5,Summer,Budget Hotel,10828,3138,2605,7845,1143,25559,4.0,Family Explorer
TRIP_00813,USR_113,Hyderabad,Manali,Himachal Pradesh,North,Hill Station & Adventure,1082,4.47,1,Flight,1,Winter,Mid-Range 3-Star,7794,4187,950,1063,793,14787,4.5,Luxury Vacationer
TRIP_00814,USR_134,Bengaluru,Mahabaleshwar,Maharashtra,West,Hill Station,1284,4.83,2,Flight,6,Winter,Homestay,50688,13962,5917,3451,3505,77523,5.0,Family Explorer
TRIP_00815,USR_275,Kochi,Manali,Himachal Pradesh,North,Hill Station & Adventure,1731,5.65,4,Flight,1,Winter,Homestay,10339,11824,2185,923,2381,27652,3.8,Frequent Nomad
TRIP_00816,USR_233,Chandigarh,Diu,Daman and Diu,West,Beach & Portuguese Fort,1521,5.27,3,Flight,5,Monsoon,Luxury Resort,35158,47646,27485,4542,10305,125136,5.0,Luxury Vacationer
TRIP_00817,USR_299,Pune,Darjeeling,West Bengal,East,Hill Station & Tea,877,18.14,1,Car,1,Winter,Homestay,18726,2581,354,929,1993,24583,5.0,Luxury Vacationer
TRIP_00818,USR_305,Bengaluru,Gangtok,Sikkim,Northeast,Hill Station & Monastery,642,16.83,4,Bus,1,Autumn,Mid-Range 3-Star,1333,14276,2936,873,820,20238,4.5,Frequent Nomad
TRIP_00819,USR_282,Kochi,Shillong,Meghalaya,Northeast,Nature & Waterfalls,1419,25.29,3,Train,1,Monsoon,Luxury Resort,2032,16716,4646,532,2141,26067,4.8,Luxury Vacationer
TRIP_00820,USR_203,Pune,Spiti Valley,Himachal Pradesh,North,Adventure & Mountain,1843,5.85,6,Flight,2,Summer,Luxury Resort,19128,32424,30509,2549,5773,90383,4.4,Luxury Vacationer
TRIP_00821,USR_168,Chennai,Spiti Valley,Himachal Pradesh,North,Adventure & Mountain,1768,5.71,5,Flight,2,Winter,Homestay,20397,13020,3963,1733,2773,41886,5.0,Frequent Nomad
TRIP_00822,USR_319,Bengaluru,Pondicherry,Puducherry,South,Beach & French Heritage,310,8.13,4,Bus,2,Autumn,Luxury Resort,1524,32768,15697,2708,2326,55023,5.0,Luxury Vacationer
TRIP_00823,USR_147,Bengaluru,Varkala,Kerala,South,Beach & Cliff,670,3.72,3,Flight,2,Autumn,Homestay,9982,7059,2716,1110,1669,22536,5.0,Budget Traveler
TRIP_00824,USR_130,Kolkata,Jaisalmer,Rajasthan,North,Desert & Heritage,528,13.85,3,Bus,2,Summer,Luxury Resort,2186,18693,12491,3450,1459,38279,4.8,Luxury Vacationer
TRIP_00825,USR_307,Hyderabad,Ranthambore,Rajasthan,North,Wildlife Safari,1419,5.08,3,Flight,3,Summer,Budget Hotel,21282,14178,5198,5239,2055,47952,4.8,Family Explorer
TRIP_00826,USR_137,Bengaluru,Leh-Ladakh,Ladakh,North,Adventure & Mountain,1279,4.83,6,Flight,3,Winter,Mid-Range 3-Star,24040,78132,16377,5304,6051,129904,4.7,Family Explorer
TRIP_00827,USR_114,Bengaluru,Ranthambore,Rajasthan,North,Wildlife Safari,1150,4.59,2,Flight,4,Monsoon,Homestay,26606,10604,3955,10011,4031,55207,5.0,Family Explorer
TRIP_00828,USR_212,Hyderabad,Pushkar,Rajasthan,North,Cultural & Desert,1618,28.7,3,Train,6,Autumn,Homestay,18385,15390,9629,8901,4181,56486,5.0,Budget Traveler
TRIP_00829,USR_291,Hyderabad,Ooty,Tamil Nadu,South,Hill Station,850,4.05,2,Flight,2,Summer,Luxury Resort,11348,13666,7118,2655,1791,36578,4.5,Luxury Vacationer
TRIP_00830,USR_285,Chennai,Chikmagalur,Karnataka,South,Hill Station & Coffee,600,11.45,4,Train,2,Summer,Budget Hotel,2545,5852,3250,2785,885,15317,4.4,Budget Traveler
TRIP_00831,USR_156,Hyderabad,Gokarna,Karnataka,South,Beach & Spiritual,640,3.66,4,Flight,1,Summer,Budget Hotel,4776,4820,1762,1282,539,13179,4.4,Budget Traveler
TRIP_00832,USR_228,Kochi,Mount Abu,Rajasthan,North,Hill Station & Temple,1290,26.68,2,Car,1,Monsoon,Mid-Range 3-Star,25311,5866,1735,993,2053,35958,3.9,Luxury Vacationer
TRIP_00833,USR_242,Chandigarh,Varanasi,Uttar Pradesh,North,Spiritual & Heritage,1561,27.09,3,Train,6,Autumn,Luxury Resort,18057,51579,45458,2514,5208,122816,3.5,Luxury Vacationer
TRIP_00834,USR_315,Bengaluru,Manali,Himachal Pradesh,North,Hill Station & Adventure,1780,31.09,5,Train,2,Winter,Luxury Resort,6974,30480,21485,2847,4137,65923,5.0,Luxury Vacationer
TRIP_00835,USR_307,Chennai,Rann of Kutch,Gujarat,West,Desert & Culture,1043,4.4,2,Flight,3,Autumn,Homestay,21078,14164,2785,3366,1805,43198,5.0,Family Explorer
TRIP_00836,USR_348,Kochi,Mount Abu,Rajasthan,North,Hill Station & Temple,1770,30.01,3,Train,4,Autumn,Mid-Range 3-Star,12330,24510,10005,3152,4410,54407,4.0,Family Explorer
TRIP_00837,USR_333,Pune,Haridwar,Uttarakhand,North,Spiritual & Heritage,944,17.58,1,Train,1,Winter,Luxury Resort,1305,4302,2348,922,671,9548,4.2,Luxury Vacationer
TRIP_00838,USR_182,Hyderabad,Varanasi,Uttar Pradesh,North,Spiritual & Heritage,1200,20.86,3,Train,4,Autumn,Luxury Resort,9143,28092,28731,3973,3148,73087,4.5,Luxury Vacationer
TRIP_00839,USR_263,Pune,Tawang,Arunachal Pradesh,Northeast,Himalayan & Monastery,805,15.27,3,Train,2,Autumn,Homestay,2376,8172,3542,2466,1226,17782,4.8,Budget Traveler
TRIP_00840,USR_316,Kolkata,Tirupati,Andhra Pradesh,South,Spiritual & Pilgrimage,775,13.72,3,Train,2,Monsoon,Budget Hotel,2176,2436,3486,2083,588,10769,4.9,Budget Traveler
TRIP_00841,USR_349,Bengaluru,Madurai,Tamil Nadu,South,Heritage & Temple,435,9.0,3,Car,4,Autumn,Budget Hotel,8930,9480,6473,2596,2335,29814,4.9,Budget Traveler
TRIP_00842,USR_177,Delhi,Kaziranga,Assam,Northeast,Wildlife Safari,952,4.23,4,Flight,3,Autumn,Mid-Range 3-Star,19285,45592,14009,6109,5897,90892,4.9,Luxury Vacationer
TRIP_00843,USR_127,Bengaluru,Jaisalmer,Rajasthan,North,Desert & Heritage,1670,28.49,3,Train,2,Winter,Mid-Range 3-Star,4850,12852,4432,3697,1161,26992,4.8,Frequent Nomad
TRIP_00844,USR_126,Kochi,Munnar,Kerala,South,Hill Station,130,2.78,5,Train,2,Autumn,Budget Hotel,710,9450,6169,2267,810,19406,4.9,Budget Traveler
TRIP_00845,USR_177,Chennai,Rishikesh,Uttarakhand,North,Spiritual & Adventure,1800,37.23,2,Car,3,Winter,Budget Hotel,38645,7432,3205,2016,4164,55462,4.6,Luxury Vacationer
TRIP_00846,USR_338,Bengaluru,Hampi,Karnataka,South,Heritage & Archaeology,340,7.03,3,Car,3,Winter,Budget Hotel,7909,8370,4135,1569,986,22969,4.7,Budget Traveler
TRIP_00847,USR_122,Mumbai,Leh-Ladakh,Ladakh,North,Adventure & Mountain,1010,4.34,3,Flight,6,Autumn,Homestay,40561,40743,9278,9760,6317,106659,4.6,Family Explorer
TRIP_00848,USR_232,Pune,Hampi,Karnataka,South,Heritage & Archaeology,560,11.58,3,Car,1,Monsoon,Homestay,12960,3477,1915,1344,1381,21077,5.0,Frequent Nomad
TRIP_00849,USR_143,Delhi,Tawang,Arunachal Pradesh,Northeast,Himalayan & Monastery,1449,25.97,5,Train,3,Autumn,Luxury Resort,6729,82050,26737,2627,6004,124147,4.2,Luxury Vacationer
TRIP_00850,USR_191,Hyderabad,Kovalam,Kerala,South,Beach & Wellness,581,10.43,3,Train,4,Autumn,Budget Hotel,3918,15708,5675,5715,2454,33470,5.0,Budget Traveler
TRIP_00851,USR_236,Hyderabad,Varkala,Kerala,South,Beach & Cliff,511,9.29,2,Train,2,Winter,Mid-Range 3-Star,1697,7058,3290,1491,586,14122,5.0,Frequent Nomad
TRIP_00852,USR_181,Bengaluru,Ooty,Tamil Nadu,South,Hill Station,280,5.79,1,Car,1,Monsoon,Budget Hotel,5469,1412,446,514,417,8258,3.5,Luxury Vacationer
TRIP_00853,USR_155,Jaipur,Gokarna,Karnataka,South,Beach & Spiritual,660,17.31,4,Bus,2,Monsoon,Budget Hotel,3147,4416,4437,2552,622,15174,4.3,Budget Traveler
TRIP_00854,USR_113,Kochi,Gangtok,Sikkim,Northeast,Hill Station & Monastery,545,14.29,2,Bus,2,Monsoon,Luxury Resort,2479,8998,8486,1469,823,22255,4.5,Luxury Vacationer
TRIP_00855,USR_105,Chandigarh,Ooty,Tamil Nadu,South,Hill Station,1395,5.04,3,Flight,1,Monsoon,Homestay,6733,5787,1856,584,1131,16091,4.8,Frequent Nomad
TRIP_00856,USR_118,Kochi,Shimla,Himachal Pradesh,North,Hill Station,1300,34.09,1,Bus,1,Monsoon,Mid-Range 3-Star,2554,2664,739,1108,255,7320,4.1,Frequent Nomad
TRIP_00857,USR_177,Kochi,Gangtok,Sikkim,Northeast,Hill Station & Monastery,1762,31.13,4,Train,3,Winter,Budget Hotel,7020,13568,4237,2340,2017,29182,4.9,Budget Traveler
TRIP_00858,USR_212,Delhi,Varanasi,Uttar Pradesh,North,Spiritual & Heritage,820,14.45,2,Train,1,Winter,Mid-Range 3-Star,1530,6260,1404,362,855,10411,4.6,Frequent Nomad
TRIP_00859,USR_112,Bengaluru,Coorg,Karnataka,South,Nature & Coffee,250,4.78,2,Train,5,Monsoon,Mid-Range 3-Star,3140,20364,8897,8073,2430,42904,4.7,Family Explorer
TRIP_00860,USR_131,Mumbai,Amritsar,Punjab,North,Spiritual & Heritage,753,14.01,3,Train,3,Autumn,Budget Hotel,3649,9978,4440,1909,1560,21536,4.7,Budget Traveler
TRIP_00861,USR_224,Delhi,Manali,Himachal Pradesh,North,Hill Station & Adventure,530,13.9,3,Bus,3,Monsoon,Mid-Range 3-Star,3490,17580,10059,4047,2843,38019,4.4,Family Explorer
TRIP_00862,USR_278,Bengaluru,Goa,Goa,West,Beach & Nightlife,560,11.58,6,Car,2,Autumn,Budget Hotel,13664,14892,5586,2109,3033,39284,4.5,Budget Traveler
TRIP_00863,USR_295,Jaipur,Puri,Odisha,East,Coastal & Spiritual,1091,4.48,2,Flight,1,Monsoon,Luxury Resort,6363,8562,3053,1400,1135,20513,4.4,Luxury Vacationer
TRIP_00864,USR_216,Chandigarh,Puri,Odisha,East,Coastal & Spiritual,865,17.89,3,Car,4,Autumn,Homestay,17686,10218,7625,1689,2403,39621,4.4,Budget Traveler
TRIP_00865,USR_128,Bengaluru,Darjeeling,West Bengal,East,Hill Station & Tea,483,9.99,1,Car,4,Autumn,Homestay,9590,4640,1822,4406,983,21441,4.7,Family Explorer
TRIP_00866,USR_155,Mumbai,Varkala,Kerala,South,Beach & Cliff,1478,38.76,3,Bus,4,Autumn,Mid-Range 3-Star,11118,18522,8986,4713,2524,45863,5.0,Family Explorer
TRIP_00867,USR_176,Delhi,Varkala,Kerala,South,Beach & Cliff,811,14.81,3,Train,2,Monsoon,Luxury Resort,2405,14757,8759,866,1215,28002,5.0,Luxury Vacationer
TRIP_00868,USR_330,Chennai,Madurai,Tamil Nadu,South,Heritage & Temple,460,8.52,3,Train,2,Monsoon,Budget Hotel,2134,2835,3359,1671,442,10441,5.0,Budget Traveler
TRIP_00869,USR_311,Kolkata,Gangtok,Sikkim,Northeast,Hill Station & Monastery,670,13.86,5,Car,4,Summer,Homestay,14253,24690,10577,2324,3476,55320,4.8,Budget Traveler
TRIP_00870,USR_280,Chandigarh,Srinagar,Jammu & Kashmir,North,Lakes & Paradise Valley,1075,18.67,4,Train,2,Summer,Budget Hotel,3522,7348,3892,2687,969,18418,4.9,Budget Traveler
TRIP_00871,USR_106,Mumbai,Shillong,Meghalaya,Northeast,Nature & Waterfalls,607,15.92,2,Bus,2,Summer,Budget Hotel,3280,3412,2099,1540,409,10740,4.8,Budget Traveler
TRIP_00872,USR_310,Chennai,Madurai,Tamil Nadu,South,Heritage & Temple,460,9.42,2,Train,2,Monsoon,Homestay,2045,2950,1519,1582,452,8548,5.0,Budget Traveler
TRIP_00873,USR_190,Jaipur,Shillong,Meghalaya,Northeast,Nature & Waterfalls,1808,5.79,5,Flight,2,Autumn,Mid-Range 3-Star,19419,18495,8763,3152,4036,53865,4.9,Frequent Nomad
TRIP_00874,USR_320,Chandigarh,Srinagar,Jammu & Kashmir,North,Lakes & Paradise Valley,680,3.74,3,Flight,2,Monsoon,Budget Hotel,9230,4647,2496,1955,685,19013,5.0,Budget Traveler
TRIP_00875,USR_248,Pune,Khajuraho,Madhya Pradesh,Central,Heritage & Art,872,4.09,4,Flight,1,Winter,Homestay,6215,9164,1529,1165,1229,19302,5.0,Frequent Nomad
TRIP_00876,USR_334,Kochi,Jodhpur,Rajasthan,North,Heritage & Culture,808,15.33,1,Train,1,Monsoon,Mid-Range 3-Star,1403,3396,908,1418,242,7367,4.9,Frequent Nomad
TRIP_00877,USR_234,Hyderabad,Spiti Valley,Himachal Pradesh,North,Adventure & Mountain,701,14.5,5,Car,2,Autumn,Luxury Resort,16159,35450,15322,3027,3268,73226,4.8,Luxury Vacationer
TRIP_00878,USR_275,Mumbai,Jodhpur,Rajasthan,North,Heritage & Culture,990,17.94,2,Train,2,Monsoon,Homestay,3189,3792,2359,1312,532,11184,4.8,Budget Traveler
TRIP_00879,USR_252,Bengaluru,Coorg,Karnataka,South,Nature & Coffee,250,5.17,4,Car,2,Autumn,Mid-Range 3-Star,6803,15148,5799,2950,2417,33117,5.0,Frequent Nomad
TRIP_00880,USR_229,Jaipur,Agra,Uttar Pradesh,North,Heritage & Monument,240,4.96,2,Car,2,Winter,Mid-Range 3-Star,5642,6156,4636,2113,1577,20124,4.7,Frequent Nomad
TRIP_00881,USR_164,Pune,Ranthambore,Rajasthan,North,Wildlife Safari,1267,4.8,1,Flight,2,Winter,Mid-Range 3-Star,16275,7039,1573,5017,2196,32100,5.0,Luxury Vacationer
TRIP_00882,USR_136,Delhi,Shillong,Meghalaya,Northeast,Nature & Waterfalls,727,15.04,4,Car,3,Autumn,Homestay,14487,19448,6461,2799,3738,46933,4.7,Budget Traveler
TRIP_00883,USR_212,Bengaluru,Udaipur,Rajasthan,North,Heritage & Romance,1528,5.28,3,Flight,2,Autumn,Mid-Range 3-Star,18679,18600,5272,3251,4156,49958,5.0,Luxury Vacationer
TRIP_00884,USR_219,Chennai,Tirupati,Andhra Pradesh,South,Spiritual & Pilgrimage,135,2.79,2,Car,4,Winter,Luxury Resort,3515,16932,18751,2990,3028,45216,4.8,Luxury Vacationer
TRIP_00885,USR_331,Chandigarh,Alleppey,Kerala,South,Backwaters & Houseboat,559,10.01,2,Train,2,Autumn,Budget Hotel,2409,4948,2021,1254,527,11159,4.5,Budget Traveler
TRIP_00886,USR_267,Bengaluru,Mahabaleshwar,Maharashtra,West,Hill Station,1667,5.53,2,Flight,4,Winter,Mid-Range 3-Star,39720,16864,9057,4479,4637,74757,4.2,Luxury Vacationer
TRIP_00887,USR_284,Chennai,Pushkar,Rajasthan,North,Cultural & Desert,869,22.79,2,Bus,5,Summer,Luxury Resort,11017,23772,21676,5269,4694,66428,4.1,Luxury Vacationer
TRIP_00888,USR_340,Chennai,Gangtok,Sikkim,Northeast,Hill Station & Monastery,1727,29.46,1,Train,4,Summer,Budget Hotel,14360,2980,2023,2135,803,22301,4.6,Family Explorer
TRIP_00889,USR_230,Kochi,Varkala,Kerala,South,Beach & Cliff,160,3.31,2,Car,2,Winter,Budget Hotel,3740,3428,1681,1224,679,10752,4.7,Budget Traveler
TRIP_00890,USR_213,Chandigarh,Jaipur,Rajasthan,North,Heritage & Culture,510,9.22,2,Train,4,Autumn,Budget Hotel,4550,7948,4377,6769,1228,24872,4.9,Budget Traveler
TRIP_00891,USR_222,Kochi,Alleppey,Kerala,South,Backwaters & Houseboat,55,1.14,1,Car,2,Monsoon,Budget Hotel,1543,2073,934,1266,295,6111,4.0,Budget Traveler
TRIP_00892,USR_209,Mumbai,Munnar,Kerala,South,Hill Station,1030,4.37,3,Flight,1,Autumn,Budget Hotel,6439,6483,1322,1667,1099,17010,4.5,Frequent Nomad
TRIP_00893,USR_111,Hyderabad,Udaipur,Rajasthan,North,Heritage & Romance,1408,5.06,2,Flight,1,Autumn,Mid-Range 3-Star,8203,10404,1900,1698,1930,24135,5.0,Luxury Vacationer
TRIP_00894,USR_235,Pune,Puri,Odisha,East,Coastal & Spiritual,578,15.16,2,Bus,4,Summer,Homestay,5764,6328,3614,4976,890,21572,4.3,Budget Traveler
TRIP_00895,USR_296,Kolkata,Varkala,Kerala,South,Beach & Cliff,589,10.88,4,Train,2,Autumn,Luxury Resort,1904,28832,18001,2181,2707,53625,4.9,Luxury Vacationer
TRIP_00896,USR_279,Hyderabad,Bodh Gaya,Bihar,East,Spiritual & Buddhist Heritage,1639,5.48,1,Flight,4,Monsoon,Luxury Resort,28045,5646,9117,4393,2995,50196,4.6,Luxury Vacationer
TRIP_00897,USR_274,Kochi,Amritsar,Punjab,North,Spiritual & Heritage,924,4.18,1,Flight,2,Summer,Budget Hotel,11085,1575,1235,1608,609,16112,5.0,Luxury Vacationer
TRIP_00898,USR_257,Kolkata,Jaipur,Rajasthan,North,Heritage & Culture,1500,31.02,4,Car,6,Winter,Budget Hotel,29703,26352,8612,5601,4330,74598,5.0,Budget Traveler
TRIP_00899,USR_135,Chandigarh,Tirupati,Andhra Pradesh,South,Spiritual & Pilgrimage,859,22.52,4,Bus,2,Summer,Mid-Range 3-Star,4026,9004,6501,1641,1400,22572,4.7,Frequent Nomad
TRIP_00900,USR_303,Delhi,Manali,Himachal Pradesh,North,Hill Station & Adventure,530,10.28,5,Train,2,Winter,Budget Hotel,2344,8835,6179,2195,1263,20816,3.9,Budget Traveler
TRIP_00901,USR_119,Hyderabad,Rishikesh,Uttarakhand,North,Spiritual & Adventure,1847,5.86,3,Flight,2,Autumn,Homestay,21083,6981,2952,2389,2280,35685,4.8,Frequent Nomad
TRIP_00902,USR_136,Bengaluru,Chikmagalur,Karnataka,South,Hill Station & Coffee,245,6.42,2,Bus,3,Autumn,Luxury Resort,2078,36656,9315,1689,3359,53097,4.3,Luxury Vacationer
TRIP_00903,USR_114,Chandigarh,Kaziranga,Assam,Northeast,Wildlife Safari,1127,4.55,4,Flight,2,Winter,Homestay,14362,16236,4787,3044,3267,41696,5.0,Frequent Nomad
TRIP_00904,USR_141,Kolkata,Goa,Goa,West,Beach & Nightlife,2150,37.61,6,Train,3,Summer,Mid-Range 3-Star,8518,52404,18877,3295,7584,90678,5.0,Family Explorer
TRIP_00905,USR_168,Chennai,Kodaikanal,Tamil Nadu,South,Hill Station,525,9.88,1,Train,3,Monsoon,Homestay,3424,3022,1175,3978,727,12326,4.3,Family Explorer
TRIP_00906,USR_270,Chennai,Darjeeling,West Bengal,East,Hill Station & Tea,1460,5.15,2,Flight,2,Winter,Budget Hotel,16633,3614,1899,3336,2065,27547,4.9,Frequent Nomad
TRIP_00907,USR_223,Mumbai,Leh-Ladakh,Ladakh,North,Adventure & Mountain,1931,6.01,5,Flight,4,Winter,Budget Hotel,43277,24680,10902,4633,7175,90667,4.5,Family Explorer
TRIP_00908,USR_349,Delhi,Munnar,Kerala,South,Hill Station,563,14.76,2,Bus,1,Winter,Homestay,1480,5634,1109,1279,354,9856,5.0,Frequent Nomad
TRIP_00909,USR_297,Pune,Pushkar,Rajasthan,North,Cultural & Desert,706,13.32,2,Train,5,Autumn,Homestay,5360,10416,5346,3610,1279,26011,3.7,Budget Traveler
TRIP_00910,USR_336,Chennai,Darjeeling,West Bengal,East,Hill Station & Tea,925,19.13,2,Car,1,Winter,Budget Hotel,19623,3448,1175,1711,991,26948,5.0,Luxury Vacationer
TRIP_00911,USR_285,Delhi,Coorg,Karnataka,South,Nature & Coffee,606,10.79,4,Train,1,Winter,Homestay,1048,11268,2122,1731,689,16858,4.1,Frequent Nomad
TRIP_00912,USR_202,Kochi,Rann of Kutch,Gujarat,West,Desert & Culture,700,3.77,3,Flight,1,Winter,Budget Hotel,5692,8100,1495,1148,1450,17885,5.0,Frequent Nomad
TRIP_00913,USR_157,Kochi,Pachmarhi,Madhya Pradesh,Central,Hill Station & Waterfalls,1069,4.44,1,Flight,2,Monsoon,Mid-Range 3-Star,11146,2764,2292,2195,749,19146,4.9,Luxury Vacationer
TRIP_00914,USR_189,Pune,Pachmarhi,Madhya Pradesh,Central,Hill Station & Waterfalls,1723,5.63,3,Flight,2,Autumn,Mid-Range 3-Star,20862,9015,6724,1688,2678,40967,4.2,Frequent Nomad
TRIP_00915,USR_132,Hyderabad,Tawang,Arunachal Pradesh,Northeast,Himalayan & Monastery,740,15.3,6,Car,2,Winter,Homestay,17120,17844,4611,1030,2243,42848,4.9,Budget Traveler
TRIP_00916,USR_199,Kolkata,Manali,Himachal Pradesh,North,Hill Station & Adventure,572,15.0,4,Bus,3,Monsoon,Luxury Resort,4506,41736,22339,2280,3502,74363,4.8,Luxury Vacationer
TRIP_00917,USR_211,Jaipur,Coorg,Karnataka,South,Nature & Coffee,1802,30.58,2,Train,1,Monsoon,Mid-Range 3-Star,3788,7306,2154,1444,738,15430,4.3,Luxury Vacationer
TRIP_00918,USR_293,Chandigarh,Gokarna,Karnataka,South,Beach & Spiritual,506,10.02,3,Train,3,Monsoon,Luxury Resort,3340,27906,22628,3806,3943,61623,4.5,Luxury Vacationer
TRIP_00919,USR_344,Kolkata,Kaziranga,Assam,Northeast,Wildlife Safari,1050,4.41,4,Flight,2,Autumn,Luxury Resort,14383,42644,16181,2758,6203,82169,5.0,Luxury Vacationer
TRIP_00920,USR_337,Delhi,Udaipur,Rajasthan,North,Heritage & Romance,660,13.65,3,Car,1,Winter,Mid-Range 3-Star,14707,20388,2474,1612,2392,41573,5.0,Luxury Vacationer
TRIP_00921,USR_258,Kolkata,Khajuraho,Madhya Pradesh,Central,Heritage & Art,1000,18.34,3,Train,2,Monsoon,Budget Hotel,3723,2784,2677,1252,622,11058,5.0,Budget Traveler
TRIP_00922,USR_213,Chennai,Jaisalmer,Rajasthan,North,Desert & Heritage,525,10.86,2,Car,1,Monsoon,Luxury Resort,10939,13304,4190,1600,2078,32111,5.0,Luxury Vacationer
TRIP_00923,USR_345,Bengaluru,Chikmagalur,Karnataka,South,Hill Station & Coffee,245,5.07,4,Car,1,Summer,Mid-Range 3-Star,6678,14952,3054,631,1902,27217,4.7,Frequent Nomad
TRIP_00924,USR_113,Delhi,Jaipur,Rajasthan,North,Heritage & Culture,280,7.34,2,Bus,3,Winter,Homestay,2510,12584,3143,4758,796,23791,4.7,Budget Traveler
TRIP_00925,USR_283,Kolkata,Shillong,Meghalaya,Northeast,Nature & Waterfalls,1080,28.32,2,Bus,2,Winter,Mid-Range 3-Star,3726,7842,3269,2049,694,17580,5.0,Frequent Nomad
TRIP_00926,USR_120,Delhi,Gokarna,Karnataka,South,Beach & Spiritual,1117,20.36,2,Train,1,Monsoon,Luxury Resort,1919,6508,3479,1028,733,13667,4.4,Luxury Vacationer
TRIP_00927,USR_350,Pune,Diu,Daman and Diu,West,Beach & Portuguese Fort,1217,22.2,3,Train,6,Autumn,Mid-Range 3-Star,10715,32589,13001,8940,2338,67583,3.5,Family Explorer
TRIP_00928,USR_256,Delhi,Amritsar,Punjab,North,Spiritual & Heritage,450,11.8,3,Bus,6,Monsoon,Homestay,6665,13284,9848,7290,2352,39439,4.9,Budget Traveler
TRIP_00929,USR_345,Bengaluru,Pondicherry,Puducherry,South,Beach & French Heritage,310,6.41,5,Car,2,Autumn,Budget Hotel,7501,11525,4916,1801,1344,27087,4.2,Budget Traveler
TRIP_00930,USR_315,Chandigarh,Alleppey,Kerala,South,Backwaters & Houseboat,949,4.23,2,Flight,2,Monsoon,Homestay,12192,5166,1677,3228,1552,23815,4.3,Frequent Nomad
TRIP_00931,USR_214,Pune,Khajuraho,Madhya Pradesh,Central,Heritage & Art,613,12.68,3,Car,3,Monsoon,Budget Hotel,13467,7422,4362,3340,2262,30853,5.0,Budget Traveler
TRIP_00932,USR_133,Jaipur,Darjeeling,West Bengal,East,Hill Station & Tea,1284,4.83,5,Flight,4,Summer,Mid-Range 3-Star,28015,34180,15179,4398,3783,85555,4.6,Family Explorer
TRIP_00933,USR_227,Delhi,Rishikesh,Uttarakhand,North,Spiritual & Adventure,240,4.52,5,Train,1,Autumn,Budget Hotel,603,7685,2817,591,1023,12719,4.2,Budget Traveler
TRIP_00934,USR_314,Pune,Munnar,Kerala,South,Hill Station,1863,5.89,3,Flight,1,Summer,Budget Hotel,9660,4575,1876,1078,1033,18222,4.3,Frequent Nomad
TRIP_00935,USR_243,Delhi,Pachmarhi,Madhya Pradesh,Central,Hill Station & Waterfalls,1050,4.41,3,Flight,2,Winter,Mid-Range 3-Star,15176,11802,5974,3370,1407,37729,4.1,Frequent Nomad
TRIP_00936,USR_290,Hyderabad,Chikmagalur,Karnataka,South,Hill Station & Coffee,1287,33.75,4,Bus,2,Autumn,Luxury Resort,5366,28576,12492,2642,4410,53486,4.8,Luxury Vacationer
TRIP_00937,USR_340,Jaipur,Manali,Himachal Pradesh,North,Hill Station & Adventure,761,15.74,3,Car,2,Winter,Mid-Range 3-Star,15505,12267,4730,2103,2807,37412,5.0,Frequent Nomad
TRIP_00938,USR_160,Kolkata,Gangtok,Sikkim,Northeast,Hill Station & Monastery,670,13.86,6,Car,3,Monsoon,Budget Hotel,16638,17796,10857,2455,2677,50423,4.9,Budget Traveler
TRIP_00939,USR_146,Mumbai,Kodaikanal,Tamil Nadu,South,Hill Station,1947,33.6,2,Train,3,Summer,Mid-Range 3-Star,10694,11452,4498,1669,1503,29816,4.4,Family Explorer
TRIP_00940,USR_213,Delhi,Varanasi,Uttar Pradesh,North,Spiritual & Heritage,820,15.58,4,Train,3,Monsoon,Mid-Range 3-Star,5070,18640,13947,1407,1973,41037,4.6,Family Explorer
TRIP_00941,USR_315,Jaipur,Mussoorie,Uttarakhand,North,Hill Station,795,16.44,2,Car,2,Winter,Budget Hotel,16311,4776,1407,1111,1173,24778,5.0,Frequent Nomad
TRIP_00942,USR_342,Chandigarh,Ranthambore,Rajasthan,North,Wildlife Safari,1949,6.04,3,Flight,2,Autumn,Homestay,21279,13959,2297,5510,2502,45547,5.0,Luxury Vacationer
TRIP_00943,USR_211,Kochi,Shillong,Meghalaya,Northeast,Nature & Waterfalls,627,12.44,3,Train,5,Summer,Budget Hotel,6779,17379,8599,2612,1618,36987,4.6,Budget Traveler
TRIP_00944,USR_186,Kolkata,Jaisalmer,Rajasthan,North,Desert & Heritage,1741,5.67,2,Flight,6,Winter,Mid-Range 3-Star,56749,31422,9002,8022,4997,110192,4.7,Luxury Vacationer
TRIP_00945,USR_243,Chennai,Kovalam,Kerala,South,Beach & Wellness,1734,29.77,3,Train,2,Winter,Luxury Resort,5148,29190,9808,1899,2261,48306,4.2,Luxury Vacationer
TRIP_00946,USR_228,Kolkata,Udaipur,Rajasthan,North,Heritage & Romance,856,4.06,2,Flight,2,Winter,Homestay,11551,6922,2069,2340,1337,24219,4.1,Frequent Nomad
TRIP_00947,USR_168,Chandigarh,Mysore,Karnataka,South,Heritage & Palaces,1742,30.49,1,Train,4,Summer,Luxury Resort,14946,9972,9813,6666,2781,44178,4.1,Luxury Vacationer
TRIP_00948,USR_226,Pune,Havelock Island,Andaman & Nicobar,Islands,Beach & Scuba,1181,4.65,3,Flight,2,Autumn,Mid-Range 3-Star,14390,18489,6842,2142,3899,45762,5.0,Luxury Vacationer
TRIP_00949,USR_184,Delhi,Rann of Kutch,Gujarat,West,Desert & Culture,1320,4.9,3,Flight,5,Winter,Homestay,40133,34803,5760,7774,6973,95443,4.9,Family Explorer
TRIP_00950,USR_224,Kochi,Havelock Island,Andaman & Nicobar,Islands,Beach & Scuba,1293,22.09,5,Train,2,Summer,Mid-Range 3-Star,5474,29635,10914,2888,2563,51474,5.0,Frequent Nomad
TRIP_00951,USR_182,Pune,Varkala,Kerala,South,Beach & Cliff,1355,23.68,3,Train,2,Autumn,Budget Hotel,5328,5076,2711,1340,847,15302,4.3,Budget Traveler
TRIP_00952,USR_247,Mumbai,Kaziranga,Assam,Northeast,Wildlife Safari,872,18.03,5,Car,4,Winter,Mid-Range 3-Star,19632,47640,14211,8083,4888,94454,5.0,Family Explorer
TRIP_00953,USR_191,Jaipur,Goa,Goa,West,Beach & Nightlife,1791,5.76,5,Flight,3,Winter,Homestay,29580,34800,5956,5077,3781,79194,4.6,Family Explorer
TRIP_00954,USR_306,Mumbai,Khajuraho,Madhya Pradesh,Central,Heritage & Art,1128,29.58,3,Bus,1,Autumn,Homestay,2144,6114,1062,1387,667,11374,4.8,Budget Traveler
TRIP_00955,USR_229,Pune,Gangtok,Sikkim,Northeast,Hill Station & Monastery,536,9.86,4,Train,2,Summer,Budget Hotel,2331,6152,3393,1122,1033,14031,4.7,Budget Traveler
TRIP_00956,USR_268,Pune,Udaipur,Rajasthan,North,Heritage & Romance,860,16.13,4,Train,3,Monsoon,Budget Hotel,5222,15168,6944,3387,2455,33176,5.0,Budget Traveler
TRIP_00957,USR_255,Mumbai,Shimla,Himachal Pradesh,North,Hill Station,1750,5.68,5,Flight,1,Autumn,Homestay,10481,15025,2927,1355,1652,31440,4.2,Frequent Nomad
TRIP_00958,USR_218,Delhi,Shimla,Himachal Pradesh,North,Hill Station,345,9.05,3,Bus,4,Monsoon,Luxury Resort,3403,30654,20000,3180,3084,60321,4.4,Luxury Vacationer
TRIP_00959,USR_280,Jaipur,Puri,Odisha,East,Coastal & Spiritual,950,16.36,3,Train,4,Autumn,Luxury Resort,8413,37338,27782,3370,5490,82393,3.6,Luxury Vacationer
TRIP_00960,USR_107,Pune,Bandipur,Karnataka,South,Wildlife Safari,925,4.18,2,Flight,5,Autumn,Mid-Range 3-Star,30578,34566,8553,8926,3317,85940,5.0,Luxury Vacationer
TRIP_00961,USR_244,Mumbai,Gokarna,Karnataka,South,Beach & Spiritual,680,17.83,2,Bus,6,Autumn,Homestay,8800,10284,7217,7845,2252,36398,4.3,Budget Traveler
TRIP_00962,USR_116,Kochi,Shillong,Meghalaya,Northeast,Nature & Waterfalls,1293,23.16,3,Train,3,Monsoon,Homestay,7510,9318,4766,2557,1134,25285,4.6,Budget Traveler
TRIP_00963,USR_244,Kochi,Kaziranga,Assam,Northeast,Wildlife Safari,1473,5.18,2,Flight,5,Monsoon,Homestay,36664,14574,5043,13176,2526,71983,4.6,Family Explorer
TRIP_00964,USR_127,Pune,Pushkar,Rajasthan,North,Cultural & Desert,608,10.82,2,Train,1,Autumn,Budget Hotel,1288,2662,799,1466,201,6416,4.7,Budget Traveler
TRIP_00965,USR_209,Kochi,Varanasi,Uttar Pradesh,North,Spiritual & Heritage,1732,5.65,3,Flight,2,Autumn,Homestay,20061,6234,2818,1645,1678,32436,5.0,Frequent Nomad
TRIP_00966,USR_337,Kolkata,Jodhpur,Rajasthan,North,Heritage & Culture,1110,4.52,2,Flight,3,Monsoon,Homestay,18090,7128,2468,5201,1970,34857,5.0,Family Explorer
TRIP_00967,USR_165,Kochi,Jaisalmer,Rajasthan,North,Desert & Heritage,881,16.57,5,Train,6,Monsoon,Homestay,10645,29430,14764,4862,3741,63442,5.0,Budget Traveler
TRIP_00968,USR_102,Kolkata,Pushkar,Rajasthan,North,Cultural & Desert,834,17.25,1,Car,3,Summer,Budget Hotel,15600,2564,1471,2161,1444,23240,4.6,Luxury Vacationer
TRIP_00969,USR_158,Hyderabad,Kovalam,Kerala,South,Beach & Wellness,478,9.89,3,Car,3,Summer,Mid-Range 3-Star,11152,20388,9581,3847,3950,48918,5.0,Family Explorer
TRIP_00970,USR_244,Jaipur,Diu,Daman and Diu,West,Beach & Portuguese Fort,1800,30.62,2,Train,3,Summer,Homestay,7981,6760,2420,1577,1224,19962,4.2,Budget Traveler
TRIP_00971,USR_266,Pune,Mahabaleshwar,Maharashtra,West,Hill Station,120,2.48,3,Car,1,Monsoon,Luxury Resort,3149,14592,4979,1277,1104,25101,4.0,Luxury Vacationer
TRIP_00972,USR_222,Chennai,Amritsar,Punjab,North,Spiritual & Heritage,609,12.6,1,Car,2,Winter,Homestay,11923,2184,896,881,1104,16988,5.0,Luxury Vacationer
TRIP_00973,USR_197,Pune,Pachmarhi,Madhya Pradesh,Central,Hill Station & Waterfalls,1421,24.65,3,Train,4,Monsoon,Mid-Range 3-Star,11939,14952,13453,6711,3631,50686,4.0,Family Explorer
TRIP_00974,USR_283,Mumbai,Ranthambore,Rajasthan,North,Wildlife Safari,1020,21.1,5,Car,1,Autumn,Luxury Resort,20042,64095,12398,1898,8878,107311,5.0,Luxury Vacationer
TRIP_00975,USR_319,Kochi,Bandipur,Karnataka,South,Wildlife Safari,1822,5.81,2,Flight,3,Monsoon,Luxury Resort,24576,27424,15584,6613,3429,77626,4.2,Luxury Vacationer
TRIP_00976,USR_292,Chennai,Hampi,Karnataka,South,Heritage & Archaeology,675,12.29,3,Train,1,Autumn,Homestay,1148,4548,1134,728,650,8208,4.7,Budget Traveler
TRIP_00977,USR_256,Kolkata,Kodaikanal,Tamil Nadu,South,Hill Station,1775,31.05,3,Train,1,Monsoon,Luxury Resort,3391,10869,5110,1620,1731,22721,4.1,Luxury Vacationer
TRIP_00978,USR_321,Kochi,Havelock Island,Andaman & Nicobar,Islands,Beach & Scuba,1744,30.3,5,Train,2,Autumn,Luxury Resort,6518,75075,20547,1949,7841,111930,4.1,Luxury Vacationer
TRIP_00979,USR_283,Mumbai,Pachmarhi,Madhya Pradesh,Central,Hill Station & Waterfalls,812,16.79,4,Car,1,Summer,Budget Hotel,17818,5768,2164,526,1870,28146,5.0,Frequent Nomad
TRIP_00980,USR_319,Delhi,Diu,Daman and Diu,West,Beach & Portuguese Fort,1707,29.45,2,Train,2,Winter,Mid-Range 3-Star,4916,7868,4772,1645,717,19918,4.5,Frequent Nomad
TRIP_00981,USR_271,Pune,Mount Abu,Rajasthan,North,Hill Station & Temple,880,18.2,4,Car,1,Winter,Budget Hotel,19016,6800,1719,428,2106,30069,4.7,Luxury Vacationer
TRIP_00982,USR_277,Jaipur,Mount Abu,Rajasthan,North,Hill Station & Temple,495,10.24,2,Car,2,Summer,Budget Hotel,10195,2970,1959,1077,1449,17650,4.3,Frequent Nomad
TRIP_00983,USR_123,Bengaluru,Manali,Himachal Pradesh,North,Hill Station & Adventure,823,17.02,5,Car,4,Winter,Homestay,17584,24460,8016,5074,3385,58519,5.0,Budget Traveler
TRIP_00984,USR_325,Delhi,Wayanad,Kerala,South,Nature & Wildlife,1844,32.35,3,Train,5,Summer,Homestay,14961,18909,6541,5599,2620,48630,4.5,Budget Traveler
TRIP_00985,USR_314,Delhi,Leh-Ladakh,Ladakh,North,Adventure & Mountain,980,17.1,5,Train,4,Summer,Mid-Range 3-Star,6854,44580,14924,4784,5729,76871,4.9,Family Explorer
TRIP_00986,USR_234,Kochi,Kovalam,Kerala,South,Beach & Wellness,210,4.34,3,Car,2,Summer,Budget Hotel,5101,6528,3123,1840,1161,17753,4.6,Budget Traveler
TRIP_00987,USR_275,Kolkata,Gokarna,Karnataka,South,Beach & Spiritual,1150,19.8,4,Train,4,Monsoon,Homestay,8056,10392,5750,4359,1238,29795,4.1,Budget Traveler
TRIP_00988,USR_136,Kochi,Bodh Gaya,Bihar,East,Spiritual & Buddhist Heritage,1111,19.86,2,Train,3,Monsoon,Budget Hotel,4763,3500,2745,1471,754,13233,4.9,Budget Traveler
TRIP_00989,USR_187,Bengaluru,Rishikesh,Uttarakhand,North,Spiritual & Adventure,1183,4.65,2,Flight,1,Monsoon,Homestay,5842,2924,713,1069,706,11254,4.8,Frequent Nomad
TRIP_00990,USR_212,Pune,Srinagar,Jammu & Kashmir,North,Lakes & Paradise Valley,948,17.39,5,Train,2,Monsoon,Mid-Range 3-Star,3259,17265,7200,1641,2663,32028,3.8,Frequent Nomad
TRIP_00991,USR_338,Jaipur,Shimla,Himachal Pradesh,North,Hill Station,600,3.59,2,Flight,1,Autumn,Luxury Resort,5764,17088,3761,1018,2537,30168,5.0,Luxury Vacationer
TRIP_00992,USR_327,Chandigarh,Pushkar,Rajasthan,North,Cultural & Desert,1523,27.31,1,Train,1,Summer,Homestay,2434,1455,637,671,389,5586,4.0,Frequent Nomad
TRIP_00993,USR_306,Hyderabad,Jaisalmer,Rajasthan,North,Desert & Heritage,1260,4.79,1,Flight,2,Summer,Luxury Resort,13373,5763,4919,1373,1303,26731,4.4,Luxury Vacationer
TRIP_00994,USR_153,Pune,Manali,Himachal Pradesh,North,Hill Station & Adventure,1933,6.01,4,Flight,3,Summer,Homestay,29640,18512,5547,3170,3664,60533,4.2,Family Explorer
TRIP_00995,USR_276,Pune,Pushkar,Rajasthan,North,Cultural & Desert,885,16.25,3,Train,3,Autumn,Luxury Resort,5459,37020,13634,3646,2694,62453,4.2,Luxury Vacationer
TRIP_00996,USR_298,Hyderabad,Alleppey,Kerala,South,Backwaters & Houseboat,1831,37.87,2,Car,2,Autumn,Luxury Resort,34669,18976,10257,2933,3239,70074,5.0,Luxury Vacationer
TRIP_00997,USR_161,Hyderabad,Khajuraho,Madhya Pradesh,Central,Heritage & Art,1020,18.25,3,Train,3,Monsoon,Budget Hotel,6192,6708,5619,1869,949,21337,4.8,Budget Traveler
TRIP_00998,USR_155,Kolkata,Ranthambore,Rajasthan,North,Wildlife Safari,640,11.74,2,Train,3,Monsoon,Homestay,3246,11528,2796,5712,1713,24995,4.7,Family Explorer
TRIP_00999,USR_208,Mumbai,Varanasi,Uttar Pradesh,North,Spiritual & Heritage,1500,26.52,3,Train,2,Autumn,Budget Hotel,4123,4299,3334,2669,1037,15462,5.0,Budget Traveler
TRIP_01000,USR_104,Mumbai,Amritsar,Punjab,North,Spiritual & Heritage,713,14.75,1,Car,1,Autumn,Luxury Resort,14486,4831,1906,809,1793,23825,4.8,Luxury Vacationer
TRIP_01001,USR_130,Chandigarh,Chikmagalur,Karnataka,South,Hill Station & Coffee,1478,5.19,4,Flight,1,Monsoon,Luxury Resort,7510,24380,10264,608,2758,45520,4.6,Luxury Vacationer
TRIP_01002,USR_295,Pune,Haridwar,Uttarakhand,North,Spiritual & Heritage,613,12.68,2,Car,2,Summer,Budget Hotel,13665,2276,1637,2346,1182,21106,4.3,Frequent Nomad
TRIP_01003,USR_113,Kochi,Alleppey,Kerala,South,Backwaters & Houseboat,55,1.6,3,Train,2,Winter,Luxury Resort,436,27555,12715,1932,3276,45914,4.7,Luxury Vacationer
TRIP_01004,USR_297,Chennai,Kaziranga,Assam,Northeast,Wildlife Safari,997,17.56,3,Train,1,Summer,Luxury Resort,1637,20358,6489,1675,1201,31360,5.0,Luxury Vacationer
TRIP_01005,USR_290,Pune,Darjeeling,West Bengal,East,Hill Station & Tea,808,21.19,3,Bus,3,Winter,Budget Hotel,4551,9924,4482,2985,1279,23221,5.0,Budget Traveler
TRIP_01006,USR_259,Delhi,Tawang,Arunachal Pradesh,Northeast,Himalayan & Monastery,1522,5.27,4,Flight,5,Autumn,Budget Hotel,44698,21444,7880,6559,6878,87459,4.9,Family Explorer
TRIP_01007,USR_198,Jaipur,Tawang,Arunachal Pradesh,Northeast,Himalayan & Monastery,611,12.64,4,Car,1,Monsoon,Mid-Range 3-Star,12782,11400,3313,1557,2480,31532,4.4,Luxury Vacationer
TRIP_01008,USR_211,Bengaluru,Hampi,Karnataka,South,Heritage & Archaeology,340,7.66,5,Train,3,Monsoon,Homestay,1718,13810,7830,4585,1319,29262,4.3,Budget Traveler
TRIP_01009,USR_277,Mumbai,Leh-Ladakh,Ladakh,North,Adventure & Mountain,1477,30.55,5,Car,1,Winter,Luxury Resort,31024,65305,9443,1105,5054,111931,4.4,Luxury Vacationer
TRIP_01010,USR_169,Kochi,Havelock Island,Andaman & Nicobar,Islands,Beach & Scuba,1750,29.81,5,Train,2,Monsoon,Homestay,5522,14130,3691,2881,2091,28315,4.7,Budget Traveler
TRIP_01011,USR_251,Pune,Kovalam,Kerala,South,Beach & Wellness,1669,34.52,4,Car,3,Monsoon,Luxury Resort,33707,46888,21402,1714,9308,113019,4.8,Luxury Vacationer
TRIP_01012,USR_228,Delhi,Kaziranga,Assam,Northeast,Wildlife Safari,1878,5.91,5,Flight,1,Summer,Luxury Resort,8711,38435,12113,2283,4366,65908,4.2,Luxury Vacationer
TRIP_01013,USR_189,Bengaluru,Gokarna,Karnataka,South,Beach & Spiritual,485,9.04,2,Train,3,Monsoon,Mid-Range 3-Star,2808,8272,4667,3147,1163,20057,4.9,Family Explorer
TRIP_01014,USR_207,Chennai,Mussoorie,Uttarakhand,North,Hill Station,1031,4.37,3,Flight,1,Autumn,Homestay,7075,7743,1390,690,1033,17931,4.4,Frequent Nomad
TRIP_01015,USR_155,Bengaluru,Madurai,Tamil Nadu,South,Heritage & Temple,435,9.0,4,Car,2,Monsoon,Homestay,11110,6104,5149,1590,1186,25139,4.8,Budget Traveler
TRIP_01016,USR_331,Chandigarh,Leh-Ladakh,Ladakh,North,Adventure & Mountain,750,15.51,4,Car,4,Monsoon,Mid-Range 3-Star,16766,34288,16264,5956,4843,78117,5.0,Family Explorer
TRIP_01017,USR_158,Pune,Gangtok,Sikkim,Northeast,Hill Station & Monastery,1400,25.07,4,Train,2,Monsoon,Luxury Resort,5860,18352,15040,2752,3366,45370,4.7,Luxury Vacationer
TRIP_01018,USR_268,Mumbai,Haridwar,Uttarakhand,North,Spiritual & Heritage,651,3.68,3,Flight,2,Autumn,Luxury Resort,10653,19617,12982,932,3338,47522,4.9,Luxury Vacationer
TRIP_01019,USR_121,Chandigarh,Madurai,Tamil Nadu,South,Heritage & Temple,1949,6.04,1,Flight,6,Autumn,Budget Hotel,63514,4080,3124,2864,4399,77981,4.7,Luxury Vacationer
TRIP_01020,USR_291,Chandigarh,Diu,Daman and Diu,West,Beach & Portuguese Fort,1247,4.77,1,Flight,4,Summer,Homestay,29328,3858,1687,4894,1812,41579,4.6,Luxury Vacationer
TRIP_01021,USR_134,Kolkata,Goa,Goa,West,Beach & Nightlife,2150,56.38,6,Bus,2,Winter,Homestay,8627,22512,6661,1846,1913,41559,4.4,Budget Traveler
TRIP_01022,USR_219,Jaipur,Diu,Daman and Diu,West,Beach & Portuguese Fort,677,13.09,1,Train,2,Monsoon,Homestay,2804,1517,741,2406,325,7793,4.2,Budget Traveler
TRIP_01023,USR_234,Kochi,Mysore,Karnataka,South,Heritage & Palaces,594,12.29,2,Car,4,Autumn,Mid-Range 3-Star,12404,13928,8027,6021,2278,42658,4.9,Family Explorer
TRIP_01024,USR_312,Chennai,Alleppey,Kerala,South,Backwaters & Houseboat,685,17.96,2,Bus,4,Autumn,Budget Hotel,6677,9532,4027,4047,960,25243,4.8,Budget Traveler
TRIP_01025,USR_138,Kolkata,Mussoorie,Uttarakhand,North,Hill Station,1637,5.48,3,Flight,2,Winter,Homestay,19526,7719,2355,2031,1653,33284,4.4,Frequent Nomad
TRIP_01026,USR_185,Bengaluru,Jaisalmer,Rajasthan,North,Desert & Heritage,1902,33.33,2,Train,1,Autumn,Mid-Range 3-Star,3612,8812,1730,944,799,15897,4.4,Luxury Vacationer
TRIP_01027,USR_110,Mumbai,Agra,Uttar Pradesh,North,Heritage & Monument,1200,4.68,3,Flight,4,Monsoon,Budget Hotel,24460,6804,5505,8608,1819,47196,4.6,Budget Traveler
TRIP_01028,USR_263,Kolkata,Srinagar,Jammu & Kashmir,North,Lakes & Paradise Valley,1910,5.97,4,Flight,4,Autumn,Mid-Range 3-Star,44352,34800,12228,6088,5065,102533,4.5,Family Explorer
TRIP_01029,USR_159,Chennai,Gokarna,Karnataka,South,Beach & Spiritual,1644,5.49,3,Flight,3,Monsoon,Homestay,21906,8754,5097,4486,2300,42543,3.7,Family Explorer
TRIP_01030,USR_259,Mumbai,Jim Corbett,Uttarakhand,North,Wildlife Safari,1550,5.32,3,Flight,2,Summer,Mid-Range 3-Star,15957,14622,6978,5056,2588,45201,4.3,Luxury Vacationer
TRIP_01031,USR_224,Pune,Ooty,Tamil Nadu,South,Hill Station,1819,5.81,4,Flight,4,Winter,Mid-Range 3-Star,39950,26304,12400,5463,3710,87827,4.1,Family Explorer
TRIP_01032,USR_151,Hyderabad,Gangtok,Sikkim,Northeast,Hill Station & Monastery,1390,5.03,4,Flight,4,Winter,Homestay,33497,23368,5757,6390,4411,73423,4.8,Family Explorer
TRIP_01033,USR_170,Jaipur,Kaziranga,Assam,Northeast,Wildlife Safari,1551,5.32,4,Flight,1,Winter,Budget Hotel,9241,10872,1693,1617,2097,25520,5.0,Frequent Nomad
TRIP_01034,USR_320,Delhi,Pondicherry,Puducherry,South,Beach & French Heritage,1862,5.89,3,Flight,2,Autumn,Homestay,21302,6807,3093,1146,2803,35151,4.6,Frequent Nomad
TRIP_01035,USR_117,Mumbai,Jodhpur,Rajasthan,North,Heritage & Culture,990,20.48,3,Car,4,Monsoon,Budget Hotel,19381,8274,5918,6808,1445,41826,4.7,Budget Traveler
TRIP_01036,USR_303,Bengaluru,Hampi,Karnataka,South,Heritage & Archaeology,340,7.03,3,Car,1,Autumn,Budget Hotel,7417,4071,1580,811,530,14409,5.0,Frequent Nomad
TRIP_01037,USR_211,Bengaluru,Tawang,Arunachal Pradesh,Northeast,Himalayan & Monastery,1356,23.98,7,Train,4,Summer,Luxury Resort,8337,111692,52880,4791,10325,188025,4.9,Luxury Vacationer
TRIP_01038,USR_224,Jaipur,Alleppey,Kerala,South,Backwaters & Houseboat,1771,30.41,3,Train,4,Monsoon,Homestay,13422,13278,6011,2510,2793,38014,5.0,Budget Traveler
TRIP_01039,USR_147,Kochi,Ooty,Tamil Nadu,South,Hill Station,280,5.79,4,Car,4,Monsoon,Luxury Resort,7072,38960,35321,5794,4925,92072,5.0,Luxury Vacationer
TRIP_01040,USR_276,Jaipur,Rishikesh,Uttarakhand,North,Spiritual & Adventure,846,15.74,2,Train,4,Winter,Homestay,5590,7796,4639,5169,1724,24918,4.7,Budget Traveler
TRIP_01041,USR_154,Chandigarh,Haridwar,Uttarakhand,North,Spiritual & Heritage,200,4.14,3,Car,4,Summer,Mid-Range 3-Star,5620,12600,13514,1954,3090,36778,5.0,Family Explorer
TRIP_01042,USR_222,Chandigarh,Mount Abu,Rajasthan,North,Hill Station & Temple,1937,33.13,2,Train,2,Monsoon,Mid-Range 3-Star,7934,5252,3407,1547,1016,19156,4.5,Frequent Nomad
TRIP_01043,USR_291,Hyderabad,Chikmagalur,Karnataka,South,Hill Station & Coffee,1080,4.46,3,Flight,2,Autumn,Luxury Resort,13285,26340,15167,1754,4314,60860,4.6,Luxury Vacationer
TRIP_01044,USR_136,Kochi,Bandipur,Karnataka,South,Wildlife Safari,1011,18.58,2,Train,2,Winter,Homestay,4030,7044,1753,3244,1121,17192,3.8,Frequent Nomad
TRIP_01045,USR_184,Jaipur,Tirupati,Andhra Pradesh,South,Spiritual & Pilgrimage,858,15.73,5,Train,4,Summer,Luxury Resort,5048,49790,33835,3502,7384,99559,5.0,Luxury Vacationer
TRIP_01046,USR_221,Chennai,Bandipur,Karnataka,South,Wildlife Safari,520,10.75,2,Car,6,Autumn,Luxury Resort,11844,59124,17654,8170,6405,103197,4.7,Luxury Vacationer
TRIP_01047,USR_213,Kolkata,Jaipur,Rajasthan,North,Heritage & Culture,1500,5.23,1,Flight,3,Autumn,Homestay,25466,6692,1929,6385,3150,43622,4.0,Luxury Vacationer
TRIP_01048,USR_251,Kolkata,Madurai,Tamil Nadu,South,Heritage & Temple,859,22.52,2,Bus,1,Winter,Luxury Resort,1931,9614,4630,992,929,18096,5.0,Luxury Vacationer
TRIP_01049,USR_106,Mumbai,Bandipur,Karnataka,South,Wildlife Safari,589,11.75,3,Train,2,Monsoon,Mid-Range 3-Star,2186,13962,6853,3255,1555,27811,4.4,Frequent Nomad
TRIP_01050,USR_186,Delhi,Haridwar,Uttarakhand,North,Spiritual & Heritage,220,4.55,3,Train,2,Monsoon,Budget Hotel,1082,2682,2869,2515,596,9744,4.6,Budget Traveler
TRIP_01051,USR_116,Jaipur,Khajuraho,Madhya Pradesh,Central,Heritage & Art,483,9.99,2,Car,1,Autumn,Budget Hotel,10694,3544,1023,814,671,16746,4.2,Luxury Vacationer
TRIP_01052,USR_120,Chandigarh,Manali,Himachal Pradesh,North,Hill Station & Adventure,290,6.0,3,Car,1,Winter,Homestay,6890,8637,1880,1874,1481,20762,4.9,Frequent Nomad
TRIP_01053,USR_297,Pune,Leh-Ladakh,Ladakh,North,Adventure & Mountain,1403,25.22,5,Train,1,Autumn,Homestay,1925,20590,2721,1386,2058,28680,5.0,Frequent Nomad
TRIP_01054,USR_310,Pune,Munnar,Kerala,South,Hill Station,1272,21.71,1,Train,1,Monsoon,Luxury Resort,1934,4398,1912,775,663,9682,4.8,Luxury Vacationer
TRIP_01055,USR_184,Jaipur,Jaisalmer,Rajasthan,North,Desert & Heritage,560,10.99,2,Train,3,Summer,Mid-Range 3-Star,3546,17460,5930,2203,1575,30714,4.9,Family Explorer
TRIP_01056,USR_126,Chennai,Kaziranga,Assam,Northeast,Wildlife Safari,1682,34.79,4,Car,6,Winter,Homestay,36609,44448,10670,7338,5336,104401,4.6,Family Explorer
TRIP_01057,USR_209,Kolkata,Pondicherry,Puducherry,South,Beach & French Heritage,894,18.49,3,Car,2,Monsoon,Budget Hotel,19708,3774,3601,1790,2292,31165,5.0,Frequent Nomad
TRIP_01058,USR_290,Delhi,Mysore,Karnataka,South,Heritage & Palaces,550,14.42,2,Bus,4,Autumn,Luxury Resort,4507,22572,14852,2889,2117,46937,4.6,Luxury Vacationer
TRIP_01059,USR_334,Chandigarh,Tawang,Arunachal Pradesh,Northeast,Himalayan & Monastery,1507,25.86,4,Train,6,Winter,Homestay,15730,29040,12754,5356,2960,65840,5.0,Budget Traveler
TRIP_01060,USR_124,Jaipur,Khajuraho,Madhya Pradesh,Central,Heritage & Art,1428,37.45,1,Bus,6,Monsoon,Budget Hotel,14176,3747,2784,9505,952,31164,5.0,Family Explorer
TRIP_01061,USR_193,Kolkata,Goa,Goa,West,Beach & Nightlife,2150,44.47,5,Car,2,Autumn,Mid-Range 3-Star,45056,24705,11050,1563,7907,90281,4.6,Luxury Vacationer
TRIP_01062,USR_287,Hyderabad,Kodaikanal,Tamil Nadu,South,Hill Station,738,15.26,2,Car,4,Summer,Homestay,13617,7708,4468,2179,2273,30245,4.2,Budget Traveler
TRIP_01063,USR_322,Kolkata,Khajuraho,Madhya Pradesh,Central,Heritage & Art,1714,35.45,1,Car,1,Autumn,Homestay,30790,1945,395,1279,2050,36459,4.9,Luxury Vacationer
TRIP_01064,USR_337,Bengaluru,Varanasi,Uttar Pradesh,North,Spiritual & Heritage,511,9.32,1,Train,2,Autumn,Luxury Resort,2362,5710,3436,2479,689,14676,4.7,Luxury Vacationer
TRIP_01065,USR_328,Kochi,Kodaikanal,Tamil Nadu,South,Hill Station,300,6.2,3,Car,6,Summer,Luxury Resort,6991,38421,36544,2501,7690,92147,4.4,Luxury Vacationer
TRIP_01066,USR_124,Pune,Goa,Goa,West,Beach & Nightlife,440,9.1,4,Car,2,Winter,Luxury Resort,10488,40684,15427,3456,2666,72721,4.6,Luxury Vacationer
TRIP_01067,USR_222,Kochi,Shillong,Meghalaya,Northeast,Nature & Waterfalls,712,14.73,4,Car,3,Monsoon,Mid-Range 3-Star,15323,25192,11356,3630,2466,57967,5.0,Family Explorer
TRIP_01068,USR_232,Mumbai,Agra,Uttar Pradesh,North,Heritage & Monument,1200,24.82,3,Car,6,Summer,Budget Hotel,24996,14544,9621,7728,4119,61008,4.6,Budget Traveler
TRIP_01069,USR_178,Hyderabad,Pachmarhi,Madhya Pradesh,Central,Hill Station & Waterfalls,1396,24.91,3,Train,4,Monsoon,Homestay,9184,9390,4722,6125,1977,31398,4.4,Budget Traveler
TRIP_01070,USR_305,Pune,Kovalam,Kerala,South,Beach & Wellness,548,14.37,3,Bus,5,Summer,Homestay,6674,18468,9009,4151,1390,39692,4.7,Budget Traveler
TRIP_01071,USR_224,Kochi,Jim Corbett,Uttarakhand,North,Wildlife Safari,834,17.25,2,Car,2,Autumn,Luxury Resort,16447,26930,7711,4714,3620,59422,4.0,Luxury Vacationer
TRIP_01072,USR_187,Hyderabad,Rishikesh,Uttarakhand,North,Spiritual & Adventure,972,25.49,2,Bus,1,Monsoon,Luxury Resort,2057,9362,3031,1444,805,16699,4.8,Luxury Vacationer
TRIP_01073,USR_301,Hyderabad,Ranthambore,Rajasthan,North,Wildlife Safari,1765,31.36,4,Train,2,Winter,Homestay,7633,14368,4792,3963,1274,32030,5.0,Frequent Nomad
TRIP_01074,USR_189,Kolkata,Chikmagalur,Karnataka,South,Hill Station & Coffee,1343,4.94,2,Flight,1,Winter,Homestay,8870,5372,1299,1411,828,17780,4.6,Luxury Vacationer
TRIP_01075,USR_105,Delhi,Tawang,Arunachal Pradesh,Northeast,Himalayan & Monastery,1174,20.91,5,Train,2,Summer,Budget Hotel,3883,9760,4191,2358,1114,21306,4.8,Budget Traveler
TRIP_01076,USR_126,Mumbai,Kovalam,Kerala,South,Beach & Wellness,1749,30.91,3,Train,2,Summer,Homestay,7504,7500,2863,821,1753,20441,4.7,Budget Traveler
TRIP_01077,USR_203,Kolkata,Mysore,Karnataka,South,Heritage & Palaces,1518,5.26,1,Flight,2,Autumn,Luxury Resort,17277,5821,5051,1483,2064,31696,5.0,Luxury Vacationer
TRIP_01078,USR_180,Delhi,Tawang,Arunachal Pradesh,Northeast,Himalayan & Monastery,1705,5.6,6,Flight,1,Winter,Budget Hotel,9429,13848,2965,1590,2587,30419,5.0,Frequent Nomad
TRIP_01079,USR_163,Pune,Varanasi,Uttar Pradesh,North,Spiritual & Heritage,1773,36.67,4,Car,2,Autumn,Luxury Resort,33524,22516,13372,937,4448,74797,4.1,Luxury Vacationer
TRIP_01080,USR_286,Chandigarh,Haridwar,Uttarakhand,North,Spiritual & Heritage,200,4.14,3,Car,1,Summer,Homestay,5522,4692,1059,673,520,12466,4.8,Frequent Nomad
TRIP_01081,USR_261,Chandigarh,Srinagar,Jammu & Kashmir,North,Lakes & Paradise Valley,925,16.36,3,Train,1,Autumn,Budget Hotel,1767,7638,1188,1437,881,12911,4.5,Frequent Nomad
TRIP_01082,USR_325,Kolkata,Kodaikanal,Tamil Nadu,South,Hill Station,1231,21.19,5,Train,3,Monsoon,Luxury Resort,5441,43830,33775,3205,4772,91023,4.8,Luxury Vacationer
TRIP_01083,USR_234,Bengaluru,Manali,Himachal Pradesh,North,Hill Station & Adventure,1948,33.33,4,Train,4,Monsoon,Luxury Resort,16705,48000,30496,6918,5408,107527,4.1,Luxury Vacationer
TRIP_01084,USR_286,Kolkata,Shillong,Meghalaya,Northeast,Nature & Waterfalls,1080,4.46,5,Flight,1,Monsoon,Luxury Resort,5614,28055,9139,1257,2959,47024,4.3,Luxury Vacationer
TRIP_01085,USR_250,Kochi,Pondicherry,Puducherry,South,Beach & French Heritage,1660,34.33,3,Car,3,Autumn,Mid-Range 3-Star,34942,20898,8823,2523,4599,71785,4.5,Luxury Vacationer
TRIP_01086,USR_337,Pune,Kodaikanal,Tamil Nadu,South,Hill Station,1682,5.56,2,Flight,2,Winter,Budget Hotel,18610,3526,2316,2460,2304,29216,4.4,Frequent Nomad
TRIP_01087,USR_208,Pune,Pachmarhi,Madhya Pradesh,Central,Hill Station & Waterfalls,531,10.98,3,Car,2,Monsoon,Luxury Resort,11615,16296,15169,2551,3733,49364,4.4,Luxury Vacationer
TRIP_01088,USR_272,Chennai,Gokarna,Karnataka,South,Beach & Spiritual,1611,27.39,3,Train,2,Summer,Mid-Range 3-Star,6836,6450,6605,2638,1098,23627,5.0,Frequent Nomad
TRIP_01089,USR_310,Hyderabad,Jim Corbett,Uttarakhand,North,Wildlife Safari,959,4.24,2,Flight,3,Monsoon,Luxury Resort,16027,35272,13433,7180,3213,75125,4.7,Luxury Vacationer
TRIP_01090,USR_243,Jaipur,Diu,Daman and Diu,West,Beach & Portuguese Fort,1109,20.11,1,Train,5,Autumn,Homestay,11679,7884,2250,6324,1966,30103,3.9,Family Explorer
TRIP_01091,USR_159,Hyderabad,Wayanad,Kerala,South,Nature & Wildlife,657,17.23,4,Bus,2,Winter,Luxury Resort,2958,28000,12987,1550,3622,49117,4.7,Luxury Vacationer
TRIP_01092,USR_190,Hyderabad,Chikmagalur,Karnataka,South,Hill Station & Coffee,1190,24.61,1,Car,2,Summer,Homestay,21235,2178,1245,2273,2105,29036,4.5,Luxury Vacationer
TRIP_01093,USR_238,Mumbai,Varkala,Kerala,South,Beach & Cliff,1716,5.62,1,Flight,5,Winter,Homestay,50805,6282,3122,6613,2934,69756,4.3,Luxury Vacationer
TRIP_01094,USR_188,Jaipur,Jim Corbett,Uttarakhand,North,Wildlife Safari,1262,4.79,1,Flight,2,Summer,Luxury Resort,15328,7620,4754,4102,2055,33859,4.5,Luxury Vacationer
TRIP_01095,USR_122,Hyderabad,Pondicherry,Puducherry,South,Beach & French Heritage,780,3.92,4,Flight,3,Autumn,Budget Hotel,16686,14856,7773,1832,3212,44359,4.8,Budget Traveler
TRIP_01096,USR_157,Delhi,Pondicherry,Puducherry,South,Beach & French Heritage,1351,23.23,3,Train,2,Summer,Mid-Range 3-Star,3592,9162,6036,1775,1373,21938,5.0,Frequent Nomad
TRIP_01097,USR_246,Delhi,Mount Abu,Rajasthan,North,Hill Station & Temple,760,19.93,3,Bus,5,Summer,Luxury Resort,9739,56493,38624,6376,10371,121603,4.7,Luxury Vacationer
TRIP_01098,USR_306,Kolkata,Ranthambore,Rajasthan,North,Wildlife Safari,1208,4.7,2,Flight,4,Monsoon,Homestay,24489,11100,5099,8692,4035,53415,4.6,Family Explorer
TRIP_01099,USR_164,Jaipur,Bodh Gaya,Bihar,East,Spiritual & Buddhist Heritage,713,13.85,4,Train,3,Winter,Luxury Resort,3218,39968,28698,2154,5903,79941,4.6,Luxury Vacationer
TRIP_01100,USR_350,Jaipur,Pondicherry,Puducherry,South,Beach & French Heritage,1402,24.73,4,Train,3,Monsoon,Budget Hotel,7154,11424,6327,4616,1029,30550,4.3,Budget Traveler
TRIP_01101,USR_215,Jaipur,Diu,Daman and Diu,West,Beach & Portuguese Fort,567,10.66,3,Train,2,Monsoon,Homestay,2022,4242,3818,1317,945,12344,4.2,Budget Traveler
TRIP_01102,USR_108,Chandigarh,Gangtok,Sikkim,Northeast,Hill Station & Monastery,1332,24.18,4,Train,2,Summer,Homestay,4239,9492,4473,1391,1600,21195,4.9,Budget Traveler
TRIP_01103,USR_231,Pune,Agra,Uttar Pradesh,North,Heritage & Monument,1555,27.71,4,Train,4,Monsoon,Budget Hotel,10070,10880,6174,9078,1947,38149,4.9,Budget Traveler
TRIP_01104,USR_287,Mumbai,Tawang,Arunachal Pradesh,Northeast,Himalayan & Monastery,848,17.54,5,Car,2,Summer,Homestay,17409,12945,5686,1125,2314,39479,4.7,Budget Traveler
TRIP_01105,USR_280,Pune,Mount Abu,Rajasthan,North,Hill Station & Temple,880,18.2,3,Car,1,Autumn,Luxury Resort,17154,18006,5478,1478,2843,44959,4.6,Luxury Vacationer
TRIP_01106,USR_148,Kolkata,Varkala,Kerala,South,Beach & Cliff,860,15.36,4,Train,1,Summer,Budget Hotel,1763,5800,2028,1027,948,11566,5.0,Budget Traveler
TRIP_01107,USR_116,Hyderabad,Shimla,Himachal Pradesh,North,Hill Station,795,15.2,3,Train,4,Winter,Budget Hotel,5517,10062,4299,4847,1820,26545,4.6,Budget Traveler
TRIP_01108,USR_345,Mumbai,Hampi,Karnataka,South,Heritage & Archaeology,740,15.3,3,Car,3,Autumn,Homestay,16455,11094,4994,2542,1647,36732,4.5,Family Explorer
TRIP_01109,USR_213,Mumbai,Puri,Odisha,East,Coastal & Spiritual,754,19.77,2,Bus,3,Autumn,Budget Hotel,5897,6340,3698,1333,1530,18798,3.6,Budget Traveler
TRIP_01110,USR_340,Kolkata,Shimla,Himachal Pradesh,North,Hill Station,1164,4.62,4,Flight,2,Summer,Homestay,13542,10232,4248,3307,2697,34026,4.6,Frequent Nomad
TRIP_01111,USR_338,Jaipur,Mysore,Karnataka,South,Heritage & Palaces,1367,24.29,3,Train,2,Winter,Budget Hotel,4480,4473,2531,1675,737,13896,4.3,Budget Traveler
TRIP_01112,USR_192,Chennai,Srinagar,Jammu & Kashmir,North,Lakes & Paradise Valley,1800,47.2,3,Bus,3,Winter,Budget Hotel,10257,15942,4573,3373,1958,36103,4.6,Family Explorer
TRIP_01113,USR_240,Delhi,Alleppey,Kerala,South,Backwaters & Houseboat,1106,22.87,3,Car,2,Summer,Luxury Resort,21561,26073,11310,2090,4095,65129,4.8,Luxury Vacationer
TRIP_01114,USR_183,Jaipur,Srinagar,Jammu & Kashmir,North,Lakes & Paradise Valley,1698,5.59,4,Flight,2,Autumn,Mid-Range 3-Star,20350,19592,6748,1137,4196,52023,5.0,Frequent Nomad
TRIP_01115,USR_149,Bengaluru,Wayanad,Kerala,South,Nature & Wildlife,275,5.69,2,Car,1,Summer,Mid-Range 3-Star,5891,7184,1702,1585,637,16999,4.7,Luxury Vacationer
TRIP_01116,USR_312,Pune,Rameshwaram,Tamil Nadu,South,Coastal & Spiritual,1491,26.11,4,Train,2,Summer,Budget Hotel,4143,6068,5079,2309,678,18277,5.0,Budget Traveler
TRIP_01117,USR_153,Kochi,Gokarna,Karnataka,South,Beach & Spiritual,1619,27.55,3,Train,2,Winter,Luxury Resort,6194,14784,15055,1176,3200,40409,4.5,Luxury Vacationer
TRIP_01118,USR_313,Hyderabad,Rishikesh,Uttarakhand,North,Spiritual & Adventure,1248,4.77,4,Flight,5,Summer,Mid-Range 3-Star,34751,35172,15559,6179,4743,96404,5.0,Family Explorer
TRIP_01119,USR_337,Pune,Haridwar,Uttarakhand,North,Spiritual & Heritage,1618,27.77,3,Train,3,Monsoon,Mid-Range 3-Star,6319,11706,10005,3933,1439,33402,5.0,Family Explorer
TRIP_01120,USR_300,Kochi,Shillong,Meghalaya,Northeast,Nature & Waterfalls,1679,29.42,4,Train,2,Winter,Luxury Resort,6648,23580,12437,1176,1999,45840,3.9,Luxury Vacationer
TRIP_01121,USR_141,Kochi,Goa,Goa,West,Beach & Nightlife,750,15.51,6,Car,4,Summer,Mid-Range 3-Star,18489,48312,25380,4201,5271,101653,4.5,Family Explorer
TRIP_01122,USR_320,Chandigarh,Shillong,Meghalaya,Northeast,Nature & Waterfalls,672,12.29,2,Train,2,Winter,Homestay,2583,6030,1997,3227,722,14559,5.0,Budget Traveler
TRIP_01123,USR_128,Bengaluru,Pondicherry,Puducherry,South,Beach & French Heritage,310,8.13,1,Bus,5,Winter,Luxury Resort,4388,19710,11838,5464,2382,43782,4.6,Luxury Vacationer
TRIP_01124,USR_137,Kochi,Havelock Island,Andaman & Nicobar,Islands,Beach & Scuba,534,10.55,2,Train,1,Summer,Mid-Range 3-Star,797,10068,1552,1058,627,14102,4.8,Frequent Nomad
TRIP_01125,USR_219,Delhi,Diu,Daman and Diu,West,Beach & Portuguese Fort,565,3.53,4,Flight,1,Autumn,Luxury Resort,4823,22520,5905,584,2642,36474,4.6,Luxury Vacationer
TRIP_01126,USR_213,Chennai,Chikmagalur,Karnataka,South,Hill Station & Coffee,600,11.77,3,Train,1,Winter,Mid-Range 3-Star,947,12612,3546,1208,1104,19417,4.8,Frequent Nomad
TRIP_01127,USR_237,Chennai,Spiti Valley,Himachal Pradesh,North,Adventure & Mountain,1925,6.0,3,Flight,2,Summer,Mid-Range 3-Star,18019,8649,4511,1785,2299,35263,4.6,Frequent Nomad
TRIP_01128,USR_309,Pune,Bandipur,Karnataka,South,Wildlife Safari,1611,33.32,2,Car,1,Winter,Homestay,28541,8538,711,2213,2807,42810,5.0,Luxury Vacationer
TRIP_01129,USR_199,Kolkata,Haridwar,Uttarakhand,North,Spiritual & Heritage,1711,29.69,1,Train,2,Autumn,Homestay,6293,2035,907,1691,878,11804,4.7,Frequent Nomad
TRIP_01130,USR_140,Kochi,Kaziranga,Assam,Northeast,Wildlife Safari,1187,24.55,3,Car,1,Summer,Homestay,25416,8463,1399,1185,2977,39440,4.6,Luxury Vacationer
TRIP_01131,USR_211,Kolkata,Agra,Uttar Pradesh,North,Heritage & Monument,1270,4.81,1,Flight,2,Winter,Luxury Resort,16979,6381,4844,3381,2188,33773,4.8,Luxury Vacationer
TRIP_01132,USR_154,Pune,Mount Abu,Rajasthan,North,Hill Station & Temple,880,15.86,1,Train,3,Autumn,Luxury Resort,4540,13916,5508,2604,1998,28566,4.7,Luxury Vacationer
TRIP_01133,USR_153,Delhi,Gokarna,Karnataka,South,Beach & Spiritual,1909,33.17,2,Train,1,Summer,Mid-Range 3-Star,3382,5590,2163,1072,588,12795,4.4,Frequent Nomad
TRIP_01134,USR_137,Kochi,Shimla,Himachal Pradesh,North,Hill Station,1561,5.34,5,Flight,6,Autumn,Mid-Range 3-Star,58818,67890,34051,4206,9687,174652,4.7,Family Explorer
TRIP_01135,USR_328,Mumbai,Rann of Kutch,Gujarat,West,Desert & Culture,850,17.58,2,Car,3,Autumn,Luxury Resort,16972,38064,11178,3084,5612,74910,3.7,Luxury Vacationer
TRIP_01136,USR_245,Mumbai,Diu,Daman and Diu,West,Beach & Portuguese Fort,780,20.45,3,Bus,2,Autumn,Homestay,3184,6198,2542,2598,825,15347,4.4,Budget Traveler
TRIP_01137,USR_257,Chandigarh,Jodhpur,Rajasthan,North,Heritage & Culture,1736,35.9,2,Car,2,Winter,Budget Hotel,30712,4810,2434,3293,2231,43480,5.0,Luxury Vacationer
TRIP_01138,USR_331,Hyderabad,Hampi,Karnataka,South,Heritage & Archaeology,375,8.19,4,Train,2,Summer,Mid-Range 3-Star,1444,10032,9236,2887,1418,25017,4.6,Frequent Nomad
TRIP_01139,USR_281,Mumbai,Alleppey,Kerala,South,Backwaters & Houseboat,1071,4.45,2,Flight,2,Winter,Homestay,13561,7526,1898,2443,1137,26565,4.9,Frequent Nomad
TRIP_01140,USR_242,Kochi,Pushkar,Rajasthan,North,Cultural & Desert,1025,4.36,2,Flight,1,Summer,Budget Hotel,5863,2680,966,462,597,10568,4.6,Frequent Nomad
TRIP_01141,USR_198,Kochi,Varanasi,Uttar Pradesh,North,Spiritual & Heritage,490,10.06,4,Train,1,Monsoon,Homestay,746,5324,1990,712,486,9258,4.9,Budget Traveler
TRIP_01142,USR_122,Hyderabad,Goa,Goa,West,Beach & Nightlife,650,11.54,5,Train,4,Summer,Mid-Range 3-Star,5865,47760,15109,7732,3562,80028,4.9,Family Explorer
TRIP_01143,USR_263,Hyderabad,Alleppey,Kerala,South,Backwaters & Houseboat,1906,5.97,1,Flight,1,Winter,Mid-Range 3-Star,11064,5066,707,1034,844,18715,4.4,Luxury Vacationer
TRIP_01144,USR_318,Kolkata,Hampi,Karnataka,South,Heritage & Archaeology,1501,5.23,2,Flight,4,Monsoon,Budget Hotel,30609,3912,2924,3106,2506,43057,5.0,Family Explorer
TRIP_01145,USR_211,Hyderabad,Kodaikanal,Tamil Nadu,South,Hill Station,1008,18.29,1,Train,4,Autumn,Mid-Range 3-Star,5912,6820,4756,5345,719,23552,4.4,Family Explorer
TRIP_01146,USR_198,Delhi,Srinagar,Jammu & Kashmir,North,Lakes & Paradise Valley,810,14.58,4,Train,1,Autumn,Mid-Range 3-Star,1366,20864,4406,1468,1716,29820,4.0,Frequent Nomad
TRIP_01147,USR_188,Mumbai,Jim Corbett,Uttarakhand,North,Wildlife Safari,1550,27.16,3,Train,6,Monsoon,Luxury Resort,12757,63810,34917,14827,10568,136879,4.5,Luxury Vacationer
TRIP_01148,USR_321,Jaipur,Jaipur,Rajasthan,North,Heritage & Culture,497,10.28,5,Car,4,Summer,Budget Hotel,10398,16950,10431,3788,1682,43249,3.9,Budget Traveler
TRIP_01149,USR_286,Chennai,Rameshwaram,Tamil Nadu,South,Coastal & Spiritual,560,11.58,3,Car,1,Monsoon,Budget Hotel,12606,2946,1464,1243,788,19047,4.6,Frequent Nomad
TRIP_01150,USR_132,Chennai,Pachmarhi,Madhya Pradesh,Central,Hill Station & Waterfalls,734,19.25,4,Bus,1,Summer,Budget Hotel,1775,5260,1509,1287,449,10280,4.5,Budget Traveler
TRIP_01151,USR_284,Bengaluru,Mysore,Karnataka,South,Heritage & Palaces,145,3.0,1,Car,4,Monsoon,Homestay,3175,2934,2126,3298,663,12196,5.0,Budget Traveler
TRIP_01152,USR_322,Chennai,Chikmagalur,Karnataka,South,Hill Station & Coffee,600,3.59,4,Flight,2,Summer,Budget Hotel,10738,5964,3431,2351,1034,23518,4.2,Budget Traveler
TRIP_01153,USR_132,Bengaluru,Hampi,Karnataka,South,Heritage & Archaeology,340,8.92,4,Bus,5,Summer,Mid-Range 3-Star,3898,29352,17946,4181,3314,58691,4.6,Family Explorer
TRIP_01154,USR_264,Kolkata,Gokarna,Karnataka,South,Beach & Spiritual,1323,4.91,1,Flight,1,Monsoon,Mid-Range 3-Star,6672,2263,1027,602,849,11413,4.2,Luxury Vacationer
TRIP_01155,USR_117,Chennai,Goa,Goa,West,Beach & Nightlife,910,16.18,5,Train,6,Autumn,Budget Hotel,11470,43395,11219,9531,2690,78305,5.0,Budget Traveler
TRIP_01156,USR_291,Bengaluru,Amritsar,Punjab,North,Spiritual & Heritage,1654,5.51,2,Flight,2,Monsoon,Budget Hotel,15786,2396,1782,2546,1242,23752,5.0,Frequent Nomad
TRIP_01157,USR_177,Kochi,Amritsar,Punjab,North,Spiritual & Heritage,1568,5.35,3,Flight,1,Summer,Homestay,7639,5601,1367,853,1393,16853,4.5,Frequent Nomad
TRIP_01158,USR_317,Pune,Jaisalmer,Rajasthan,North,Desert & Heritage,1401,24.08,5,Train,3,Autumn,Luxury Resort,5586,85430,23509,5348,8925,128798,4.7,Luxury Vacationer
TRIP_01159,USR_203,Hyderabad,Ooty,Tamil Nadu,South,Hill Station,850,17.58,3,Car,1,Autumn,Homestay,18761,6429,1064,795,1361,28410,3.8,Luxury Vacationer
TRIP_01160,USR_228,Pune,Varanasi,Uttar Pradesh,North,Spiritual & Heritage,1071,18.69,2,Train,2,Monsoon,Luxury Resort,3832,8026,7688,1769,1562,22877,4.6,Luxury Vacationer
TRIP_01161,USR_191,Bengaluru,Goa,Goa,West,Beach & Nightlife,560,10.89,4,Train,4,Monsoon,Mid-Range 3-Star,4333,27120,15153,4614,4539,55759,4.4,Family Explorer
TRIP_01162,USR_262,Mumbai,Mahabaleshwar,Maharashtra,West,Hill Station,260,5.86,2,Train,2,Monsoon,Luxury Resort,1204,11698,8142,1798,1711,24553,5.0,Luxury Vacationer
TRIP_01163,USR_133,Hyderabad,Madurai,Tamil Nadu,South,Heritage & Temple,1419,37.21,3,Bus,1,Winter,Budget Hotel,2861,4272,1238,639,772,9782,5.0,Budget Traveler
TRIP_01164,USR_181,Kochi,Leh-Ladakh,Ladakh,North,Adventure & Mountain,1586,32.8,5,Car,2,Monsoon,Mid-Range 3-Star,35631,21885,10907,3902,5643,77968,5.0,Luxury Vacationer
TRIP_01165,USR_257,Delhi,Darjeeling,West Bengal,East,Hill Station & Tea,1450,38.02,4,Bus,5,Autumn,Budget Hotel,17621,21408,9304,4163,3468,55964,5.0,Budget Traveler
TRIP_01166,USR_219,Chandigarh,Tawang,Arunachal Pradesh,Northeast,Himalayan & Monastery,994,4.31,3,Flight,4,Winter,Luxury Resort,26026,44940,27887,3773,8567,111193,3.7,Luxury Vacationer
TRIP_01167,USR_222,Delhi,Pondicherry,Puducherry,South,Beach & French Heritage,1746,30.09,2,Train,6,Winter,Luxury Resort,20860,46998,30576,4476,9153,112063,4.7,Luxury Vacationer
TRIP_01168,USR_152,Delhi,Havelock Island,Andaman & Nicobar,Islands,Beach & Scuba,1689,5.57,4,Flight,2,Winter,Mid-Range 3-Star,20152,30536,6379,2157,4990,64214,4.6,Luxury Vacationer
TRIP_01169,USR_209,Chennai,Wayanad,Kerala,South,Nature & Wildlife,610,10.97,4,Train,4,Monsoon,Mid-Range 3-Star,4958,19160,17298,3878,3917,49211,4.4,Family Explorer
TRIP_01170,USR_138,Kochi,Kovalam,Kerala,South,Beach & Wellness,210,4.83,3,Train,1,Autumn,Luxury Resort,422,27939,5184,1204,2254,37003,4.8,Luxury Vacationer
TRIP_01171,USR_142,Chandigarh,Udaipur,Rajasthan,North,Heritage & Romance,1111,19.2,3,Train,2,Winter,Mid-Range 3-Star,3703,18894,5145,4001,2156,33899,5.0,Frequent Nomad
TRIP_01172,USR_266,Hyderabad,Varkala,Kerala,South,Beach & Cliff,814,16.84,4,Car,1,Monsoon,Budget Hotel,17000,5508,1447,1167,1983,27105,4.4,Frequent Nomad
TRIP_01173,USR_228,Bengaluru,Goa,Goa,West,Beach & Nightlife,560,10.06,4,Train,2,Summer,Homestay,1880,14028,4611,2394,1328,24241,4.4,Budget Traveler
TRIP_01174,USR_293,Bengaluru,Gangtok,Sikkim,Northeast,Hill Station & Monastery,1270,4.81,4,Flight,2,Winter,Luxury Resort,15818,32404,12687,2911,4075,67895,4.8,Luxury Vacationer
TRIP_01175,USR_130,Kolkata,Pondicherry,Puducherry,South,Beach & French Heritage,940,17.13,5,Train,4,Winter,Budget Hotel,7964,17130,8353,2421,1804,37672,4.5,Budget Traveler
TRIP_01176,USR_140,Mumbai,Puri,Odisha,East,Coastal & Spiritual,1104,4.51,3,Flight,1,Monsoon,Luxury Resort,6188,13374,4269,890,1910,26631,4.4,Luxury Vacationer
TRIP_01177,USR_279,Pune,Tirupati,Andhra Pradesh,South,Spiritual & Pilgrimage,589,12.18,2,Car,1,Winter,Homestay,11454,3766,704,997,988,17909,5.0,Luxury Vacationer
TRIP_01178,USR_331,Mumbai,Varkala,Kerala,South,Beach & Cliff,885,16.05,3,Train,3,Summer,Mid-Range 3-Star,4530,16680,8047,3615,1620,34492,4.7,Family Explorer
TRIP_01179,USR_151,Hyderabad,Shillong,Meghalaya,Northeast,Nature & Waterfalls,1254,4.78,4,Flight,1,Winter,Mid-Range 3-Star,7901,15236,4735,1424,1457,30753,4.8,Luxury Vacationer
TRIP_01180,USR_129,Chennai,Mysore,Karnataka,South,Heritage & Palaces,480,9.61,1,Train,2,Winter,Homestay,1944,1872,1148,2847,462,8273,4.4,Frequent Nomad
TRIP_01181,USR_310,Kolkata,Khajuraho,Madhya Pradesh,Central,Heritage & Art,1399,5.04,3,Flight,4,Winter,Homestay,36148,12282,5108,3252,2836,59626,4.1,Family Explorer
TRIP_01182,USR_147,Hyderabad,Gokarna,Karnataka,South,Beach & Spiritual,640,3.66,1,Flight,6,Autumn,Luxury Resort,32024,18612,11213,8429,4255,74533,4.7,Luxury Vacationer
TRIP_01183,USR_253,Kolkata,Rann of Kutch,Gujarat,West,Desert & Culture,958,17.39,3,Train,6,Winter,Budget Hotel,11001,30159,10928,11401,3031,66520,4.4,Budget Traveler
TRIP_01184,USR_198,Chandigarh,Varanasi,Uttar Pradesh,North,Spiritual & Heritage,649,13.42,3,Car,2,Winter,Mid-Range 3-Star,12809,7725,6829,1601,1131,30095,4.4,Frequent Nomad
TRIP_01185,USR_298,Chennai,Jaipur,Rajasthan,North,Heritage & Culture,2050,42.4,3,Car,1,Monsoon,Homestay,44175,5772,1770,1926,4378,58021,3.6,Luxury Vacationer
TRIP_01186,USR_275,Chennai,Srinagar,Jammu & Kashmir,North,Lakes & Paradise Valley,807,16.69,4,Car,2,Winter,Budget Hotel,16720,8524,4191,1615,2418,33468,4.6,Frequent Nomad
TRIP_01187,USR_223,Bengaluru,Tawang,Arunachal Pradesh,Northeast,Himalayan & Monastery,1866,5.89,6,Flight,5,Summer,Homestay,47223,35496,10769,7355,6052,106895,4.1,Budget Traveler
TRIP_01188,USR_350,Chennai,Madurai,Tamil Nadu,South,Heritage & Temple,460,3.34,2,Flight,1,Winter,Budget Hotel,5083,3390,1125,626,537,10761,5.0,Frequent Nomad
TRIP_01189,USR_272,Kolkata,Hampi,Karnataka,South,Heritage & Archaeology,930,19.23,5,Car,2,Autumn,Budget Hotel,18318,8180,6070,2581,2850,37999,4.6,Budget Traveler
TRIP_01190,USR_284,Chennai,Alleppey,Kerala,South,Backwaters & Houseboat,685,12.05,2,Train,6,Monsoon,Mid-Range 3-Star,7579,20538,9383,5665,2739,45904,4.0,Family Explorer
TRIP_01191,USR_138,Hyderabad,Rameshwaram,Tamil Nadu,South,Coastal & Spiritual,1759,46.12,2,Bus,2,Monsoon,Luxury Resort,6949,7166,7843,1301,1951,25210,5.0,Luxury Vacationer
TRIP_01192,USR_293,Kochi,Haridwar,Uttarakhand,North,Spiritual & Heritage,1560,5.34,4,Flight,2,Autumn,Mid-Range 3-Star,17511,13056,6612,2819,2927,42925,4.8,Frequent Nomad
TRIP_01193,USR_216,Jaipur,Haridwar,Uttarakhand,North,Spiritual & Heritage,786,14.12,1,Train,6,Winter,Homestay,8852,5937,3597,7550,889,26825,5.0,Family Explorer
TRIP_01194,USR_309,Delhi,Pushkar,Rajasthan,North,Cultural & Desert,415,10.88,1,Bus,1,Autumn,Budget Hotel,1151,1697,647,923,260,4678,4.0,Frequent Nomad
TRIP_01195,USR_166,Jaipur,Rann of Kutch,Gujarat,West,Desert & Culture,787,14.64,4,Train,4,Summer,Mid-Range 3-Star,5299,38560,17891,6945,4408,73103,4.8,Family Explorer
TRIP_01196,USR_310,Pune,Pondicherry,Puducherry,South,Beach & French Heritage,1631,5.47,2,Flight,2,Monsoon,Luxury Resort,16275,11694,6683,1130,2828,38610,4.9,Luxury Vacationer
TRIP_01197,USR_293,Delhi,Pachmarhi,Madhya Pradesh,Central,Hill Station & Waterfalls,451,9.33,3,Car,2,Winter,Luxury Resort,9552,16815,10141,2902,2647,42057,5.0,Luxury Vacationer
TRIP_01198,USR_125,Delhi,Munnar,Kerala,South,Hill Station,483,8.99,4,Train,6,Winter,Homestay,6401,29784,8913,9889,2945,57932,4.8,Budget Traveler
TRIP_01199,USR_192,Pune,Ooty,Tamil Nadu,South,Hill Station,1879,32.33,3,Train,3,Monsoon,Mid-Range 3-Star,9388,13896,8953,3628,1370,37235,5.0,Family Explorer
TRIP_01200,USR_226,Chennai,Gangtok,Sikkim,Northeast,Hill Station & Monastery,1104,4.51,4,Flight,2,Monsoon,Budget Hotel,11905,5284,4714,2788,1431,26122,4.3,Budget Traveler
TRIP_01201,USR_251,Chandigarh,Jim Corbett,Uttarakhand,North,Wildlife Safari,1852,32.86,4,Train,4,Autumn,Luxury Resort,12739,70624,39792,7919,5539,136613,4.5,Luxury Vacationer
TRIP_01202,USR_286,Bengaluru,Jaisalmer,Rajasthan,North,Desert & Heritage,1227,4.73,3,Flight,2,Monsoon,Homestay,12626,6894,2681,3021,1489,26711,4.0,Frequent Nomad
TRIP_01203,USR_258,Pune,Shimla,Himachal Pradesh,North,Hill Station,471,9.24,3,Train,2,Summer,Budget Hotel,1807,5925,3003,2612,679,14026,4.2,Budget Traveler
TRIP_01204,USR_337,Jaipur,Diu,Daman and Diu,West,Beach & Portuguese Fort,1933,33.1,1,Train,2,Winter,Budget Hotel,6647,1910,1241,1105,562,11465,4.5,Frequent Nomad
TRIP_01205,USR_185,Pune,Jaipur,Rajasthan,North,Heritage & Culture,1250,22.79,3,Train,2,Summer,Budget Hotel,4394,4995,2110,4267,1084,16850,4.8,Budget Traveler
TRIP_01206,USR_298,Pune,Kodaikanal,Tamil Nadu,South,Hill Station,1069,18.65,4,Train,3,Summer,Luxury Resort,5581,37560,26891,1833,3386,75251,4.9,Luxury Vacationer
TRIP_01207,USR_290,Chandigarh,Madurai,Tamil Nadu,South,Heritage & Temple,498,9.54,2,Train,1,Autumn,Luxury Resort,982,8546,4465,505,957,15455,4.9,Luxury Vacationer
TRIP_01208,USR_172,Pune,Tirupati,Andhra Pradesh,South,Spiritual & Pilgrimage,1887,5.93,3,Flight,4,Autumn,Budget Hotel,41362,7002,7615,3126,5326,64431,4.7,Family Explorer
TRIP_01209,USR_333,Mumbai,Jaipur,Rajasthan,North,Heritage & Culture,1150,23.78,2,Car,4,Winter,Homestay,21127,10144,4383,6785,2448,44887,4.6,Family Explorer
TRIP_01210,USR_349,Mumbai,Bodh Gaya,Bihar,East,Spiritual & Buddhist Heritage,1296,22.94,3,Train,6,Winter,Homestay,12333,14049,10331,4477,2592,43782,4.1,Budget Traveler
TRIP_01211,USR_104,Bengaluru,Jodhpur,Rajasthan,North,Heritage & Culture,1813,47.54,1,Bus,1,Monsoon,Budget Hotel,4243,1432,445,1286,323,7729,4.4,Luxury Vacationer
TRIP_01212,USR_270,Kochi,Srinagar,Jammu & Kashmir,North,Lakes & Paradise Valley,1430,24.48,3,Train,2,Summer,Luxury Resort,5345,23913,14582,2422,4010,50272,5.0,Luxury Vacationer
TRIP_01213,USR_138,Bengaluru,Srinagar,Jammu & Kashmir,North,Lakes & Paradise Valley,1501,26.37,3,Train,2,Winter,Homestay,5019,10353,3226,3068,1197,22863,5.0,Budget Traveler
TRIP_01214,USR_293,Pune,Kodaikanal,Tamil Nadu,South,Hill Station,1106,22.87,3,Car,2,Autumn,Budget Hotel,23252,4572,2909,1500,2902,35135,3.8,Frequent Nomad
TRIP_01215,USR_223,Chandigarh,Puri,Odisha,East,Coastal & Spiritual,1282,4.83,3,Flight,4,Summer,Homestay,27728,10344,6983,1348,1981,48384,5.0,Family Explorer
TRIP_01216,USR_122,Mumbai,Bandipur,Karnataka,South,Wildlife Safari,1763,5.71,2,Flight,2,Winter,Mid-Range 3-Star,19683,10768,4100,4395,3115,42061,4.6,Luxury Vacationer
TRIP_01217,USR_255,Hyderabad,Wayanad,Kerala,South,Nature & Wildlife,1412,29.2,4,Car,2,Autumn,Luxury Resort,30653,33952,16577,2443,7074,90699,4.2,Luxury Vacationer
TRIP_01218,USR_136,Kochi,Mahabaleshwar,Maharashtra,West,Hill Station,636,16.68,2,Bus,2,Autumn,Mid-Range 3-Star,3013,8344,2925,3230,1320,18832,4.9,Frequent Nomad
TRIP_01219,USR_253,Jaipur,Pondicherry,Puducherry,South,Beach & French Heritage,1091,20.04,4,Train,4,Monsoon,Homestay,7040,14488,9563,3459,1735,36285,4.1,Budget Traveler
TRIP_01220,USR_209,Delhi,Bandipur,Karnataka,South,Wildlife Safari,1705,5.6,2,Flight,5,Summer,Mid-Range 3-Star,44453,26094,10563,8214,5496,94820,4.4,Luxury Vacationer
TRIP_01221,USR_234,Mumbai,Jaipur,Rajasthan,North,Heritage & Culture,1150,4.59,1,Flight,2,Monsoon,Homestay,12938,1883,1198,3173,1118,20310,4.6,Luxury Vacationer
TRIP_01222,USR_163,Pune,Srinagar,Jammu & Kashmir,North,Lakes & Paradise Valley,1918,5.99,6,Flight,4,Monsoon,Luxury Resort,31926,80760,51052,6390,14537,184665,5.0,Luxury Vacationer
TRIP_01223,USR_201,Chennai,Goa,Goa,West,Beach & Nightlife,910,23.86,4,Bus,1,Summer,Mid-Range 3-Star,1937,20576,4781,1007,2021,30322,4.2,Luxury Vacationer
TRIP_01224,USR_151,Kolkata,Coorg,Karnataka,South,Nature & Coffee,1325,23.48,1,Train,1,Autumn,Luxury Resort,2113,8373,1567,1330,1201,14584,4.6,Luxury Vacationer
TRIP_01225,USR_111,Bengaluru,Leh-Ladakh,Ladakh,North,Adventure & Mountain,670,13.86,5,Car,2,Monsoon,Homestay,16401,15225,4114,3361,1450,40551,5.0,Frequent Nomad
TRIP_01226,USR_187,Chandigarh,Tawang,Arunachal Pradesh,Northeast,Himalayan & Monastery,1017,18.09,6,Train,4,Monsoon,Homestay,7691,21384,13812,3853,2323,49063,5.0,Budget Traveler
TRIP_01227,USR_106,Jaipur,Bodh Gaya,Bihar,East,Spiritual & Buddhist Heritage,1098,19.06,2,Train,3,Summer,Luxury Resort,6229,14264,15272,3565,3530,42860,5.0,Luxury Vacationer
TRIP_01228,USR_170,Kochi,Jaipur,Rajasthan,North,Heritage & Culture,645,12.52,2,Train,2,Summer,Homestay,2555,4492,2470,3171,382,13070,4.7,Budget Traveler
TRIP_01229,USR_272,Kolkata,Ranthambore,Rajasthan,North,Wildlife Safari,1637,5.48,1,Flight,1,Autumn,Luxury Resort,9095,10322,1498,2279,1764,24958,4.5,Luxury Vacationer
TRIP_01230,USR_199,Chandigarh,Mussoorie,Uttarakhand,North,Hill Station,200,3.87,4,Train,1,Autumn,Mid-Range 3-Star,511,14460,3673,942,768,20354,4.8,Frequent Nomad
TRIP_01231,USR_230,Chandigarh,Mysore,Karnataka,South,Heritage & Palaces,1355,23.64,1,Train,1,Summer,Budget Hotel,2628,1368,463,854,262,5575,5.0,Frequent Nomad
TRIP_01232,USR_204,Kolkata,Darjeeling,West Bengal,East,Hill Station & Tea,610,12.62,3,Car,3,Monsoon,Homestay,14276,10278,5003,3887,1297,34741,4.7,Budget Traveler
TRIP_01233,USR_283,Chennai,Mysore,Karnataka,South,Heritage & Palaces,480,9.04,1,Train,1,Monsoon,Budget Hotel,1038,1118,622,764,149,3691,4.4,Budget Traveler
TRIP_01234,USR_194,Kolkata,Srinagar,Jammu & Kashmir,North,Lakes & Paradise Valley,773,15.99,4,Car,2,Summer,Homestay,17054,12364,4744,3403,2113,39678,5.0,Frequent Nomad
TRIP_01235,USR_295,Delhi,Manali,Himachal Pradesh,North,Hill Station & Adventure,530,13.9,4,Bus,4,Summer,Budget Hotel,5034,13752,6801,3855,1252,30694,4.5,Budget Traveler
TRIP_01236,USR_137,Pune,Leh-Ladakh,Ladakh,North,Adventure & Mountain,830,17.17,4,Car,3,Summer,Luxury Resort,17316,67696,18128,4227,8978,116345,4.5,Luxury Vacationer
TRIP_01237,USR_345,Mumbai,Alleppey,Kerala,South,Backwaters & Houseboat,1572,5.36,3,Flight,1,Autumn,Luxury Resort,8985,32907,7107,1284,2158,52441,5.0,Luxury Vacationer
TRIP_01238,USR_126,Kolkata,Rishikesh,Uttarakhand,North,Spiritual & Adventure,1543,5.31,3,Flight,6,Winter,Luxury Resort,54139,54387,29064,4225,11999,153814,5.0,Luxury Vacationer
TRIP_01239,USR_184,Mumbai,Bandipur,Karnataka,South,Wildlife Safari,1007,4.33,2,Flight,1,Winter,Budget Hotel,6529,5710,981,1952,1011,16183,5.0,Luxury Vacationer
TRIP_01240,USR_195,Chandigarh,Leh-Ladakh,Ladakh,North,Adventure & Mountain,750,15.51,6,Car,2,Autumn,Homestay,17964,23124,4783,1846,4539,52256,5.0,Frequent Nomad
TRIP_01241,USR_135,Chennai,Alleppey,Kerala,South,Backwaters & Houseboat,685,12.71,1,Train,1,Autumn,Luxury Resort,1215,10077,2049,1090,1303,15734,3.7,Luxury Vacationer
TRIP_01242,USR_342,Jaipur,Jim Corbett,Uttarakhand,North,Wildlife Safari,1690,5.57,3,Flight,3,Autumn,Mid-Range 3-Star,29061,35094,8564,6946,3811,83476,3.8,Luxury Vacationer
TRIP_01243,USR_254,Hyderabad,Wayanad,Kerala,South,Nature & Wildlife,686,14.19,3,Car,6,Autumn,Luxury Resort,13870,64899,29491,5550,8477,122287,3.7,Luxury Vacationer
TRIP_01244,USR_138,Kochi,Bodh Gaya,Bihar,East,Spiritual & Buddhist Heritage,736,13.36,3,Train,3,Monsoon,Homestay,3550,6162,4335,2578,953,17578,5.0,Budget Traveler
TRIP_01245,USR_326,Delhi,Jaisalmer,Rajasthan,North,Desert & Heritage,790,16.34,3,Car,2,Summer,Luxury Resort,15236,26607,13008,1958,3347,60156,4.5,Luxury Vacationer
TRIP_01246,USR_333,Pune,Diu,Daman and Diu,West,Beach & Portuguese Fort,1337,27.65,1,Car,3,Winter,Mid-Range 3-Star,25913,6636,3500,2902,2204,41155,3.6,Luxury Vacationer
TRIP_01247,USR_150,Kolkata,Puri,Odisha,East,Coastal & Spiritual,500,10.34,2,Car,3,Summer,Budget Hotel,9818,5964,2585,1687,1308,21362,4.9,Budget Traveler
TRIP_01248,USR_107,Kochi,Varkala,Kerala,South,Beach & Cliff,160,3.31,3,Car,4,Monsoon,Luxury Resort,4160,27306,28337,5440,5113,70356,4.9,Luxury Vacationer
TRIP_01249,USR_211,Jaipur,Kodaikanal,Tamil Nadu,South,Hill Station,1814,5.8,4,Flight,1,Winter,Homestay,10172,10400,2192,1299,1275,25338,4.8,Frequent Nomad
TRIP_01250,USR_137,Delhi,Manali,Himachal Pradesh,North,Hill Station & Adventure,530,10.96,2,Car,4,Autumn,Mid-Range 3-Star,9880,14948,9414,4966,2227,41435,4.4,Family Explorer
TRIP_01251,USR_312,Mumbai,Ranthambore,Rajasthan,North,Wildlife Safari,1020,26.75,3,Bus,1,Monsoon,Homestay,1790,7347,1822,1857,481,13297,5.0,Frequent Nomad
TRIP_01252,USR_220,Mumbai,Haridwar,Uttarakhand,North,Spiritual & Heritage,1460,24.95,3,Train,1,Winter,Luxury Resort,2352,18459,6820,862,2691,31184,4.7,Luxury Vacationer
TRIP_01253,USR_248,Jaipur,Tirupati,Andhra Pradesh,South,Spiritual & Pilgrimage,1127,23.31,3,Car,1,Monsoon,Homestay,24355,4107,1664,1233,1648,33007,5.0,Luxury Vacationer
TRIP_01254,USR_309,Chennai,Ranthambore,Rajasthan,North,Wildlife Safari,1439,24.98,1,Train,2,Monsoon,Mid-Range 3-Star,5629,4384,1804,4720,1084,17621,5.0,Luxury Vacationer
TRIP_01255,USR_128,Mumbai,Tirupati,Andhra Pradesh,South,Spiritual & Pilgrimage,907,18.76,3,Car,4,Summer,Homestay,16963,9024,6151,4764,2094,38996,5.0,Budget Traveler
TRIP_01256,USR_185,Kolkata,Manali,Himachal Pradesh,North,Hill Station & Adventure,946,4.22,3,Flight,3,Summer,Luxury Resort,18619,44166,20969,2538,5390,91682,4.2,Luxury Vacationer
TRIP_01257,USR_211,Mumbai,Mount Abu,Rajasthan,North,Hill Station & Temple,760,15.72,3,Car,1,Autumn,Budget Hotel,15223,5394,1487,1563,1409,25076,4.6,Luxury Vacationer
TRIP_01258,USR_155,Pune,Ranthambore,Rajasthan,North,Wildlife Safari,931,4.19,3,Flight,3,Monsoon,Homestay,15202,18426,3579,5387,1673,44267,5.0,Family Explorer
TRIP_01259,USR_122,Bengaluru,Rameshwaram,Tamil Nadu,South,Coastal & Spiritual,605,10.81,3,Train,4,Winter,Luxury Resort,3705,35310,30768,4310,6944,81037,4.9,Luxury Vacationer
TRIP_01260,USR_101,Kochi,Rishikesh,Uttarakhand,North,Spiritual & Adventure,516,10.67,3,Car,4,Summer,Mid-Range 3-Star,11046,17916,13360,4559,1795,48676,4.9,Family Explorer
TRIP_01261,USR_329,Kolkata,Mahabaleshwar,Maharashtra,West,Hill Station,654,12.89,2,Train,2,Winter,Budget Hotel,2592,4974,2385,1265,631,11847,4.6,Budget Traveler
TRIP_01262,USR_226,Bengaluru,Leh-Ladakh,Ladakh,North,Adventure & Mountain,1665,5.53,5,Flight,1,Monsoon,Budget Hotel,7394,11790,1847,1184,1653,23868,4.3,Frequent Nomad
TRIP_01263,USR_280,Jaipur,Shimla,Himachal Pradesh,North,Hill Station,600,3.59,3,Flight,2,Autumn,Homestay,9316,8619,3633,2667,1911,26146,4.2,Frequent Nomad
TRIP_01264,USR_192,Jaipur,Wayanad,Kerala,South,Nature & Wildlife,1051,27.56,3,Bus,5,Autumn,Luxury Resort,9994,77886,38722,4191,6892,137685,4.2,Luxury Vacationer
TRIP_01265,USR_139,Mumbai,Kodaikanal,Tamil Nadu,South,Hill Station,612,12.66,4,Car,1,Winter,Budget Hotel,14198,5984,2267,813,1328,24590,5.0,Frequent Nomad
TRIP_01266,USR_162,Kochi,Ranthambore,Rajasthan,North,Wildlife Safari,1289,4.84,1,Flight,2,Winter,Mid-Range 3-Star,15531,7074,1873,2446,1260,28184,4.2,Luxury Vacationer
TRIP_01267,USR_117,Chennai,Kodaikanal,Tamil Nadu,South,Hill Station,525,3.45,2,Flight,2,Monsoon,Luxury Resort,8518,7814,8759,2557,1490,29138,4.0,Luxury Vacationer
TRIP_01268,USR_135,Hyderabad,Rameshwaram,Tamil Nadu,South,Coastal & Spiritual,1898,5.95,2,Flight,2,Autumn,Mid-Range 3-Star,21946,7116,4536,2686,1674,37958,4.9,Luxury Vacationer
TRIP_01269,USR_165,Pune,Manali,Himachal Pradesh,North,Hill Station & Adventure,1447,5.13,5,Flight,1,Monsoon,Homestay,6573,7785,2519,982,879,18738,4.8,Budget Traveler
TRIP_01270,USR_147,Pune,Kodaikanal,Tamil Nadu,South,Hill Station,468,9.68,4,Car,6,Monsoon,Mid-Range 3-Star,9857,31296,22593,6481,3357,73584,4.5,Family Explorer
TRIP_01271,USR_186,Jaipur,Leh-Ladakh,Ladakh,North,Adventure & Mountain,1537,5.29,4,Flight,2,Autumn,Homestay,19390,15308,4720,3335,2870,45623,4.5,Frequent Nomad
TRIP_01272,USR_238,Kochi,Kodaikanal,Tamil Nadu,South,Hill Station,300,6.2,3,Car,1,Monsoon,Mid-Range 3-Star,7575,6009,2194,980,1069,17827,4.1,Frequent Nomad
TRIP_01273,USR_327,Chandigarh,Madurai,Tamil Nadu,South,Heritage & Temple,922,4.18,2,Flight,1,Monsoon,Homestay,5203,2664,1091,617,844,10419,4.4,Frequent Nomad
TRIP_01274,USR_166,Pune,Shillong,Meghalaya,Northeast,Nature & Waterfalls,458,9.47,4,Car,1,Summer,Budget Hotel,10777,5932,1402,498,1597,20206,5.0,Frequent Nomad
TRIP_01275,USR_238,Jaipur,Mount Abu,Rajasthan,North,Hill Station & Temple,495,9.5,3,Train,2,Winter,Mid-Range 3-Star,2079,12207,5689,2106,1461,23542,4.9,Frequent Nomad
TRIP_01276,USR_300,Bengaluru,Darjeeling,West Bengal,East,Hill Station & Tea,1246,4.77,3,Flight,2,Monsoon,Homestay,12094,5445,3333,2421,2020,25313,4.4,Frequent Nomad
TRIP_01277,USR_106,Bengaluru,Udaipur,Rajasthan,North,Heritage & Romance,1947,6.04,4,Flight,3,Monsoon,Homestay,26095,24952,5696,5173,2827,64743,4.4,Family Explorer
TRIP_01278,USR_125,Kolkata,Wayanad,Kerala,South,Nature & Wildlife,1560,5.34,4,Flight,6,Winter,Budget Hotel,58199,28860,14541,4127,8810,114537,4.3,Family Explorer
TRIP_01279,USR_304,Kolkata,Rishikesh,Uttarakhand,North,Spiritual & Adventure,682,14.11,3,Car,4,Autumn,Mid-Range 3-Star,15285,16284,11191,4879,2424,50063,4.9,Family Explorer
TRIP_01280,USR_122,Hyderabad,Manali,Himachal Pradesh,North,Hill Station & Adventure,1173,4.63,2,Flight,2,Summer,Luxury Resort,13719,13956,6801,3204,3042,40722,4.5,Luxury Vacationer
TRIP_01281,USR_304,Bengaluru,Goa,Goa,West,Beach & Nightlife,560,14.68,4,Bus,5,Summer,Homestay,6515,34548,11137,8737,4459,65396,5.0,Budget Traveler
TRIP_01282,USR_190,Chennai,Mahabaleshwar,Maharashtra,West,Hill Station,1247,21.44,3,Train,1,Autumn,Luxury Resort,1859,20634,6494,1413,1275,31675,4.4,Luxury Vacationer
TRIP_01283,USR_291,Delhi,Rann of Kutch,Gujarat,West,Desert & Culture,1462,5.16,4,Flight,4,Autumn,Luxury Resort,34732,81648,39679,2946,11588,170593,4.4,Luxury Vacationer
TRIP_01284,USR_105,Hyderabad,Diu,Daman and Diu,West,Beach & Portuguese Fort,1143,23.64,1,Car,2,Autumn,Budget Hotel,23697,2086,1205,2098,1268,30354,4.6,Luxury Vacationer
TRIP_01285,USR_135,Kochi,Gangtok,Sikkim,Northeast,Hill Station & Monastery,1583,5.38,3,Flight,2,Monsoon,Budget Hotel,13696,4545,3603,1585,1951,25380,5.0,Frequent Nomad
TRIP_01286,USR_176,Chennai,Shimla,Himachal Pradesh,North,Hill Station,562,10.86,4,Train,1,Monsoon,Homestay,1236,8156,2599,1461,1185,14637,4.2,Budget Traveler
TRIP_01287,USR_350,Jaipur,Khajuraho,Madhya Pradesh,Central,Heritage & Art,603,3.6,3,Flight,2,Autumn,Mid-Range 3-Star,10241,9594,4278,1271,1099,26483,4.2,Frequent Nomad
TRIP_01288,USR_136,Jaipur,Havelock Island,Andaman & Nicobar,Islands,Beach & Scuba,1677,5.55,5,Flight,5,Winter,Mid-Range 3-Star,51564,93030,27099,3719,12805,188217,4.9,Luxury Vacationer
TRIP_01289,USR_250,Bengaluru,Pondicherry,Puducherry,South,Beach & French Heritage,310,6.41,2,Car,6,Winter,Mid-Range 3-Star,7266,22524,13877,7200,4196,55063,4.5,Family Explorer
TRIP_01290,USR_323,Jaipur,Wayanad,Kerala,South,Nature & Wildlife,1581,27.0,2,Train,4,Monsoon,Luxury Resort,8420,24000,20020,5010,2944,60394,4.5,Luxury Vacationer
TRIP_01291,USR_114,Mumbai,Goa,Goa,West,Beach & Nightlife,585,12.1,3,Car,6,Winter,Budget Hotel,12383,21384,8250,5878,3170,51065,5.0,Budget Traveler
TRIP_01292,USR_244,Delhi,Manali,Himachal Pradesh,North,Hill Station & Adventure,530,10.96,3,Car,6,Monsoon,Homestay,12487,14832,6860,7848,2861,44888,5.0,Budget Traveler
TRIP_01293,USR_133,Mumbai,Rameshwaram,Tamil Nadu,South,Coastal & Spiritual,1847,38.2,2,Car,1,Summer,Luxury Resort,36026,7702,4707,525,3528,52488,4.3,Luxury Vacationer
TRIP_01294,USR_116,Pune,Gokarna,Karnataka,South,Beach & Spiritual,540,3.48,3,Flight,2,Autumn,Homestay,9438,6675,2345,1587,1378,21423,5.0,Budget Traveler
TRIP_01295,USR_169,Delhi,Spiti Valley,Himachal Pradesh,North,Adventure & Mountain,720,13.56,6,Train,4,Winter,Mid-Range 3-Star,5345,45432,28533,2760,4376,86446,4.5,Family Explorer
TRIP_01296,USR_133,Chandigarh,Rishikesh,Uttarakhand,North,Spiritual & Adventure,210,5.45,4,Train,1,Winter,Homestay,409,7292,2597,1389,834,12521,3.7,Budget Traveler
TRIP_01297,USR_135,Delhi,Leh-Ladakh,Ladakh,North,Adventure & Mountain,980,4.28,5,Flight,2,Winter,Budget Hotel,14153,15670,5989,1469,1875,39156,5.0,Budget Traveler
TRIP_01298,USR_137,Mumbai,Tawang,Arunachal Pradesh,Northeast,Himalayan & Monastery,1777,5.73,5,Flight,3,Winter,Mid-Range 3-Star,30170,38930,15446,3102,4404,92052,5.0,Family Explorer
TRIP_01299,USR_263,Mumbai,Gokarna,Karnataka,South,Beach & Spiritual,680,12.36,2,Train,3,Autumn,Homestay,4640,7976,2887,2459,767,18729,4.4,Budget Traveler
TRIP_01300,USR_301,Chennai,Rameshwaram,Tamil Nadu,South,Coastal & Spiritual,560,11.58,2,Car,1,Autumn,Mid-Range 3-Star,10539,5594,1683,1222,1218,20256,4.9,Luxury Vacationer
TRIP_01301,USR_296,Jaipur,Goa,Goa,West,Beach & Nightlife,1651,28.54,4,Train,4,Autumn,Homestay,12616,28720,6922,4447,2394,55099,4.0,Budget Traveler
TRIP_01302,USR_157,Kochi,Udaipur,Rajasthan,North,Heritage & Romance,485,10.03,4,Car,6,Summer,Luxury Resort,12020,112092,52086,7378,10968,194544,4.6,Luxury Vacationer
TRIP_01303,USR_166,Bengaluru,Leh-Ladakh,Ladakh,North,Adventure & Mountain,1798,31.59,5,Train,1,Monsoon,Budget Hotel,3856,8845,1910,1306,798,16715,4.8,Budget Traveler
TRIP_01304,USR_346,Jaipur,Spiti Valley,Himachal Pradesh,North,Adventure & Mountain,1626,28.54,6,Train,2,Summer,Budget Hotel,4259,8058,6966,2038,1166,22487,4.9,Budget Traveler
TRIP_01305,USR_224,Delhi,Rishikesh,Uttarakhand,North,Spiritual & Adventure,240,6.29,2,Bus,2,Winter,Mid-Range 3-Star,1303,6638,4192,1360,777,14270,4.9,Frequent Nomad
TRIP_01306,USR_316,Chandigarh,Madurai,Tamil Nadu,South,Heritage & Temple,1605,5.42,1,Flight,3,Monsoon,Budget Hotel,22873,1968,1851,4166,1639,32497,4.5,Luxury Vacationer
TRIP_01307,USR_295,Delhi,Kaziranga,Assam,Northeast,Wildlife Safari,1132,4.56,1,Flight,4,Autumn,Homestay,30117,7134,2227,7810,2127,49415,4.6,Luxury Vacationer
TRIP_01308,USR_322,Chennai,Gokarna,Karnataka,South,Beach & Spiritual,1406,5.06,2,Flight,3,Autumn,Budget Hotel,27578,5196,3087,1694,1896,39451,3.3,Family Explorer
TRIP_01309,USR_195,Bengaluru,Kodaikanal,Tamil Nadu,South,Hill Station,465,9.62,1,Car,3,Monsoon,Budget Hotel,9263,2800,1628,4675,624,18990,3.4,Family Explorer
TRIP_01310,USR_337,Delhi,Spiti Valley,Himachal Pradesh,North,Adventure & Mountain,720,12.64,6,Train,5,Winter,Mid-Range 3-Star,6809,71172,30436,2835,8818,120070,5.0,Family Explorer
TRIP_01311,USR_239,Mumbai,Rann of Kutch,Gujarat,West,Desert & Culture,850,16.06,2,Train,3,Winter,Luxury Resort,4006,50444,11365,2117,4934,72866,4.8,Luxury Vacationer
TRIP_01312,USR_337,Chandigarh,Leh-Ladakh,Ladakh,North,Adventure & Mountain,750,13.64,5,Train,2,Winter,Mid-Range 3-Star,3116,33130,9781,3121,4549,53697,5.0,Frequent Nomad
TRIP_01313,USR_247,Chennai,Rann of Kutch,Gujarat,West,Desert & Culture,1013,4.34,4,Flight,2,Summer,Homestay,11853,14500,2908,3093,1517,33871,5.0,Frequent Nomad
TRIP_01314,USR_176,Kochi,Coorg,Karnataka,South,Nature & Coffee,370,7.65,3,Car,2,Autumn,Homestay,7889,9510,3403,2725,1782,25309,4.3,Frequent Nomad
TRIP_01315,USR_314,Pune,Agra,Uttar Pradesh,North,Heritage & Monument,1858,32.72,1,Train,4,Winter,Homestay,9569,4656,1849,8084,1504,25662,4.6,Family Explorer
TRIP_01316,USR_128,Bengaluru,Mussoorie,Uttarakhand,North,Hill Station,772,13.48,2,Train,5,Summer,Luxury Resort,6178,31578,23751,5321,4508,71336,5.0,Luxury Vacationer
TRIP_01317,USR_274,Jaipur,Bodh Gaya,Bihar,East,Spiritual & Buddhist Heritage,1649,43.24,3,Bus,1,Monsoon,Luxury Resort,4153,8883,6118,1444,1254,21852,4.0,Luxury Vacationer
TRIP_01318,USR_257,Kochi,Leh-Ladakh,Ladakh,North,Adventure & Mountain,1096,19.68,5,Train,6,Monsoon,Budget Hotel,10540,28065,17453,5510,4197,65765,4.5,Budget Traveler
TRIP_01319,USR_304,Mumbai,Coorg,Karnataka,South,Nature & Coffee,920,16.67,4,Train,4,Winter,Luxury Resort,6939,81256,36562,4167,9025,137949,5.0,Luxury Vacationer
TRIP_01320,USR_160,Mumbai,Darjeeling,West Bengal,East,Hill Station & Tea,553,10.08,3,Train,4,Winter,Budget Hotel,4324,10812,5134,2572,1027,23869,4.4,Budget Traveler
TRIP_01321,USR_210,Kochi,Gokarna,Karnataka,South,Beach & Spiritual,736,15.22,4,Car,6,Summer,Budget Hotel,15637,15276,13590,7111,2639,54253,4.2,Budget Traveler
TRIP_01322,USR_143,Kolkata,Mahabaleshwar,Maharashtra,West,Hill Station,511,10.16,2,Train,2,Winter,Budget Hotel,2161,4646,2435,1217,461,10920,4.1,Budget Traveler
TRIP_01323,USR_291,Chandigarh,Manali,Himachal Pradesh,North,Hill Station & Adventure,290,6.0,4,Car,2,Winter,Homestay,7591,10372,4946,1525,1783,26217,4.8,Budget Traveler
TRIP_01324,USR_348,Chandigarh,Munnar,Kerala,South,Hill Station,1922,34.02,4,Train,1,Summer,Mid-Range 3-Star,2655,13220,4628,1498,1140,23141,4.9,Frequent Nomad
TRIP_01325,USR_122,Jaipur,Agra,Uttar Pradesh,North,Heritage & Monument,240,4.96,3,Car,1,Autumn,Mid-Range 3-Star,5922,10419,2363,1974,1632,22310,5.0,Frequent Nomad
TRIP_01326,USR_181,Pune,Srinagar,Jammu & Kashmir,North,Lakes & Paradise Valley,532,11.0,3,Car,3,Autumn,Luxury Resort,11221,44424,15421,2553,4298,77917,4.2,Luxury Vacationer
TRIP_01327,USR_193,Jaipur,Leh-Ladakh,Ladakh,North,Adventure & Mountain,1535,5.29,6,Flight,4,Summer,Luxury Resort,30480,104760,45493,6291,17972,204996,4.8,Luxury Vacationer
TRIP_01328,USR_195,Chennai,Khajuraho,Madhya Pradesh,Central,Heritage & Art,1085,19.76,3,Train,4,Summer,Luxury Resort,7966,31140,17367,3697,3073,63243,4.7,Luxury Vacationer
TRIP_01329,USR_255,Chandigarh,Tirupati,Andhra Pradesh,South,Spiritual & Pilgrimage,1392,5.03,1,Flight,1,Monsoon,Budget Hotel,7175,1079,635,930,422,10241,5.0,Luxury Vacationer
TRIP_01330,USR_116,Kolkata,Coorg,Karnataka,South,Nature & Coffee,700,18.36,3,Bus,4,Autumn,Mid-Range 3-Star,5313,30042,11734,1941,3651,52681,4.6,Family Explorer
TRIP_01331,USR_167,Mumbai,Tirupati,Andhra Pradesh,South,Spiritual & Pilgrimage,1420,29.37,4,Car,1,Autumn,Homestay,28404,7348,2033,621,1862,40268,5.0,Luxury Vacationer
TRIP_01332,USR_117,Mumbai,Pushkar,Rajasthan,North,Cultural & Desert,1269,4.81,3,Flight,1,Monsoon,Homestay,6649,4284,1650,657,518,13758,4.5,Frequent Nomad
TRIP_01333,USR_326,Pune,Mussoorie,Uttarakhand,North,Hill Station,1918,5.99,3,Flight,4,Summer,Mid-Range 3-Star,39308,21444,10985,6274,3953,81964,4.4,Family Explorer
TRIP_01334,USR_219,Chennai,Mysore,Karnataka,South,Heritage & Palaces,480,9.92,2,Train,2,Monsoon,Luxury Resort,2269,7104,7393,3098,858,20722,4.4,Luxury Vacationer
TRIP_01335,USR_302,Delhi,Tawang,Arunachal Pradesh,Northeast,Himalayan & Monastery,1833,48.07,4,Bus,4,Monsoon,Mid-Range 3-Star,13031,23720,12733,5619,3964,59067,4.8,Family Explorer
TRIP_01336,USR_221,Pune,Wayanad,Kerala,South,Nature & Wildlife,1292,4.85,3,Flight,1,Monsoon,Mid-Range 3-Star,7095,8535,2895,564,992,20081,5.0,Frequent Nomad
TRIP_01337,USR_128,Hyderabad,Darjeeling,West Bengal,East,Hill Station & Tea,1588,28.21,2,Train,6,Summer,Mid-Range 3-Star,20672,17682,11194,3861,4028,57437,4.6,Family Explorer
TRIP_01338,USR_110,Kolkata,Haridwar,Uttarakhand,North,Spiritual & Heritage,1758,5.7,3,Flight,2,Winter,Mid-Range 3-Star,21166,7791,4826,1452,3030,38265,4.8,Frequent Nomad
TRIP_01339,USR_166,Chandigarh,Amritsar,Punjab,North,Spiritual & Heritage,230,6.03,4,Bus,2,Winter,Luxury Resort,1423,27068,18937,2307,3191,52926,4.7,Luxury Vacationer
TRIP_01340,USR_220,Bengaluru,Kaziranga,Assam,Northeast,Wildlife Safari,548,11.33,2,Car,2,Summer,Homestay,11417,6286,1660,2982,1036,23381,4.8,Frequent Nomad
TRIP_01341,USR_326,Pune,Kodaikanal,Tamil Nadu,South,Hill Station,1931,34.12,3,Train,4,Winter,Luxury Resort,12145,42732,22406,4144,4979,86406,4.3,Luxury Vacationer
TRIP_01342,USR_242,Jaipur,Ooty,Tamil Nadu,South,Hill Station,471,12.35,2,Bus,1,Summer,Homestay,1329,4508,717,1350,306,8210,4.7,Frequent Nomad
TRIP_01343,USR_133,Chandigarh,Jodhpur,Rajasthan,North,Heritage & Culture,476,9.47,1,Train,2,Summer,Mid-Range 3-Star,2044,3515,1663,3804,340,11366,5.0,Frequent Nomad
TRIP_01344,USR_286,Pune,Ooty,Tamil Nadu,South,Hill Station,1721,5.63,4,Flight,2,Summer,Luxury Resort,18147,21628,12485,1564,2312,56136,4.8,Luxury Vacationer
TRIP_01345,USR_132,Jaipur,Kovalam,Kerala,South,Beach & Wellness,1627,27.78,2,Train,4,Monsoon,Mid-Range 3-Star,10734,11316,7509,4376,2524,36459,4.7,Family Explorer
TRIP_01346,USR_205,Delhi,Varanasi,Uttar Pradesh,North,Spiritual & Heritage,820,15.58,4,Train,1,Summer,Homestay,1467,5440,1802,410,836,9955,5.0,Budget Traveler
TRIP_01347,USR_279,Kolkata,Udaipur,Rajasthan,North,Heritage & Romance,1514,27.14,4,Train,2,Autumn,Budget Hotel,5651,14192,4667,3287,1562,29359,4.8,Budget Traveler
TRIP_01348,USR_212,Chennai,Jodhpur,Rajasthan,North,Heritage & Culture,1870,49.04,2,Bus,2,Winter,Budget Hotel,7445,4746,2415,4310,1350,20266,5.0,Frequent Nomad
TRIP_01349,USR_115,Jaipur,Gokarna,Karnataka,South,Beach & Spiritual,1189,20.91,3,Train,2,Autumn,Budget Hotel,4786,5082,2795,774,1220,14657,4.6,Budget Traveler
TRIP_01350,USR_155,Bengaluru,Rishikesh,Uttarakhand,North,Spiritual & Adventure,897,16.8,6,Train,2,Monsoon,Mid-Range 3-Star,3146,11238,11701,1191,2023,29299,4.5,Frequent Nomad
TRIP_01351,USR_225,Pune,Mussoorie,Uttarakhand,North,Hill Station,1599,28.08,1,Train,4,Summer,Mid-Range 3-Star,13819,6210,3031,4444,2020,29524,4.4,Family Explorer
TRIP_01352,USR_215,Delhi,Mahabaleshwar,Maharashtra,West,Hill Station,1061,18.9,3,Train,2,Summer,Homestay,3251,6738,3261,1282,611,15143,4.6,Budget Traveler
TRIP_01353,USR_195,Kochi,Pushkar,Rajasthan,North,Cultural & Desert,1871,32.59,2,Train,2,Winter,Budget Hotel,8135,3044,2097,1294,988,15558,3.7,Budget Traveler
TRIP_01354,USR_340,Chennai,Pachmarhi,Madhya Pradesh,Central,Hill Station & Waterfalls,1377,5.0,4,Flight,2,Monsoon,Homestay,13827,6432,4174,2092,1892,28417,4.5,Budget Traveler
TRIP_01355,USR_307,Pune,Bandipur,Karnataka,South,Wildlife Safari,1795,31.66,2,Train,2,Monsoon,Luxury Resort,6295,12858,6296,4600,1990,32039,4.1,Luxury Vacationer
TRIP_01356,USR_246,Delhi,Agra,Uttar Pradesh,North,Heritage & Monument,230,6.03,3,Bus,2,Monsoon,Budget Hotel,1409,3504,3697,4355,787,13752,4.6,Budget Traveler
TRIP_01357,USR_345,Mumbai,Hampi,Karnataka,South,Heritage & Archaeology,740,15.3,4,Car,3,Winter,Homestay,16436,16328,7009,2967,2936,45676,4.5,Budget Traveler
TRIP_01358,USR_346,Chennai,Mount Abu,Rajasthan,North,Hill Station & Temple,1724,35.66,2,Car,4,Winter,Luxury Resort,34597,24212,15209,4842,3733,82593,4.3,Luxury Vacationer
TRIP_01359,USR_156,Kolkata,Tirupati,Andhra Pradesh,South,Spiritual & Pilgrimage,1933,33.5,3,Train,4,Summer,Homestay,14488,8586,7468,5512,2174,38228,4.8,Budget Traveler
TRIP_01360,USR_269,Jaipur,Mussoorie,Uttarakhand,North,Hill Station,485,10.03,2,Car,1,Monsoon,Budget Hotel,11239,3318,770,1255,1174,17756,4.5,Luxury Vacationer
TRIP_01361,USR_188,Chennai,Tirupati,Andhra Pradesh,South,Spiritual & Pilgrimage,135,2.79,2,Car,5,Summer,Luxury Resort,3494,26856,19209,6201,3119,58879,5.0,Luxury Vacationer
TRIP_01362,USR_197,Hyderabad,Mount Abu,Rajasthan,North,Hill Station & Temple,1740,5.66,3,Flight,2,Winter,Homestay,19972,6303,2866,2486,1420,33047,4.0,Frequent Nomad
TRIP_01363,USR_149,Jaipur,Amritsar,Punjab,North,Spiritual & Heritage,1620,5.45,3,Flight,6,Monsoon,Budget Hotel,42899,9567,7742,3532,5284,69024,4.3,Budget Traveler
TRIP_01364,USR_180,Jaipur,Leh-Ladakh,Ladakh,North,Adventure & Mountain,1732,35.82,6,Car,1,Winter,Budget Hotel,33736,19974,2101,1517,4242,61570,5.0,Luxury Vacationer
TRIP_01365,USR_333,Pune,Goa,Goa,West,Beach & Nightlife,440,8.01,4,Train,2,Winter,Luxury Resort,1415,41400,17615,2292,5932,68654,4.5,Luxury Vacationer
TRIP_01366,USR_319,Chennai,Coorg,Karnataka,South,Nature & Coffee,585,10.81,2,Train,4,Winter,Budget Hotel,3996,9616,3503,6081,1014,24210,4.6,Budget Traveler
TRIP_01367,USR_217,Pune,Bandipur,Karnataka,South,Wildlife Safari,812,16.79,3,Car,1,Summer,Luxury Resort,16785,29400,5526,1797,4847,58355,4.6,Luxury Vacationer
TRIP_01368,USR_213,Kochi,Havelock Island,Andaman & Nicobar,Islands,Beach & Scuba,1026,4.37,2,Flight,4,Autumn,Homestay,30162,16224,4925,6533,3319,61163,4.7,Luxury Vacationer
TRIP_01369,USR_134,Chandigarh,Udaipur,Rajasthan,North,Heritage & Romance,1155,20.58,2,Train,4,Winter,Budget Hotel,8190,13804,4300,6467,1127,33888,5.0,Family Explorer
TRIP_01370,USR_142,Chandigarh,Pushkar,Rajasthan,North,Cultural & Desert,1682,44.11,3,Bus,2,Winter,Mid-Range 3-Star,8281,7518,6223,2928,1143,26093,4.6,Frequent Nomad
TRIP_01371,USR_217,Delhi,Manali,Himachal Pradesh,North,Hill Station & Adventure,530,10.76,5,Train,2,Summer,Mid-Range 3-Star,2459,15380,8013,2512,1758,30122,5.0,Frequent Nomad
TRIP_01372,USR_338,Bengaluru,Jaisalmer,Rajasthan,North,Desert & Heritage,471,9.74,3,Car,4,Summer,Homestay,9202,16620,5567,4287,2809,38485,4.5,Budget Traveler
TRIP_01373,USR_272,Hyderabad,Udaipur,Rajasthan,North,Heritage & Romance,1407,24.77,3,Train,2,Autumn,Mid-Range 3-Star,4158,17826,5542,4245,1608,33379,4.1,Frequent Nomad
TRIP_01374,USR_252,Chennai,Tawang,Arunachal Pradesh,Northeast,Himalayan & Monastery,795,13.82,5,Train,6,Monsoon,Luxury Resort,6808,76080,71428,4838,6662,165816,4.6,Luxury Vacationer
TRIP_01375,USR_216,Delhi,Haridwar,Uttarakhand,North,Spiritual & Heritage,220,4.55,5,Car,4,Monsoon,Budget Hotel,7101,9900,12430,3598,2083,35112,5.0,Budget Traveler
TRIP_01376,USR_335,Mumbai,Goa,Goa,West,Beach & Nightlife,585,11.5,3,Train,1,Winter,Budget Hotel,1322,9459,1580,871,637,13869,4.4,Frequent Nomad
TRIP_01377,USR_233,Pune,Varanasi,Uttar Pradesh,North,Spiritual & Heritage,1622,5.45,2,Flight,2,Monsoon,Luxury Resort,15499,8624,7702,2679,1715,36219,5.0,Luxury Vacationer
TRIP_01378,USR_311,Jaipur,Darjeeling,West Bengal,East,Hill Station & Tea,685,14.17,4,Car,1,Summer,Mid-Range 3-Star,14459,12100,3699,1144,2486,33888,5.0,Luxury Vacationer
TRIP_01379,USR_240,Pune,Varkala,Kerala,South,Beach & Cliff,1844,5.85,2,Flight,5,Winter,Luxury Resort,49590,40932,24330,6901,8165,129918,4.9,Luxury Vacationer
TRIP_01380,USR_307,Mumbai,Ooty,Tamil Nadu,South,Hill Station,1197,21.01,2,Train,4,Winter,Homestay,9968,8348,3233,3551,1067,26167,5.0,Budget Traveler
TRIP_01381,USR_201,Hyderabad,Ooty,Tamil Nadu,South,Hill Station,850,4.05,2,Flight,3,Monsoon,Luxury Resort,16358,23260,11315,1529,4027,56489,4.1,Luxury Vacationer
TRIP_01382,USR_340,Mumbai,Goa,Goa,West,Beach & Nightlife,585,10.74,3,Train,1,Summer,Luxury Resort,1249,31149,7637,1308,3239,44582,4.8,Luxury Vacationer
TRIP_01383,USR_161,Pune,Spiti Valley,Himachal Pradesh,North,Adventure & Mountain,1697,29.96,7,Train,2,Monsoon,Budget Hotel,4760,10675,8758,2971,2348,29512,5.0,Budget Traveler
TRIP_01384,USR_278,Delhi,Rann of Kutch,Gujarat,West,Desert & Culture,1560,27.96,2,Train,2,Autumn,Mid-Range 3-Star,4863,11638,3059,2340,1645,23545,4.7,Frequent Nomad
TRIP_01385,USR_232,Jaipur,Kovalam,Kerala,South,Beach & Wellness,585,15.34,3,Bus,4,Winter,Mid-Range 3-Star,5628,25002,11445,5196,1773,49044,4.1,Family Explorer
TRIP_01386,USR_268,Kochi,Manali,Himachal Pradesh,North,Hill Station & Adventure,1181,20.54,3,Train,3,Summer,Luxury Resort,6224,36048,18424,3047,5828,69571,5.0,Luxury Vacationer
TRIP_01387,USR_216,Kolkata,Mysore,Karnataka,South,Heritage & Palaces,609,11.73,1,Train,5,Winter,Luxury Resort,5862,17673,9306,6099,3117,42057,4.7,Luxury Vacationer
TRIP_01388,USR_230,Kochi,Pachmarhi,Madhya Pradesh,Central,Hill Station & Waterfalls,765,13.73,4,Train,4,Summer,Homestay,6336,15624,9394,5190,1255,37799,5.0,Budget Traveler
TRIP_01389,USR_265,Mumbai,Haridwar,Uttarakhand,North,Spiritual & Heritage,1730,5.65,4,Flight,4,Summer,Mid-Range 3-Star,33912,16160,11439,2929,6130,70570,4.7,Family Explorer
TRIP_01390,USR_198,Chandigarh,Mahabaleshwar,Maharashtra,West,Hill Station,1854,5.87,3,Flight,3,Autumn,Budget Hotel,30109,10512,3904,4245,2696,51466,4.3,Family Explorer
TRIP_01391,USR_196,Kolkata,Shillong,Meghalaya,Northeast,Nature & Waterfalls,1080,4.46,3,Flight,1,Summer,Luxury Resort,6352,18132,4705,1257,1492,31938,4.6,Luxury Vacationer
TRIP_01392,USR_164,Mumbai,Haridwar,Uttarakhand,North,Spiritual & Heritage,1540,27.35,3,Train,1,Monsoon,Homestay,2267,4581,1914,1421,529,10712,3.7,Budget Traveler
TRIP_01393,USR_143,Kolkata,Manali,Himachal Pradesh,North,Hill Station & Adventure,1851,5.87,4,Flight,3,Monsoon,Homestay,24036,14960,7761,5225,2833,54815,4.9,Family Explorer
TRIP_01394,USR_143,Chandigarh,Varanasi,Uttar Pradesh,North,Spiritual & Heritage,1276,23.07,3,Train,4,Summer,Homestay,9517,9054,6671,5330,2432,33004,5.0,Budget Traveler
TRIP_01395,USR_128,Jaipur,Pachmarhi,Madhya Pradesh,Central,Hill Station & Waterfalls,1251,4.77,4,Flight,1,Monsoon,Mid-Range 3-Star,6596,8344,3837,1682,1380,21839,3.9,Frequent Nomad
TRIP_01396,USR_105,Chandigarh,Amritsar,Punjab,North,Spiritual & Heritage,230,4.76,2,Car,5,Autumn,Mid-Range 3-Star,4832,21396,10140,5552,2572,44492,4.5,Family Explorer
TRIP_01397,USR_248,Bengaluru,Jaipur,Rajasthan,North,Heritage & Culture,1950,6.05,2,Flight,3,Autumn,Luxury Resort,31586,28532,14397,3550,6528,84593,4.2,Luxury Vacationer
TRIP_01398,USR_123,Hyderabad,Gokarna,Karnataka,South,Beach & Spiritual,640,16.78,3,Bus,1,Autumn,Mid-Range 3-Star,1329,7707,2261,542,598,12437,5.0,Frequent Nomad
TRIP_01399,USR_145,Hyderabad,Spiti Valley,Himachal Pradesh,North,Adventure & Mountain,889,23.31,6,Bus,4,Autumn,Luxury Resort,9176,90924,36404,4226,8059,148789,4.3,Luxury Vacationer
TRIP_01400,USR_105,Chandigarh,Leh-Ladakh,Ladakh,North,Adventure & Mountain,750,19.67,5,Bus,2,Summer,Budget Hotel,3689,11400,3761,2324,1187,22361,5.0,Budget Traveler
TRIP_01401,USR_236,Bengaluru,Pushkar,Rajasthan,North,Cultural & Desert,1661,29.03,2,Train,2,Autumn,Homestay,4306,4358,1833,1834,771,13102,4.6,Budget Traveler
TRIP_01402,USR_297,Hyderabad,Varkala,Kerala,South,Beach & Cliff,783,20.53,2,Bus,4,Summer,Mid-Range 3-Star,8071,12264,8703,5786,2666,37490,4.6,Family Explorer
TRIP_01403,USR_250,Jaipur,Mount Abu,Rajasthan,North,Hill Station & Temple,495,9.56,2,Train,2,Autumn,Mid-Range 3-Star,1637,6992,3785,1590,1048,15052,5.0,Frequent Nomad
TRIP_01404,USR_272,Kolkata,Kaziranga,Assam,Northeast,Wildlife Safari,1050,19.1,2,Train,4,Monsoon,Luxury Resort,8651,35244,14246,8283,2945,69369,4.0,Luxury Vacationer
TRIP_01405,USR_133,Kolkata,Spiti Valley,Himachal Pradesh,North,Adventure & Mountain,693,13.27,7,Train,2,Winter,Luxury Resort,1994,58492,35267,896,4726,101375,4.9,Luxury Vacationer
TRIP_01406,USR_179,Hyderabad,Kovalam,Kerala,South,Beach & Wellness,920,15.94,2,Train,2,Summer,Homestay,3960,4302,2459,2697,987,14405,5.0,Budget Traveler
TRIP_01407,USR_118,Delhi,Ooty,Tamil Nadu,South,Hill Station,2400,41.01,4,Train,5,Monsoon,Budget Hotel,21990,15828,9554,6645,2701,56718,5.0,Budget Traveler
TRIP_01408,USR_173,Jaipur,Jodhpur,Rajasthan,North,Heritage & Culture,330,6.58,2,Train,1,Autumn,Luxury Resort,832,13698,4456,1529,1783,22298,5.0,Luxury Vacationer
TRIP_01409,USR_302,Kochi,Tawang,Arunachal Pradesh,Northeast,Himalayan & Monastery,1049,27.51,5,Bus,2,Autumn,Homestay,3791,15105,6037,2784,2372,30089,5.0,Budget Traveler
TRIP_01410,USR_174,Delhi,Goa,Goa,West,Beach & Nightlife,1880,33.04,5,Train,1,Summer,Homestay,3772,16315,1908,1543,1046,24584,5.0,Frequent Nomad
TRIP_01411,USR_256,Mumbai,Diu,Daman and Diu,West,Beach & Portuguese Fort,780,16.13,2,Car,4,Winter,Mid-Range 3-Star,14487,14496,9141,3478,2644,44246,4.3,Family Explorer
TRIP_01412,USR_153,Jaipur,Jaisalmer,Rajasthan,North,Desert & Heritage,560,9.87,4,Train,2,Monsoon,Homestay,2051,9692,4494,1823,825,18885,4.3,Budget Traveler
TRIP_01413,USR_190,Kochi,Jaisalmer,Rajasthan,North,Desert & Heritage,1107,4.51,2,Flight,4,Monsoon,Mid-Range 3-Star,22848,13424,6142,4927,1779,49120,4.7,Family Explorer
TRIP_01414,USR_137,Chandigarh,Manali,Himachal Pradesh,North,Hill Station & Adventure,290,6.0,6,Car,6,Autumn,Luxury Resort,8685,156150,67355,5296,15410,252896,5.0,Luxury Vacationer
TRIP_01415,USR_131,Kochi,Rishikesh,Uttarakhand,North,Spiritual & Adventure,579,11.97,3,Car,2,Autumn,Homestay,13221,5613,3766,3316,2201,28117,4.4,Frequent Nomad
TRIP_01416,USR_338,Chennai,Amritsar,Punjab,North,Spiritual & Heritage,822,3.99,1,Flight,6,Summer,Homestay,33943,5580,3206,8147,4158,55034,5.0,Luxury Vacationer
TRIP_01417,USR_288,Pune,Amritsar,Punjab,North,Spiritual & Heritage,1796,5.77,2,Flight,3,Winter,Mid-Range 3-Star,30911,11792,4909,3251,3911,54774,4.5,Luxury Vacationer
TRIP_01418,USR_163,Chandigarh,Kaziranga,Assam,Northeast,Wildlife Safari,866,17.91,5,Car,2,Monsoon,Mid-Range 3-Star,17732,17730,9315,3898,2225,50900,4.3,Frequent Nomad
TRIP_01419,USR_201,Kolkata,Darjeeling,West Bengal,East,Hill Station & Tea,610,11.52,4,Train,1,Winter,Mid-Range 3-Star,1199,16744,4706,1368,1064,25081,4.6,Frequent Nomad
TRIP_01420,USR_329,Kochi,Havelock Island,Andaman & Nicobar,Islands,Beach & Scuba,1642,5.49,5,Flight,2,Autumn,Budget Hotel,18411,16085,3709,1624,3593,43422,5.0,Frequent Nomad
TRIP_01421,USR_220,Jaipur,Gangtok,Sikkim,Northeast,Hill Station & Monastery,1922,5.99,5,Flight,4,Winter,Homestay,44987,26880,8961,4478,7670,92976,5.0,Family Explorer
TRIP_01422,USR_163,Mumbai,Agra,Uttar Pradesh,North,Heritage & Monument,1200,24.82,4,Car,2,Winter,Budget Hotel,24223,6180,4542,2133,1476,38554,4.5,Frequent Nomad
TRIP_01423,USR_112,Kolkata,Mussoorie,Uttarakhand,North,Hill Station,1585,5.38,3,Flight,4,Autumn,Luxury Resort,37456,46128,24992,2820,9163,120559,3.8,Luxury Vacationer
TRIP_01424,USR_281,Hyderabad,Rann of Kutch,Gujarat,West,Desert & Culture,1503,31.08,4,Car,2,Monsoon,Homestay,31076,10084,4716,3450,4074,53400,5.0,Frequent Nomad
TRIP_01425,USR_111,Delhi,Munnar,Kerala,South,Hill Station,1019,4.35,1,Flight,2,Monsoon,Homestay,11812,2259,1188,2662,710,18631,4.7,Luxury Vacationer
TRIP_01426,USR_118,Hyderabad,Varanasi,Uttar Pradesh,North,Spiritual & Heritage,1200,21.81,4,Train,4,Summer,Budget Hotel,7004,8000,8370,4702,1758,29834,4.8,Budget Traveler
TRIP_01427,USR_190,Chennai,Manali,Himachal Pradesh,North,Hill Station & Adventure,2600,44.13,3,Train,4,Monsoon,Mid-Range 3-Star,19958,17268,9557,3676,1885,52344,4.3,Family Explorer
TRIP_01428,USR_207,Kochi,Manali,Himachal Pradesh,North,Hill Station & Adventure,880,15.31,4,Train,5,Autumn,Budget Hotel,6221,20700,7905,3971,1639,40436,4.5,Budget Traveler
TRIP_01429,USR_276,Kochi,Mount Abu,Rajasthan,North,Hill Station & Temple,1405,5.05,2,Flight,2,Summer,Budget Hotel,15886,2744,2208,1659,964,23461,3.9,Frequent Nomad
TRIP_01430,USR_334,Mumbai,Kodaikanal,Tamil Nadu,South,Hill Station,697,12.79,3,Train,5,Winter,Mid-Range 3-Star,7834,31779,16199,3647,4318,63777,5.0,Family Explorer
TRIP_01431,USR_287,Delhi,Kodaikanal,Tamil Nadu,South,Hill Station,1051,4.41,2,Flight,2,Summer,Luxury Resort,12057,10100,5664,2364,2223,32408,4.4,Luxury Vacationer
TRIP_01432,USR_178,Jaipur,Shimla,Himachal Pradesh,North,Hill Station,600,3.59,4,Flight,4,Summer,Mid-Range 3-Star,17232,23848,11381,3829,3750,60040,3.8,Family Explorer
TRIP_01433,USR_337,Hyderabad,Ooty,Tamil Nadu,South,Hill Station,850,16.14,3,Train,5,Monsoon,Homestay,7286,16047,5327,3779,2602,35041,5.0,Budget Traveler
TRIP_01434,USR_348,Hyderabad,Tawang,Arunachal Pradesh,Northeast,Himalayan & Monastery,1229,4.73,4,Flight,3,Winter,Budget Hotel,22558,18776,6601,1929,3915,53779,4.9,Family Explorer
TRIP_01435,USR_228,Chennai,Bandipur,Karnataka,South,Wildlife Safari,520,10.75,3,Car,2,Winter,Homestay,10234,13644,2862,3230,1657,31627,5.0,Frequent Nomad
TRIP_01436,USR_179,Mumbai,Gokarna,Karnataka,South,Beach & Spiritual,680,3.74,3,Flight,2,Winter,Mid-Range 3-Star,12043,10182,6535,2976,2755,34491,4.2,Frequent Nomad
TRIP_01437,USR_209,Bengaluru,Khajuraho,Madhya Pradesh,Central,Heritage & Art,1707,5.6,1,Flight,6,Summer,Luxury Resort,52009,12474,8834,3154,6094,82565,4.4,Luxury Vacationer
TRIP_01438,USR_347,Bengaluru,Ranthambore,Rajasthan,North,Wildlife Safari,1322,4.9,2,Flight,1,Winter,Luxury Resort,7804,20798,3475,2763,1942,36782,5.0,Luxury Vacationer
TRIP_01439,USR_167,Mumbai,Haridwar,Uttarakhand,North,Spiritual & Heritage,1743,36.05,3,Car,2,Winter,Homestay,36601,6141,2205,1471,4238,50656,4.2,Luxury Vacationer
TRIP_01440,USR_345,Kochi,Madurai,Tamil Nadu,South,Heritage & Temple,1760,5.7,1,Flight,2,Autumn,Mid-Range 3-Star,20872,2767,2022,2140,2224,30025,4.8,Luxury Vacationer
TRIP_01441,USR_190,Hyderabad,Alleppey,Kerala,South,Backwaters & Houseboat,1320,4.9,3,Flight,4,Summer,Homestay,30919,15114,4692,4302,2037,57064,4.9,Family Explorer
TRIP_01442,USR_112,Jaipur,Coorg,Karnataka,South,Nature & Coffee,692,12.09,3,Train,6,Winter,Budget Hotel,8635,23103,8527,5842,2277,48384,4.7,Budget Traveler
TRIP_01443,USR_342,Bengaluru,Gangtok,Sikkim,Northeast,Hill Station & Monastery,781,14.29,3,Train,1,Autumn,Budget Hotel,1658,6177,1653,611,396,10495,4.7,Budget Traveler
TRIP_01444,USR_285,Bengaluru,Mahabaleshwar,Maharashtra,West,Hill Station,1892,5.94,3,Flight,2,Winter,Luxury Resort,21312,19308,11341,959,4300,57220,3.9,Luxury Vacationer
TRIP_01445,USR_186,Bengaluru,Coorg,Karnataka,South,Nature & Coffee,250,6.56,5,Bus,2,Monsoon,Mid-Range 3-Star,1579,18435,9460,1821,1380,32675,4.4,Frequent Nomad
TRIP_01446,USR_151,Chennai,Munnar,Kerala,South,Hill Station,590,10.61,2,Train,2,Autumn,Mid-Range 3-Star,2463,8114,3992,1614,1073,17256,4.5,Frequent Nomad
TRIP_01447,USR_186,Delhi,Rann of Kutch,Gujarat,West,Desert & Culture,860,4.06,3,Flight,1,Autumn,Homestay,6815,13050,1445,1101,1355,23766,4.8,Luxury Vacationer
TRIP_01448,USR_311,Mumbai,Manali,Himachal Pradesh,North,Hill Station & Adventure,1900,33.04,4,Train,4,Monsoon,Homestay,14504,16480,7880,6741,2494,48099,4.7,Budget Traveler
TRIP_01449,USR_209,Bengaluru,Wayanad,Kerala,South,Nature & Wildlife,275,5.69,3,Car,4,Monsoon,Budget Hotel,6495,9504,6318,2596,1230,26143,4.6,Budget Traveler
TRIP_01450,USR_106,Kolkata,Bodh Gaya,Bihar,East,Spiritual & Buddhist Heritage,480,12.59,2,Bus,3,Summer,Budget Hotel,3489,4912,3359,3407,875,16042,4.9,Budget Traveler
TRIP_01451,USR_181,Delhi,Rann of Kutch,Gujarat,West,Desert & Culture,1899,49.8,3,Bus,2,Winter,Mid-Range 3-Star,6241,19029,6031,3239,1811,36351,5.0,Frequent Nomad
TRIP_01452,USR_313,Chandigarh,Gangtok,Sikkim,Northeast,Hill Station & Monastery,1258,4.79,3,Flight,1,Autumn,Homestay,7621,8505,1581,1438,1114,20259,4.4,Frequent Nomad
TRIP_01453,USR_243,Kolkata,Shimla,Himachal Pradesh,North,Hill Station,1291,4.85,4,Flight,1,Autumn,Budget Hotel,8104,7136,2543,1157,976,19916,4.2,Frequent Nomad
TRIP_01454,USR_313,Mumbai,Mussoorie,Uttarakhand,North,Hill Station,1110,4.52,3,Flight,5,Autumn,Homestay,37943,21852,7569,4177,4992,76533,4.4,Family Explorer
TRIP_01455,USR_130,Chandigarh,Chikmagalur,Karnataka,South,Hill Station & Coffee,480,9.57,5,Train,4,Winter,Mid-Range 3-Star,3648,36780,23880,1963,4375,70646,4.3,Family Explorer
TRIP_01456,USR_232,Kochi,Kaziranga,Assam,Northeast,Wildlife Safari,801,16.57,2,Car,4,Winter,Budget Hotel,17308,10728,4382,8262,1801,42481,4.8,Family Explorer
TRIP_01457,USR_318,Jaipur,Manali,Himachal Pradesh,North,Hill Station & Adventure,931,4.19,4,Flight,2,Monsoon,Luxury Resort,11893,24588,12001,1320,4371,54173,4.2,Luxury Vacationer
TRIP_01458,USR_229,Chandigarh,Alleppey,Kerala,South,Backwaters & Houseboat,1804,31.79,2,Train,2,Winter,Budget Hotel,7643,5874,2472,1223,1366,18578,4.7,Frequent Nomad
TRIP_01459,USR_216,Hyderabad,Jodhpur,Rajasthan,North,Heritage & Culture,1500,5.23,1,Flight,4,Summer,Luxury Resort,31194,16336,10076,3666,2393,63665,4.6,Luxury Vacationer
TRIP_01460,USR_239,Chennai,Mount Abu,Rajasthan,North,Hill Station & Temple,1421,5.08,1,Flight,6,Monsoon,Luxury Resort,43932,16269,9694,6318,4052,80265,3.9,Luxury Vacationer
TRIP_01461,USR_204,Bengaluru,Mussoorie,Uttarakhand,North,Hill Station,1777,31.52,3,Train,3,Winter,Luxury Resort,9680,49260,21147,2994,7546,90627,4.1,Luxury Vacationer
TRIP_01462,USR_139,Kochi,Tawang,Arunachal Pradesh,Northeast,Himalayan & Monastery,1253,4.78,4,Flight,3,Autumn,Budget Hotel,24207,15464,5025,4510,2025,51231,4.1,Family Explorer
TRIP_01463,USR_249,Pune,Jaipur,Rajasthan,North,Heritage & Culture,1250,4.77,3,Flight,1,Monsoon,Luxury Resort,6898,14214,6512,1147,2586,31357,4.5,Luxury Vacationer
TRIP_01464,USR_277,Jaipur,Tirupati,Andhra Pradesh,South,Spiritual & Pilgrimage,909,4.15,3,Flight,2,Monsoon,Luxury Resort,11478,10275,11713,2531,2684,38681,4.1,Luxury Vacationer
TRIP_01465,USR_202,Mumbai,Alleppey,Kerala,South,Backwaters & Houseboat,1760,5.7,2,Flight,5,Winter,Luxury Resort,49158,61062,21317,3779,7351,142667,4.8,Luxury Vacationer
TRIP_01466,USR_257,Pune,Munnar,Kerala,South,Hill Station,994,4.31,2,Flight,2,Autumn,Mid-Range 3-Star,13615,7320,3105,1978,1192,27210,4.7,Frequent Nomad
TRIP_01467,USR_339,Hyderabad,Bodh Gaya,Bihar,East,Spiritual & Buddhist Heritage,947,16.7,1,Train,4,Autumn,Homestay,8444,2880,2552,2476,888,17240,4.5,Family Explorer
TRIP_01468,USR_279,Jaipur,Pondicherry,Puducherry,South,Beach & French Heritage,1707,30.27,2,Train,4,Winter,Homestay,11222,12592,3163,4127,2053,33157,5.0,Family Explorer
TRIP_01469,USR_118,Pune,Munnar,Kerala,South,Hill Station,1726,29.4,3,Train,2,Winter,Budget Hotel,7020,5679,3155,2979,974,19807,5.0,Budget Traveler
TRIP_01470,USR_294,Chandigarh,Kovalam,Kerala,South,Beach & Wellness,784,14.64,4,Train,3,Summer,Budget Hotel,4278,13504,5667,1691,1287,26427,4.4,Budget Traveler
TRIP_01471,USR_336,Kolkata,Amritsar,Punjab,North,Spiritual & Heritage,1589,41.67,2,Bus,1,Winter,Luxury Resort,3770,11396,2852,1387,1021,20426,4.4,Luxury Vacationer
TRIP_01472,USR_178,Kochi,Agra,Uttar Pradesh,North,Heritage & Monument,986,4.29,2,Flight,2,Winter,Budget Hotel,14043,3472,2447,3302,1741,25005,5.0,Frequent Nomad
TRIP_01473,USR_207,Pune,Goa,Goa,West,Beach & Nightlife,440,9.1,4,Car,1,Autumn,Luxury Resort,10397,48524,8075,1423,4984,73403,4.6,Luxury Vacationer
TRIP_01474,USR_240,Chennai,Kaziranga,Assam,Northeast,Wildlife Safari,1558,27.77,5,Train,2,Winter,Luxury Resort,4447,59220,17257,3257,7353,91534,4.8,Luxury Vacationer
TRIP_01475,USR_127,Delhi,Amritsar,Punjab,North,Spiritual & Heritage,450,9.31,5,Car,2,Summer,Luxury Resort,11673,27050,21397,2531,3302,65953,4.4,Luxury Vacationer
TRIP_01476,USR_350,Chandigarh,Varkala,Kerala,South,Beach & Cliff,1876,5.91,4,Flight,1,Autumn,Mid-Range 3-Star,10436,16472,3424,408,1832,32572,5.0,Luxury Vacationer
TRIP_01477,USR_167,Hyderabad,Rann of Kutch,Gujarat,West,Desert & Culture,550,9.85,2,Train,3,Winter,Homestay,3439,16860,2205,3838,1388,27730,4.7,Family Explorer
TRIP_01478,USR_279,Pune,Pushkar,Rajasthan,North,Cultural & Desert,541,9.69,1,Train,2,Monsoon,Luxury Resort,2263,3266,2948,1890,731,11098,5.0,Luxury Vacationer
TRIP_01479,USR_307,Pune,Gokarna,Karnataka,South,Beach & Spiritual,540,3.48,3,Flight,3,Autumn,Mid-Range 3-Star,16617,16344,9214,2985,2516,47676,4.2,Family Explorer
TRIP_01480,USR_254,Chennai,Mysore,Karnataka,South,Heritage & Palaces,480,12.59,3,Bus,4,Autumn,Budget Hotel,4706,7944,6544,2665,1378,23237,4.6,Budget Traveler
TRIP_01481,USR_249,Kolkata,Rishikesh,Uttarakhand,North,Spiritual & Adventure,546,11.29,4,Car,2,Monsoon,Luxury Resort,12301,20392,19869,2530,3462,58554,4.8,Luxury Vacationer
TRIP_01482,USR_206,Chennai,Amritsar,Punjab,North,Spiritual & Heritage,1342,27.75,1,Car,4,Monsoon,Homestay,27450,2566,1908,4830,1928,38682,4.6,Luxury Vacationer
TRIP_01483,USR_329,Chennai,Madurai,Tamil Nadu,South,Heritage & Temple,460,9.51,1,Car,2,Autumn,Mid-Range 3-Star,9952,3086,1906,1773,815,17532,4.3,Luxury Vacationer
TRIP_01484,USR_301,Hyderabad,Shillong,Meghalaya,Northeast,Nature & Waterfalls,1278,22.97,2,Train,2,Autumn,Homestay,4141,5706,1747,2350,883,14827,5.0,Budget Traveler
TRIP_01485,USR_189,Delhi,Coorg,Karnataka,South,Nature & Coffee,468,9.68,3,Car,4,Autumn,Homestay,9214,20508,4851,4226,3383,42182,4.8,Budget Traveler
TRIP_01486,USR_223,Kochi,Wayanad,Kerala,South,Nature & Wildlife,250,5.17,4,Car,4,Autumn,Homestay,6531,23536,6097,5110,1663,42937,4.4,Budget Traveler
TRIP_01487,USR_196,Jaipur,Shillong,Meghalaya,Northeast,Nature & Waterfalls,1542,27.69,3,Train,1,Autumn,Budget Hotel,3359,6504,1063,1090,696,12712,5.0,Frequent Nomad
TRIP_01488,USR_283,Kochi,Tirupati,Andhra Pradesh,South,Spiritual & Pilgrimage,711,13.66,1,Train,2,Summer,Homestay,3135,1563,915,2753,538,8904,5.0,Frequent Nomad
TRIP_01489,USR_170,Kochi,Udaipur,Rajasthan,North,Heritage & Romance,1921,5.99,2,Flight,2,Autumn,Mid-Range 3-Star,21869,13806,3649,2087,1961,43372,4.3,Luxury Vacationer
TRIP_01490,USR_153,Jaipur,Shillong,Meghalaya,Northeast,Nature & Waterfalls,918,24.07,3,Bus,1,Autumn,Mid-Range 3-Star,1862,10581,2983,1360,661,17447,5.0,Frequent Nomad
TRIP_01491,USR_242,Hyderabad,Kovalam,Kerala,South,Beach & Wellness,795,15.23,5,Train,4,Monsoon,Homestay,4769,19580,10344,3956,3216,41865,4.8,Budget Traveler
TRIP_01492,USR_193,Kolkata,Coorg,Karnataka,South,Nature & Coffee,514,9.45,2,Train,2,Autumn,Mid-Range 3-Star,1965,8398,4279,3090,653,18385,5.0,Frequent Nomad
TRIP_01493,USR_136,Delhi,Agra,Uttar Pradesh,North,Heritage & Monument,230,4.76,1,Train,4,Autumn,Luxury Resort,2218,14346,9514,5558,2253,33889,4.4,Luxury Vacationer
TRIP_01494,USR_296,Delhi,Darjeeling,West Bengal,East,Hill Station & Tea,1810,31.63,3,Train,4,Monsoon,Homestay,9488,10686,7323,3901,1379,32777,4.9,Budget Traveler
TRIP_01495,USR_119,Kochi,Jim Corbett,Uttarakhand,North,Wildlife Safari,1912,5.98,3,Flight,5,Winter,Budget Hotel,51055,29655,8778,13790,4948,108226,4.5,Family Explorer
TRIP_01496,USR_283,Delhi,Kodaikanal,Tamil Nadu,South,Hill Station,1241,4.76,3,Flight,4,Summer,Mid-Range 3-Star,28188,17964,9268,2920,5035,63375,4.9,Family Explorer
TRIP_01497,USR_326,Kolkata,Ooty,Tamil Nadu,South,Hill Station,523,10.82,2,Car,2,Winter,Budget Hotel,10604,3986,1743,3093,991,20417,4.2,Frequent Nomad
TRIP_01498,USR_145,Kolkata,Shillong,Meghalaya,Northeast,Nature & Waterfalls,1080,4.46,4,Flight,1,Monsoon,Mid-Range 3-Star,5825,10116,4451,1073,1258,22723,5.0,Frequent Nomad
TRIP_01499,USR_117,Kochi,Havelock Island,Andaman & Nicobar,Islands,Beach & Scuba,1718,5.62,3,Flight,1,Summer,Luxury Resort,8775,36864,4256,1612,4392,55899,4.8,Luxury Vacationer
TRIP_01500,USR_272,Hyderabad,Darjeeling,West Bengal,East,Hill Station & Tea,1768,5.71,1,Flight,4,Winter,Homestay,42712,5110,2014,4450,3147,57433,4.5,Luxury Vacationer
TRIP_01501,USR_260,Chandigarh,Bodh Gaya,Bihar,East,Spiritual & Buddhist Heritage,1321,4.9,2,Flight,2,Summer,Budget Hotel,15811,2044,1977,2610,917,23359,4.2,Frequent Nomad
TRIP_01502,USR_315,Kochi,Haridwar,Uttarakhand,North,Spiritual & Heritage,731,3.83,3,Flight,1,Monsoon,Luxury Resort,5246,10149,7302,948,2220,25865,4.7,Luxury Vacationer
TRIP_01503,USR_282,Kolkata,Rishikesh,Uttarakhand,North,Spiritual & Adventure,998,18.49,2,Train,6,Summer,Homestay,8962,10770,5047,3654,2441,30874,4.7,Budget Traveler
TRIP_01504,USR_266,Jaipur,Gangtok,Sikkim,Northeast,Hill Station & Monastery,511,3.43,4,Flight,2,Autumn,Homestay,9852,12440,5160,2119,1179,30750,4.0,Budget Traveler
TRIP_01505,USR_248,Jaipur,Gokarna,Karnataka,South,Beach & Spiritual,793,16.4,3,Car,1,Summer,Budget Hotel,14918,3168,1208,375,1376,21045,5.0,Frequent Nomad
TRIP_01506,USR_219,Pune,Mysore,Karnataka,South,Heritage & Palaces,684,3.74,1,Flight,2,Winter,Budget Hotel,11460,1589,1102,3039,974,18164,4.4,Luxury Vacationer
TRIP_01507,USR_199,Bengaluru,Ooty,Tamil Nadu,South,Hill Station,280,5.79,3,Car,2,Winter,Mid-Range 3-Star,6173,9741,4385,3171,1164,24634,4.9,Frequent Nomad
TRIP_01508,USR_182,Delhi,Diu,Daman and Diu,West,Beach & Portuguese Fort,624,12.91,1,Car,4,Winter,Luxury Resort,13092,11980,8241,2904,2149,38366,4.7,Luxury Vacationer
TRIP_01509,USR_251,Hyderabad,Haridwar,Uttarakhand,North,Spiritual & Heritage,650,11.34,2,Train,2,Winter,Budget Hotel,2739,2858,2499,2561,459,11116,5.0,Budget Traveler
TRIP_01510,USR_185,Chandigarh,Mysore,Karnataka,South,Heritage & Palaces,1346,4.95,2,Flight,1,Winter,Mid-Range 3-Star,8580,5224,1835,1446,1021,18106,3.7,Luxury Vacationer
TRIP_01511,USR_124,Bengaluru,Ooty,Tamil Nadu,South,Hill Station,280,6.54,4,Train,2,Autumn,Mid-Range 3-Star,1329,16176,8416,3329,2571,31821,4.8,Frequent Nomad
TRIP_01512,USR_101,Kochi,Kaziranga,Assam,Northeast,Wildlife Safari,1113,4.52,3,Flight,4,Winter,Luxury Resort,31525,65100,25317,7770,8702,138414,5.0,Luxury Vacationer
TRIP_01513,USR_104,Hyderabad,Bandipur,Karnataka,South,Wildlife Safari,1600,5.41,1,Flight,2,Summer,Luxury Resort,15885,8900,4129,4221,2136,35271,4.3,Luxury Vacationer
TRIP_01514,USR_204,Mumbai,Mysore,Karnataka,South,Heritage & Palaces,1692,29.88,2,Train,2,Autumn,Homestay,6060,4234,2024,1430,883,14631,4.6,Budget Traveler
TRIP_01515,USR_275,Kochi,Spiti Valley,Himachal Pradesh,North,Adventure & Mountain,598,12.37,6,Car,2,Monsoon,Budget Hotel,13705,7488,5832,1913,1692,30630,4.3,Budget Traveler
TRIP_01516,USR_278,Chandigarh,Darjeeling,West Bengal,East,Hill Station & Tea,709,13.73,3,Train,4,Winter,Homestay,5793,14784,7757,6631,2020,36985,5.0,Budget Traveler
TRIP_01517,USR_244,Mumbai,Mysore,Karnataka,South,Heritage & Palaces,480,9.93,1,Car,2,Monsoon,Budget Hotel,8754,1144,1238,1368,494,12998,4.6,Frequent Nomad
TRIP_01518,USR_219,Hyderabad,Mahabaleshwar,Maharashtra,West,Hill Station,1495,26.87,3,Train,5,Monsoon,Budget Hotel,12793,13275,8427,3331,1994,39820,4.8,Budget Traveler
TRIP_01519,USR_255,Mumbai,Goa,Goa,West,Beach & Nightlife,585,11.06,5,Train,2,Winter,Homestay,2344,16885,5276,2609,1240,28354,4.6,Budget Traveler
TRIP_01520,USR_137,Chandigarh,Srinagar,Jammu & Kashmir,North,Lakes & Paradise Valley,1134,20.07,3,Train,2,Winter,Mid-Range 3-Star,3769,15765,6948,2160,2141,30783,5.0,Frequent Nomad
TRIP_01521,USR_196,Kochi,Kodaikanal,Tamil Nadu,South,Hill Station,300,7.87,4,Bus,1,Monsoon,Luxury Resort,684,20344,9655,1410,1903,33996,4.5,Luxury Vacationer
TRIP_01522,USR_313,Chennai,Pachmarhi,Madhya Pradesh,Central,Hill Station & Waterfalls,1626,5.46,4,Flight,1,Winter,Budget Hotel,9408,5996,2510,1026,1738,20678,3.9,Frequent Nomad
TRIP_01523,USR_218,Mumbai,Gokarna,Karnataka,South,Beach & Spiritual,680,14.06,2,Car,6,Summer,Mid-Range 3-Star,13544,16512,9377,4162,3283,46878,3.6,Family Explorer
TRIP_01524,USR_302,Kolkata,Ooty,Tamil Nadu,South,Hill Station,569,10.71,3,Train,1,Winter,Homestay,966,6453,1457,1605,393,10874,4.7,Budget Traveler
TRIP_01525,USR_342,Jaipur,Bandipur,Karnataka,South,Wildlife Safari,1214,25.11,1,Car,2,Winter,Luxury Resort,25039,8960,4339,3297,1800,43435,5.0,Luxury Vacationer
TRIP_01526,USR_196,Chennai,Spiti Valley,Himachal Pradesh,North,Adventure & Mountain,814,3.98,4,Flight,3,Autumn,Budget Hotel,18921,17368,5333,4083,1773,47478,5.0,Budget Traveler
TRIP_01527,USR_193,Delhi,Chikmagalur,Karnataka,South,Hill Station & Coffee,559,10.12,4,Train,1,Summer,Budget Hotel,1228,6944,2112,467,709,11460,4.6,Budget Traveler
TRIP_01528,USR_332,Bengaluru,Puri,Odisha,East,Coastal & Spiritual,1625,42.61,1,Bus,1,Monsoon,Mid-Range 3-Star,2969,2238,1022,926,403,7558,5.0,Luxury Vacationer
TRIP_01529,USR_243,Chandigarh,Gokarna,Karnataka,South,Beach & Spiritual,1294,4.85,2,Flight,2,Monsoon,Homestay,12568,2928,1966,2607,790,20859,4.3,Frequent Nomad
TRIP_01530,USR_260,Jaipur,Agra,Uttar Pradesh,North,Heritage & Monument,240,6.29,1,Bus,2,Autumn,Homestay,1470,2596,749,4693,213,9721,5.0,Frequent Nomad
TRIP_01531,USR_167,Hyderabad,Kodaikanal,Tamil Nadu,South,Hill Station,764,15.8,2,Car,2,Monsoon,Luxury Resort,14428,7954,7024,2873,2461,34740,4.0,Luxury Vacationer
TRIP_01532,USR_213,Kolkata,Jodhpur,Rajasthan,North,Heritage & Culture,945,17.56,3,Train,2,Monsoon,Homestay,2670,5934,3651,3126,1038,16419,4.7,Budget Traveler
TRIP_01533,USR_215,Delhi,Bodh Gaya,Bihar,East,Spiritual & Buddhist Heritage,1572,5.36,3,Flight,2,Summer,Mid-Range 3-Star,17438,7272,5710,2922,1797,35139,4.7,Frequent Nomad
TRIP_01534,USR_159,Pune,Kovalam,Kerala,South,Beach & Wellness,1060,4.43,2,Flight,1,Autumn,Homestay,6949,5998,731,1501,1125,16304,3.9,Luxury Vacationer
TRIP_01535,USR_201,Hyderabad,Chikmagalur,Karnataka,South,Hill Station & Coffee,1719,29.68,3,Train,1,Monsoon,Mid-Range 3-Star,2459,10089,2946,479,651,16624,4.5,Frequent Nomad
TRIP_01536,USR_340,Hyderabad,Bandipur,Karnataka,South,Wildlife Safari,1114,19.13,3,Train,1,Winter,Mid-Range 3-Star,2154,18723,3000,1820,1074,26771,4.5,Luxury Vacationer
TRIP_01537,USR_126,Kochi,Bandipur,Karnataka,South,Wildlife Safari,1489,5.21,2,Flight,2,Autumn,Budget Hotel,18355,6158,1570,4939,1740,32762,4.7,Luxury Vacationer
TRIP_01538,USR_200,Chennai,Haridwar,Uttarakhand,North,Spiritual & Heritage,1889,32.24,1,Train,2,Summer,Budget Hotel,6945,1169,1251,2807,525,12697,4.4,Frequent Nomad
TRIP_01539,USR_341,Bengaluru,Haridwar,Uttarakhand,North,Spiritual & Heritage,812,15.37,1,Train,5,Winter,Homestay,8914,5112,2927,3644,1656,22253,5.0,Family Explorer
TRIP_01540,USR_103,Mumbai,Mount Abu,Rajasthan,North,Hill Station & Temple,760,3.88,2,Flight,1,Winter,Budget Hotel,5696,3576,1217,1531,637,12657,3.8,Frequent Nomad
TRIP_01541,USR_305,Chandigarh,Shillong,Meghalaya,Northeast,Nature & Waterfalls,1351,4.96,6,Flight,1,Monsoon,Budget Hotel,6171,8226,3602,946,926,19871,4.3,Budget Traveler
TRIP_01542,USR_134,Kochi,Havelock Island,Andaman & Nicobar,Islands,Beach & Scuba,1577,5.37,3,Flight,3,Winter,Mid-Range 3-Star,28293,45456,7947,2355,6949,91000,4.8,Luxury Vacationer
TRIP_01543,USR_117,Chennai,Ooty,Tamil Nadu,South,Hill Station,560,10.27,3,Train,1,Autumn,Homestay,1211,8493,1060,1198,432,12394,4.9,Frequent Nomad
TRIP_01544,USR_190,Mumbai,Kodaikanal,Tamil Nadu,South,Hill Station,889,18.39,1,Car,4,Autumn,Budget Hotel,18125,3440,1477,4789,2179,30010,4.5,Luxury Vacationer
TRIP_01545,USR_345,Delhi,Diu,Daman and Diu,West,Beach & Portuguese Fort,1139,4.57,2,Flight,4,Summer,Mid-Range 3-Star,27946,11028,9237,3158,2060,53429,4.5,Family Explorer
TRIP_01546,USR_200,Bengaluru,Kodaikanal,Tamil Nadu,South,Hill Station,465,8.86,3,Train,4,Winter,Luxury Resort,3798,39546,26075,3767,6583,79769,4.3,Luxury Vacationer
TRIP_01547,USR_312,Jaipur,Coorg,Karnataka,South,Nature & Coffee,600,15.73,3,Bus,1,Autumn,Luxury Resort,1123,25575,6703,1011,1871,36283,5.0,Luxury Vacationer
TRIP_01548,USR_275,Mumbai,Pachmarhi,Madhya Pradesh,Central,Hill Station & Waterfalls,896,16.29,3,Train,1,Summer,Mid-Range 3-Star,1788,8160,3579,553,859,14939,4.9,Frequent Nomad
TRIP_01549,USR_218,Pune,Mussoorie,Uttarakhand,North,Hill Station,771,13.84,3,Train,3,Monsoon,Homestay,3949,10122,3179,4969,1014,23233,4.5,Budget Traveler
TRIP_01550,USR_134,Pune,Rishikesh,Uttarakhand,North,Spiritual & Adventure,1035,27.14,3,Bus,2,Winter,Luxury Resort,3847,18003,8840,3128,2521,36339,4.8,Luxury Vacationer
TRIP_01551,USR_139,Delhi,Pondicherry,Puducherry,South,Beach & French Heritage,1080,19.78,3,Train,1,Monsoon,Budget Hotel,2211,3582,1564,1449,664,9470,5.0,Budget Traveler
TRIP_01552,USR_112,Hyderabad,Darjeeling,West Bengal,East,Hill Station & Tea,461,8.95,3,Train,2,Autumn,Homestay,2141,6300,2309,2044,942,13736,4.1,Budget Traveler
TRIP_01553,USR_258,Chennai,Alleppey,Kerala,South,Backwaters & Houseboat,685,14.17,1,Car,2,Monsoon,Luxury Resort,14515,6139,4695,1738,1874,28961,5.0,Luxury Vacationer
TRIP_01554,USR_148,Bengaluru,Varanasi,Uttar Pradesh,North,Spiritual & Heritage,1665,5.53,3,Flight,4,Autumn,Mid-Range 3-Star,36594,15186,14119,4420,6124,76443,4.1,Family Explorer
TRIP_01555,USR_305,Chennai,Pushkar,Rajasthan,North,Cultural & Desert,739,3.84,2,Flight,4,Autumn,Mid-Range 3-Star,21710,11304,6623,5471,3238,48346,4.8,Family Explorer
TRIP_01556,USR_133,Chennai,Chikmagalur,Karnataka,South,Hill Station & Coffee,600,10.64,3,Train,2,Winter,Mid-Range 3-Star,1983,13761,6455,1215,1820,25234,4.5,Frequent Nomad
TRIP_01557,USR_144,Bengaluru,Diu,Daman and Diu,West,Beach & Portuguese Fort,1695,5.58,3,Flight,3,Summer,Budget Hotel,27374,8430,5271,4389,3424,48888,4.6,Family Explorer
TRIP_01558,USR_276,Hyderabad,Madurai,Tamil Nadu,South,Heritage & Temple,643,13.3,3,Car,3,Autumn,Budget Hotel,13315,9576,4152,1412,2036,30491,5.0,Budget Traveler
TRIP_01559,USR_181,Chandigarh,Rameshwaram,Tamil Nadu,South,Coastal & Spiritual,1399,24.07,1,Train,2,Autumn,Budget Hotel,4958,1516,1125,2455,722,10776,4.4,Frequent Nomad
TRIP_01560,USR_223,Jaipur,Mussoorie,Uttarakhand,North,Hill Station,1882,31.97,2,Train,4,Summer,Luxury Resort,10680,26632,19922,2715,4037,63986,4.3,Luxury Vacationer
TRIP_01561,USR_185,Kolkata,Coorg,Karnataka,South,Nature & Coffee,1796,47.1,3,Bus,4,Winter,Homestay,16451,16182,4785,4278,2877,44573,4.6,Budget Traveler
TRIP_01562,USR_238,Mumbai,Kovalam,Kerala,South,Beach & Wellness,918,16.79,4,Train,4,Summer,Homestay,5299,16720,6937,4740,2428,36124,4.7,Budget Traveler
TRIP_01563,USR_337,Jaipur,Rameshwaram,Tamil Nadu,South,Coastal & Spiritual,674,3.73,2,Flight,4,Winter,Luxury Resort,24314,28528,16741,4565,5593,79741,5.0,Luxury Vacationer
TRIP_01564,USR_289,Chennai,Udaipur,Rajasthan,North,Heritage & Romance,523,10.82,2,Car,6,Summer,Budget Hotel,11075,14556,7268,8547,2024,43470,4.7,Budget Traveler
TRIP_01565,USR_339,Mumbai,Pushkar,Rajasthan,North,Cultural & Desert,661,12.08,4,Train,2,Summer,Homestay,2810,5616,3113,1405,494,13438,5.0,Budget Traveler
TRIP_01566,USR_165,Pune,Hampi,Karnataka,South,Heritage & Archaeology,560,10.86,3,Train,4,Winter,Budget Hotel,4886,7848,5030,4110,1089,22963,4.1,Budget Traveler
TRIP_01567,USR_332,Chandigarh,Shimla,Himachal Pradesh,North,Hill Station,110,2.53,3,Train,3,Summer,Budget Hotel,1039,10914,5824,3697,1578,23052,4.9,Budget Traveler
TRIP_01568,USR_291,Bengaluru,Srinagar,Jammu & Kashmir,North,Lakes & Paradise Valley,1061,4.43,4,Flight,1,Autumn,Budget Hotel,6747,11348,2298,622,1776,22791,5.0,Frequent Nomad
TRIP_01569,USR_168,Delhi,Rameshwaram,Tamil Nadu,South,Coastal & Spiritual,1558,5.33,2,Flight,1,Monsoon,Budget Hotel,7205,2342,790,1342,995,12674,4.1,Frequent Nomad
TRIP_01570,USR_208,Kochi,Ooty,Tamil Nadu,South,Hill Station,280,7.34,3,Bus,2,Winter,Mid-Range 3-Star,1685,10503,7106,3252,1227,23773,4.9,Frequent Nomad
TRIP_01571,USR_345,Chennai,Mysore,Karnataka,South,Heritage & Palaces,480,9.55,1,Train,1,Summer,Homestay,947,1490,468,879,166,3950,4.9,Budget Traveler
TRIP_01572,USR_296,Kolkata,Wayanad,Kerala,South,Nature & Wildlife,1793,5.76,3,Flight,5,Winter,Luxury Resort,50502,82656,24534,6850,13094,177636,4.9,Luxury Vacationer
TRIP_01573,USR_246,Pune,Jim Corbett,Uttarakhand,North,Wildlife Safari,467,9.25,3,Train,4,Monsoon,Luxury Resort,3160,40176,28989,7069,6512,85906,4.2,Luxury Vacationer
TRIP_01574,USR_123,Kolkata,Agra,Uttar Pradesh,North,Heritage & Monument,1270,26.27,2,Car,2,Monsoon,Homestay,26122,3656,2286,4342,1899,38305,4.7,Luxury Vacationer
TRIP_01575,USR_273,Mumbai,Shimla,Himachal Pradesh,North,Hill Station,1750,30.47,2,Train,2,Winter,Luxury Resort,6371,18260,8898,2324,2161,38014,4.5,Luxury Vacationer
TRIP_01576,USR_264,Delhi,Tawang,Arunachal Pradesh,Northeast,Himalayan & Monastery,1087,28.5,7,Bus,1,Winter,Luxury Resort,2027,49385,12646,596,6273,70927,5.0,Luxury Vacationer
TRIP_01577,USR_173,Kochi,Rishikesh,Uttarakhand,North,Spiritual & Adventure,1198,4.68,4,Flight,4,Winter,Mid-Range 3-Star,29605,25024,13285,5634,6012,79560,4.3,Family Explorer
TRIP_01578,USR_162,Bengaluru,Manali,Himachal Pradesh,North,Hill Station & Adventure,1896,33.37,5,Train,2,Monsoon,Luxury Resort,6126,25055,22625,2342,4501,60649,5.0,Luxury Vacationer
TRIP_01579,USR_335,Chandigarh,Haridwar,Uttarakhand,North,Spiritual & Heritage,200,4.14,1,Car,1,Monsoon,Luxury Resort,4238,3549,2473,621,885,11766,4.8,Luxury Vacationer
TRIP_01580,USR_331,Hyderabad,Hampi,Karnataka,South,Heritage & Archaeology,375,8.2,3,Train,3,Monsoon,Luxury Resort,2278,20712,21858,4633,3394,52875,4.7,Luxury Vacationer
TRIP_01581,USR_229,Pune,Goa,Goa,West,Beach & Nightlife,440,9.1,4,Car,2,Autumn,Homestay,9115,16660,3485,2687,1184,33131,5.0,Frequent Nomad
TRIP_01582,USR_186,Chandigarh,Wayanad,Kerala,South,Nature & Wildlife,1490,26.56,3,Train,1,Winter,Homestay,2737,8817,1340,1231,822,14947,5.0,Frequent Nomad
TRIP_01583,USR_317,Kochi,Rishikesh,Uttarakhand,North,Spiritual & Adventure,681,11.87,2,Train,5,Summer,Mid-Range 3-Star,5963,13650,10587,4334,1905,36439,4.4,Family Explorer
TRIP_01584,USR_339,Kolkata,Coorg,Karnataka,South,Nature & Coffee,1817,47.65,4,Bus,5,Monsoon,Homestay,21963,23628,12645,4418,3436,66090,5.0,Budget Traveler
TRIP_01585,USR_180,Delhi,Pachmarhi,Madhya Pradesh,Central,Hill Station & Waterfalls,564,3.53,4,Flight,1,Autumn,Luxury Resort,5393,23304,6684,1360,1453,38194,4.5,Luxury Vacationer
TRIP_01586,USR_237,Bengaluru,Gangtok,Sikkim,Northeast,Hill Station & Monastery,1537,27.5,4,Train,2,Monsoon,Homestay,4208,8780,4551,3065,1287,21891,4.6,Budget Traveler
TRIP_01587,USR_182,Mumbai,Gokarna,Karnataka,South,Beach & Spiritual,680,14.06,3,Car,5,Monsoon,Mid-Range 3-Star,13739,20385,14291,3102,3912,55429,3.8,Family Explorer
TRIP_01588,USR_328,Kochi,Coorg,Karnataka,South,Nature & Coffee,370,7.41,5,Train,1,Winter,Homestay,904,17165,2765,996,1260,23090,4.6,Frequent Nomad
TRIP_01589,USR_290,Mumbai,Pondicherry,Puducherry,South,Beach & French Heritage,1360,4.97,2,Flight,3,Autumn,Luxury Resort,24983,25576,13310,1795,2567,68231,4.7,Luxury Vacationer
TRIP_01590,USR_172,Chennai,Diu,Daman and Diu,West,Beach & Portuguese Fort,545,3.49,1,Flight,1,Monsoon,Homestay,4840,1844,368,836,556,8444,4.8,Luxury Vacationer
TRIP_01591,USR_269,Chennai,Kodaikanal,Tamil Nadu,South,Hill Station,525,3.45,2,Flight,4,Winter,Homestay,20495,8996,4550,2445,2307,38793,4.8,Family Explorer
TRIP_01592,USR_317,Delhi,Jaipur,Rajasthan,North,Heritage & Culture,280,5.79,3,Car,3,Autumn,Budget Hotel,6430,13974,5287,4268,1641,31600,4.8,Budget Traveler
TRIP_01593,USR_307,Bengaluru,Gangtok,Sikkim,Northeast,Hill Station & Monastery,786,3.93,5,Flight,4,Winter,Homestay,23419,23450,9075,4347,3549,63840,4.5,Budget Traveler
TRIP_01594,USR_333,Chennai,Havelock Island,Andaman & Nicobar,Islands,Beach & Scuba,1770,46.41,5,Bus,2,Summer,Luxury Resort,6805,63405,22629,2425,8689,103953,4.2,Luxury Vacationer
TRIP_01595,USR_269,Delhi,Darjeeling,West Bengal,East,Hill Station & Tea,753,13.28,4,Train,2,Summer,Luxury Resort,2942,20928,19778,1475,2498,47621,5.0,Luxury Vacationer
TRIP_01596,USR_319,Kochi,Pushkar,Rajasthan,North,Cultural & Desert,1870,5.9,2,Flight,1,Summer,Mid-Range 3-Star,8916,4504,1826,1466,1039,17751,5.0,Luxury Vacationer
TRIP_01597,USR_124,Chennai,Tirupati,Andhra Pradesh,South,Spiritual & Pilgrimage,135,2.79,3,Car,2,Autumn,Budget Hotel,3853,4176,3827,2536,1064,15456,4.9,Budget Traveler
TRIP_01598,USR_152,Pune,Kodaikanal,Tamil Nadu,South,Hill Station,652,12.1,3,Train,4,Winter,Homestay,4561,13086,7243,4572,2329,31791,4.1,Budget Traveler
TRIP_01599,USR_243,Jaipur,Kovalam,Kerala,South,Beach & Wellness,824,4.0,3,Flight,4,Winter,Luxury Resort,26283,53844,23060,2788,9449,115424,4.0,Luxury Vacationer
TRIP_01600,USR_300,Pune,Srinagar,Jammu & Kashmir,North,Lakes & Paradise Valley,860,17.79,5,Car,2,Monsoon,Luxury Resort,16885,36795,25638,2523,3899,85740,5.0,Luxury Vacationer
TRIP_01601,USR_344,Mumbai,Pachmarhi,Madhya Pradesh,Central,Hill Station & Waterfalls,1491,26.3,1,Train,5,Winter,Mid-Range 3-Star,10729,9612,4900,6946,1243,33430,5.0,Family Explorer
TRIP_01602,USR_309,Mumbai,Rishikesh,Uttarakhand,North,Spiritual & Adventure,1600,41.96,2,Bus,3,Monsoon,Luxury Resort,8590,13476,14796,2861,2296,42019,5.0,Luxury Vacationer
TRIP_01603,USR_113,Pune,Darjeeling,West Bengal,East,Hill Station & Tea,1751,45.92,3,Bus,1,Autumn,Homestay,3847,6438,1528,1289,821,13923,5.0,Frequent Nomad
TRIP_01604,USR_127,Delhi,Ooty,Tamil Nadu,South,Hill Station,2400,41.5,2,Train,4,Autumn,Homestay,20326,10944,4653,3546,1466,40935,4.5,Family Explorer
TRIP_01605,USR_269,Bengaluru,Pondicherry,Puducherry,South,Beach & French Heritage,310,5.93,2,Train,1,Autumn,Budget Hotel,602,4104,939,1238,448,7331,4.0,Budget Traveler
TRIP_01606,USR_199,Bengaluru,Amritsar,Punjab,North,Spiritual & Heritage,1946,34.12,1,Train,4,Monsoon,Budget Hotel,11702,2220,1487,4205,678,20292,4.7,Family Explorer
TRIP_01607,USR_123,Pune,Tawang,Arunachal Pradesh,Northeast,Himalayan & Monastery,998,17.25,5,Train,2,Winter,Mid-Range 3-Star,3183,19495,9847,2384,2034,36943,4.4,Frequent Nomad
TRIP_01608,USR_155,Chandigarh,Amritsar,Punjab,North,Spiritual & Heritage,230,5.15,2,Train,4,Autumn,Mid-Range 3-Star,1753,14180,8813,1287,1240,27273,4.5,Family Explorer
TRIP_01609,USR_350,Mumbai,Rann of Kutch,Gujarat,West,Desert & Culture,850,22.29,3,Bus,6,Winter,Budget Hotel,11842,27927,6818,4958,2722,54267,5.0,Budget Traveler
TRIP_01610,USR_341,Delhi,Madurai,Tamil Nadu,South,Heritage & Temple,948,19.61,2,Car,2,Autumn,Luxury Resort,19136,10648,5774,1933,1580,39071,4.6,Luxury Vacationer
TRIP_01611,USR_210,Kochi,Srinagar,Jammu & Kashmir,North,Lakes & Paradise Valley,923,17.08,5,Train,2,Winter,Homestay,3598,14430,5524,3110,1924,28586,4.9,Budget Traveler
TRIP_01612,USR_347,Jaipur,Kaziranga,Assam,Northeast,Wildlife Safari,1723,5.63,3,Flight,2,Autumn,Luxury Resort,20690,28989,15138,4654,6093,75564,4.4,Luxury Vacationer
TRIP_01613,USR_279,Kolkata,Hampi,Karnataka,South,Heritage & Archaeology,686,14.19,4,Car,1,Winter,Luxury Resort,14523,19112,8826,1238,2161,45860,5.0,Luxury Vacationer
TRIP_01614,USR_132,Mumbai,Kodaikanal,Tamil Nadu,South,Hill Station,774,16.01,3,Car,4,Winter,Budget Hotel,14445,9744,7107,3008,2453,36757,4.4,Budget Traveler
TRIP_01615,USR_305,Kolkata,Srinagar,Jammu & Kashmir,North,Lakes & Paradise Valley,464,9.6,4,Car,3,Winter,Budget Hotel,11442,17440,5302,4190,2385,40759,5.0,Budget Traveler
TRIP_01616,USR_177,Chandigarh,Chikmagalur,Karnataka,South,Hill Station & Coffee,1664,29.62,3,Train,1,Autumn,Budget Hotel,2448,6150,1851,1619,579,12647,4.1,Frequent Nomad
TRIP_01617,USR_185,Chennai,Munnar,Kerala,South,Hill Station,590,10.7,3,Train,2,Autumn,Mid-Range 3-Star,2215,13185,4312,3572,1456,24740,4.7,Frequent Nomad
TRIP_01618,USR_258,Mumbai,Jaisalmer,Rajasthan,North,Desert & Heritage,1050,4.41,4,Flight,1,Autumn,Budget Hotel,7271,8156,2180,1376,939,19922,4.7,Frequent Nomad
TRIP_01619,USR_153,Chennai,Pushkar,Rajasthan,North,Cultural & Desert,1209,21.73,3,Train,1,Autumn,Homestay,1720,5730,1526,1109,588,10673,5.0,Budget Traveler
TRIP_01620,USR_161,Bengaluru,Amritsar,Punjab,North,Spiritual & Heritage,1707,5.6,2,Flight,1,Monsoon,Mid-Range 3-Star,7596,4734,1681,597,1377,15985,4.4,Luxury Vacationer
TRIP_01621,USR_293,Kolkata,Alleppey,Kerala,South,Backwaters & Houseboat,903,16.61,1,Train,2,Monsoon,Budget Hotel,2963,1965,772,2419,311,8430,4.8,Frequent Nomad
TRIP_01622,USR_256,Delhi,Pachmarhi,Madhya Pradesh,Central,Hill Station & Waterfalls,979,4.28,3,Flight,4,Monsoon,Luxury Resort,22809,25566,20682,1928,5907,76892,4.6,Luxury Vacationer
TRIP_01623,USR_315,Jaipur,Varanasi,Uttar Pradesh,North,Spiritual & Heritage,850,17.58,3,Car,2,Summer,Homestay,16843,4038,3189,2844,2390,29304,4.2,Frequent Nomad
TRIP_01624,USR_272,Jaipur,Diu,Daman and Diu,West,Beach & Portuguese Fort,1519,25.97,2,Train,3,Monsoon,Homestay,5951,5744,3709,1587,1255,18246,4.1,Budget Traveler
TRIP_01625,USR_130,Kochi,Mussoorie,Uttarakhand,North,Hill Station,538,11.13,2,Car,4,Autumn,Mid-Range 3-Star,11787,14960,6748,4007,2016,39518,4.8,Family Explorer
TRIP_01626,USR_305,Chandigarh,Udaipur,Rajasthan,North,Heritage & Romance,707,18.54,3,Bus,1,Winter,Homestay,1452,10413,1560,1893,588,15906,5.0,Frequent Nomad
TRIP_01627,USR_286,Chandigarh,Pondicherry,Puducherry,South,Beach & French Heritage,1610,28.57,3,Train,2,Winter,Homestay,6698,9198,2291,1263,1670,21120,4.5,Budget Traveler
TRIP_01628,USR_186,Pune,Jim Corbett,Uttarakhand,North,Wildlife Safari,1532,26.32,3,Train,5,Autumn,Mid-Range 3-Star,15730,54423,17728,9580,7766,105227,4.0,Family Explorer
TRIP_01629,USR_337,Chandigarh,Spiti Valley,Himachal Pradesh,North,Adventure & Mountain,897,15.84,7,Train,4,Winter,Mid-Range 3-Star,5516,51436,29340,2900,3826,93018,4.6,Family Explorer
TRIP_01630,USR_340,Jaipur,Tirupati,Andhra Pradesh,South,Spiritual & Pilgrimage,1209,21.98,2,Train,3,Winter,Mid-Range 3-Star,5424,12212,5422,3567,968,27593,4.8,Family Explorer
TRIP_01631,USR_164,Delhi,Wayanad,Kerala,South,Nature & Wildlife,1386,5.02,2,Flight,2,Monsoon,Homestay,12945,3512,1529,2482,1490,21958,4.3,Frequent Nomad
TRIP_01632,USR_207,Jaipur,Rameshwaram,Tamil Nadu,South,Coastal & Spiritual,1869,38.65,2,Car,2,Autumn,Budget Hotel,38883,2630,2181,2753,3239,49686,5.0,Luxury Vacationer
TRIP_01633,USR_172,Pune,Mussoorie,Uttarakhand,North,Hill Station,1643,5.49,3,Flight,2,Winter,Homestay,19570,9168,3263,2143,1829,35973,5.0,Frequent Nomad
TRIP_01634,USR_220,Kolkata,Hampi,Karnataka,South,Heritage & Archaeology,526,9.58,1,Train,2,Monsoon,Mid-Range 3-Star,1778,1643,2193,3233,279,9126,3.8,Frequent Nomad
TRIP_01635,USR_309,Jaipur,Spiti Valley,Himachal Pradesh,North,Adventure & Mountain,1024,4.36,6,Flight,5,Autumn,Luxury Resort,34694,115182,54123,8187,10112,222298,4.9,Luxury Vacationer
TRIP_01636,USR_152,Mumbai,Jodhpur,Rajasthan,North,Heritage & Culture,990,17.94,3,Train,2,Summer,Homestay,2704,5964,2694,1974,593,13929,4.4,Budget Traveler
TRIP_01637,USR_103,Delhi,Munnar,Kerala,South,Hill Station,899,4.13,3,Flight,5,Summer,Mid-Range 3-Star,28878,30033,16005,7793,6517,89226,4.6,Family Explorer
TRIP_01638,USR_194,Chennai,Chikmagalur,Karnataka,South,Hill Station & Coffee,600,10.71,4,Train,2,Autumn,Luxury Resort,2115,33004,19012,2615,2728,59474,4.7,Luxury Vacationer
TRIP_01639,USR_265,Hyderabad,Gokarna,Karnataka,South,Beach & Spiritual,640,11.28,6,Train,2,Winter,Homestay,2682,13704,6202,1770,1221,25579,4.4,Budget Traveler
TRIP_01640,USR_156,Kolkata,Pachmarhi,Madhya Pradesh,Central,Hill Station & Waterfalls,719,14.87,4,Car,5,Winter,Homestay,15877,28584,11797,7390,5346,68994,5.0,Budget Traveler
TRIP_01641,USR_105,Bengaluru,Jaisalmer,Rajasthan,North,Desert & Heritage,1919,39.69,1,Car,3,Summer,Homestay,33954,5512,1385,5058,2647,48556,5.0,Luxury Vacationer
TRIP_01642,USR_313,Kolkata,Rann of Kutch,Gujarat,West,Desert & Culture,1569,5.35,2,Flight,1,Autumn,Budget Hotel,9261,6656,1081,1638,1102,19738,4.7,Luxury Vacationer
TRIP_01643,USR_260,Chandigarh,Rishikesh,Uttarakhand,North,Spiritual & Adventure,210,5.51,2,Bus,3,Monsoon,Budget Hotel,1907,4304,2509,3179,761,12660,5.0,Budget Traveler
TRIP_01644,USR_221,Mumbai,Mahabaleshwar,Maharashtra,West,Hill Station,260,5.38,2,Car,6,Winter,Homestay,6124,14718,6305,5793,2320,35260,3.8,Budget Traveler
TRIP_01645,USR_173,Kolkata,Puri,Odisha,East,Coastal & Spiritual,500,10.25,3,Train,1,Summer,Luxury Resort,834,12588,6264,1253,905,21844,5.0,Luxury Vacationer
TRIP_01646,USR_122,Bengaluru,Coorg,Karnataka,South,Nature & Coffee,250,5.17,2,Car,1,Winter,Luxury Resort,5310,20744,5158,1451,2639,35302,4.9,Luxury Vacationer
TRIP_01647,USR_113,Bengaluru,Jaisalmer,Rajasthan,North,Desert & Heritage,551,11.4,1,Car,3,Autumn,Mid-Range 3-Star,11705,9874,2997,3933,1896,30405,5.0,Luxury Vacationer
TRIP_01648,USR_165,Hyderabad,Rishikesh,Uttarakhand,North,Spiritual & Adventure,1675,29.52,3,Train,2,Monsoon,Budget Hotel,4840,3360,2355,1878,583,13016,4.1,Budget Traveler
TRIP_01649,USR_157,Jaipur,Jaisalmer,Rajasthan,North,Desert & Heritage,560,10.08,4,Train,2,Summer,Mid-Range 3-Star,1794,17280,6051,2735,2037,29897,4.6,Frequent Nomad
TRIP_01650,USR_167,Chandigarh,Diu,Daman and Diu,West,Beach & Portuguese Fort,1233,22.41,1,Train,2,Summer,Budget Hotel,5071,1589,821,1439,692,9612,4.3,Frequent Nomad
TRIP_01651,USR_314,Chennai,Wayanad,Kerala,South,Nature & Wildlife,610,12.62,4,Car,4,Autumn,Mid-Range 3-Star,13669,26904,11282,5103,4457,61415,4.2,Family Explorer
TRIP_01652,USR_276,Hyderabad,Goa,Goa,West,Beach & Nightlife,650,11.62,2,Train,2,Monsoon,Luxury Resort,2589,14616,9938,2761,1426,31330,4.6,Luxury Vacationer
TRIP_01653,USR_343,Chandigarh,Rameshwaram,Tamil Nadu,South,Coastal & Spiritual,1098,19.15,3,Train,2,Autumn,Homestay,3919,6162,2674,2788,944,16487,5.0,Budget Traveler
TRIP_01654,USR_105,Pune,Manali,Himachal Pradesh,North,Hill Station & Adventure,1267,22.43,3,Train,2,Monsoon,Homestay,3645,6138,3277,3569,640,17269,4.5,Budget Traveler
TRIP_01655,USR_174,Bengaluru,Goa,Goa,West,Beach & Nightlife,560,11.58,3,Car,4,Monsoon,Luxury Resort,11045,38484,27707,4772,5109,87117,4.5,Luxury Vacationer
TRIP_01656,USR_219,Mumbai,Diu,Daman and Diu,West,Beach & Portuguese Fort,780,16.13,1,Car,1,Autumn,Homestay,16014,2614,636,794,1158,21216,4.6,Luxury Vacationer
TRIP_01657,USR_167,Chandigarh,Puri,Odisha,East,Coastal & Spiritual,505,10.44,4,Car,3,Monsoon,Budget Hotel,11514,7648,6137,1056,1883,28238,4.2,Budget Traveler
TRIP_01658,USR_319,Delhi,Pachmarhi,Madhya Pradesh,Central,Hill Station & Waterfalls,771,14.58,2,Train,2,Winter,Budget Hotel,2361,3146,2539,1034,683,9763,4.6,Budget Traveler
TRIP_01659,USR_231,Bengaluru,Pachmarhi,Madhya Pradesh,Central,Hill Station & Waterfalls,1212,31.78,4,Bus,2,Summer,Luxury Resort,5204,22564,20717,909,4160,53554,3.9,Luxury Vacationer
TRIP_01660,USR_129,Jaipur,Amritsar,Punjab,North,Spiritual & Heritage,986,4.29,1,Flight,6,Winter,Luxury Resort,39647,16905,9361,1806,5779,73498,5.0,Luxury Vacationer
TRIP_01661,USR_146,Chandigarh,Puri,Odisha,East,Coastal & Spiritual,1469,25.94,1,Train,2,Autumn,Luxury Resort,4655,5023,3585,1530,850,15643,4.5,Luxury Vacationer
TRIP_01662,USR_343,Pune,Rameshwaram,Tamil Nadu,South,Coastal & Spiritual,1086,4.47,1,Flight,2,Winter,Luxury Resort,13844,6485,4380,938,2367,28014,4.1,Luxury Vacationer
TRIP_01663,USR_308,Mumbai,Rishikesh,Uttarakhand,North,Spiritual & Adventure,1600,5.41,1,Flight,3,Winter,Homestay,27560,3720,1107,3530,2329,38246,5.0,Luxury Vacationer
TRIP_01664,USR_304,Bengaluru,Alleppey,Kerala,South,Backwaters & Houseboat,580,15.21,2,Bus,1,Autumn,Budget Hotel,1520,4268,967,1011,517,8283,5.0,Frequent Nomad
TRIP_01665,USR_257,Kolkata,Madurai,Tamil Nadu,South,Heritage & Temple,1864,32.54,2,Train,2,Winter,Homestay,6617,3314,1468,1798,470,13667,5.0,Budget Traveler
TRIP_01666,USR_277,Mumbai,Pachmarhi,Madhya Pradesh,Central,Hill Station & Waterfalls,454,9.39,3,Car,1,Winter,Budget Hotel,9120,5049,1352,707,710,16938,3.3,Frequent Nomad
TRIP_01667,USR_183,Chennai,Amritsar,Punjab,North,Spiritual & Heritage,817,14.48,3,Train,3,Monsoon,Homestay,3395,9402,4109,4229,1530,22665,4.8,Budget Traveler
TRIP_01668,USR_258,Mumbai,Rann of Kutch,Gujarat,West,Desert & Culture,850,14.76,3,Train,4,Winter,Luxury Resort,6002,67410,28645,7388,9334,118779,4.4,Luxury Vacationer
TRIP_01669,USR_146,Jaipur,Gokarna,Karnataka,South,Beach & Spiritual,1477,26.13,4,Train,3,Autumn,Homestay,7695,14432,7440,2110,1384,33061,4.1,Budget Traveler
TRIP_01670,USR_262,Jaipur,Mussoorie,Uttarakhand,North,Hill Station,1274,33.41,4,Bus,4,Summer,Luxury Resort,9580,49832,33001,2700,9092,104205,4.5,Luxury Vacationer
TRIP_01671,USR_149,Mumbai,Rann of Kutch,Gujarat,West,Desert & Culture,850,14.97,4,Train,2,Summer,Homestay,2573,14028,4415,3264,1122,25402,4.9,Budget Traveler
TRIP_01672,USR_330,Mumbai,Jaisalmer,Rajasthan,North,Desert & Heritage,1050,4.41,4,Flight,6,Winter,Luxury Resort,45812,98124,54804,7184,18629,224553,5.0,Luxury Vacationer
TRIP_01673,USR_227,Pune,Shimla,Himachal Pradesh,North,Hill Station,1782,30.83,3,Train,2,Winter,Mid-Range 3-Star,5112,13269,6104,2334,2237,29056,3.5,Frequent Nomad
TRIP_01674,USR_309,Kolkata,Darjeeling,West Bengal,East,Hill Station & Tea,610,11.6,4,Train,4,Winter,Luxury Resort,5628,59744,24642,5676,5503,101193,4.0,Luxury Vacationer
TRIP_01675,USR_252,Pune,Bodh Gaya,Bihar,East,Spiritual & Buddhist Heritage,1542,5.3,1,Flight,2,Summer,Mid-Range 3-Star,16187,2045,2134,2318,1708,24392,5.0,Luxury Vacationer
TRIP_01676,USR_280,Pune,Mysore,Karnataka,South,Heritage & Palaces,1204,24.9,2,Car,1,Autumn,Luxury Resort,24225,13176,4790,1006,2467,45664,4.0,Luxury Vacationer
TRIP_01677,USR_230,Chandigarh,Madurai,Tamil Nadu,South,Heritage & Temple,782,20.51,1,Bus,4,Monsoon,Mid-Range 3-Star,6260,3658,3670,5179,1145,19912,5.0,Family Explorer
TRIP_01678,USR_327,Mumbai,Bodh Gaya,Bihar,East,Spiritual & Buddhist Heritage,1694,29.4,2,Train,2,Winter,Luxury Resort,6248,8296,7630,1330,1904,25408,4.7,Luxury Vacationer
TRIP_01679,USR_247,Chandigarh,Varkala,Kerala,South,Beach & Cliff,1442,25.38,2,Train,1,Winter,Luxury Resort,2762,12608,3411,1041,1394,21216,5.0,Luxury Vacationer
TRIP_01680,USR_204,Kolkata,Goa,Goa,West,Beach & Nightlife,2150,6.41,4,Flight,4,Summer,Mid-Range 3-Star,40717,31560,13511,7079,5198,98065,5.0,Family Explorer
TRIP_01681,USR_203,Chandigarh,Kaziranga,Assam,Northeast,Wildlife Safari,1542,5.3,2,Flight,2,Winter,Luxury Resort,18555,18786,5734,2058,3286,48419,5.0,Luxury Vacationer
TRIP_01682,USR_270,Jaipur,Varkala,Kerala,South,Beach & Cliff,470,9.72,4,Car,2,Monsoon,Homestay,10896,5992,3756,693,1321,22658,4.8,Budget Traveler
TRIP_01683,USR_242,Chandigarh,Coorg,Karnataka,South,Nature & Coffee,487,9.02,3,Train,3,Summer,Mid-Range 3-Star,2340,21534,7296,3392,2285,36847,4.4,Family Explorer
TRIP_01684,USR_324,Chennai,Mahabaleshwar,Maharashtra,West,Hill Station,1438,37.71,4,Bus,4,Monsoon,Homestay,13242,16424,6857,6888,2673,46084,3.6,Budget Traveler
TRIP_01685,USR_207,Delhi,Ooty,Tamil Nadu,South,Hill Station,2400,41.89,5,Train,4,Summer,Luxury Resort,20027,64670,29133,4990,9472,128292,4.8,Luxury Vacationer
TRIP_01686,USR_295,Pune,Shimla,Himachal Pradesh,North,Hill Station,1662,5.52,2,Flight,4,Monsoon,Homestay,32825,6368,3657,4453,3686,50989,5.0,Family Explorer
TRIP_01687,USR_150,Kochi,Kaziranga,Assam,Northeast,Wildlife Safari,1811,37.45,5,Car,1,Monsoon,Luxury Resort,33803,35770,12483,2268,5895,90219,5.0,Luxury Vacationer
TRIP_01688,USR_142,Pune,Diu,Daman and Diu,West,Beach & Portuguese Fort,521,9.35,1,Train,4,Winter,Homestay,4767,4580,1547,5826,633,17353,4.5,Family Explorer
TRIP_01689,USR_349,Kolkata,Udaipur,Rajasthan,North,Heritage & Romance,1681,29.11,4,Train,4,Winter,Mid-Range 3-Star,14446,52200,15669,9916,5140,97371,4.9,Family Explorer
TRIP_01690,USR_178,Chennai,Mysore,Karnataka,South,Heritage & Palaces,480,9.93,1,Car,6,Summer,Homestay,10390,4530,2885,5512,1166,24483,4.8,Family Explorer
TRIP_01691,USR_146,Mumbai,Rishikesh,Uttarakhand,North,Spiritual & Adventure,1600,5.41,4,Flight,5,Winter,Budget Hotel,45392,17844,10811,5132,3092,82271,4.1,Family Explorer
TRIP_01692,USR_228,Kolkata,Srinagar,Jammu & Kashmir,North,Lakes & Paradise Valley,1246,22.08,3,Train,3,Monsoon,Mid-Range 3-Star,5685,19968,8266,4329,3021,41269,4.5,Family Explorer
TRIP_01693,USR_237,Delhi,Amritsar,Punjab,North,Spiritual & Heritage,450,9.31,2,Car,1,Winter,Luxury Resort,10167,14084,4548,499,2584,31882,5.0,Luxury Vacationer
TRIP_01694,USR_331,Chandigarh,Coorg,Karnataka,South,Nature & Coffee,456,9.43,4,Car,2,Summer,Luxury Resort,9398,24008,19541,2948,2870,58765,4.3,Luxury Vacationer
TRIP_01695,USR_300,Mumbai,Kovalam,Kerala,South,Beach & Wellness,1398,5.04,3,Flight,2,Autumn,Homestay,16592,8646,3256,2249,2089,32832,5.0,Frequent Nomad
TRIP_01696,USR_283,Hyderabad,Tirupati,Andhra Pradesh,South,Spiritual & Pilgrimage,560,11.58,4,Car,3,Monsoon,Homestay,12422,9216,7230,3993,1330,34191,5.0,Budget Traveler
TRIP_01697,USR_130,Jaipur,Amritsar,Punjab,North,Spiritual & Heritage,1451,5.14,2,Flight,2,Monsoon,Budget Hotel,12964,2294,2499,2128,1097,20982,5.0,Frequent Nomad
TRIP_01698,USR_254,Bengaluru,Shillong,Meghalaya,Northeast,Nature & Waterfalls,1367,23.74,4,Train,3,Autumn,Luxury Resort,6722,52048,19893,2618,7270,88551,4.7,Luxury Vacationer
TRIP_01699,USR_288,Kolkata,Jaipur,Rajasthan,North,Heritage & Culture,1500,25.68,1,Train,3,Autumn,Mid-Range 3-Star,9818,9350,2789,5618,1672,29247,4.5,Luxury Vacationer
TRIP_01700,USR_110,Hyderabad,Pondicherry,Puducherry,South,Beach & French Heritage,780,14.27,4,Train,2,Autumn,Budget Hotel,2347,7356,3322,2580,1058,16663,4.2,Budget Traveler
TRIP_01701,USR_162,Jaipur,Havelock Island,Andaman & Nicobar,Islands,Beach & Scuba,823,15.62,5,Train,2,Autumn,Luxury Resort,3593,67830,23745,2180,4800,102148,4.2,Luxury Vacationer
TRIP_01702,USR_240,Kochi,Hampi,Karnataka,South,Heritage & Archaeology,469,9.7,4,Car,1,Monsoon,Luxury Resort,10832,12608,6186,953,2663,33242,5.0,Luxury Vacationer
TRIP_01703,USR_155,Hyderabad,Tawang,Arunachal Pradesh,Northeast,Himalayan & Monastery,913,4.16,7,Flight,3,Autumn,Budget Hotel,19836,25284,8026,3113,3058,59317,4.7,Budget Traveler
TRIP_01704,USR_323,Pune,Gangtok,Sikkim,Northeast,Hill Station & Monastery,629,13.01,4,Car,3,Autumn,Luxury Resort,14952,67496,22523,5028,5612,115611,5.0,Luxury Vacationer
TRIP_01705,USR_309,Pune,Udaipur,Rajasthan,North,Heritage & Romance,860,16.17,4,Train,2,Monsoon,Luxury Resort,3766,29960,11705,3887,1896,51214,5.0,Luxury Vacationer
TRIP_01706,USR_110,Bengaluru,Coorg,Karnataka,South,Nature & Coffee,250,6.56,3,Bus,2,Monsoon,Luxury Resort,1157,16110,14922,2690,1944,36823,5.0,Luxury Vacationer
TRIP_01707,USR_125,Bengaluru,Kaziranga,Assam,Northeast,Wildlife Safari,1667,5.53,6,Flight,2,Autumn,Mid-Range 3-Star,18611,36792,10168,4266,5677,75514,5.0,Frequent Nomad
TRIP_01708,USR_177,Chandigarh,Mussoorie,Uttarakhand,North,Hill Station,200,5.24,3,Bus,6,Autumn,Mid-Range 3-Star,3605,35262,20491,9548,3544,72450,4.8,Family Explorer
TRIP_01709,USR_282,Chandigarh,Jim Corbett,Uttarakhand,North,Wildlife Safari,1514,5.25,3,Flight,2,Summer,Budget Hotel,14921,8349,2358,3995,2149,31772,4.5,Frequent Nomad
TRIP_01710,USR_256,Bengaluru,Udaipur,Rajasthan,North,Heritage & Romance,1062,4.43,4,Flight,2,Summer,Luxury Resort,12743,46248,20091,3995,7509,90586,4.6,Luxury Vacationer
TRIP_01711,USR_168,Hyderabad,Shimla,Himachal Pradesh,North,Hill Station,994,20.56,4,Car,4,Summer,Luxury Resort,22200,50760,29911,2312,8596,113779,3.8,Luxury Vacationer
TRIP_01712,USR_264,Chennai,Gokarna,Karnataka,South,Beach & Spiritual,1531,5.28,5,Flight,3,Monsoon,Luxury Resort,20374,46220,22474,4449,6190,99707,4.2,Luxury Vacationer
TRIP_01713,USR_238,Bengaluru,Leh-Ladakh,Ladakh,North,Adventure & Mountain,1139,20.81,4,Train,2,Winter,Budget Hotel,4298,12908,5000,3797,1727,27730,5.0,Budget Traveler
TRIP_01714,USR_143,Bengaluru,Chikmagalur,Karnataka,South,Hill Station & Coffee,245,5.07,5,Car,1,Autumn,Budget Hotel,7102,10060,3136,715,1773,22786,4.7,Frequent Nomad
TRIP_01715,USR_123,Hyderabad,Rameshwaram,Tamil Nadu,South,Coastal & Spiritual,1483,38.89,2,Bus,4,Winter,Luxury Resort,9761,28396,19226,1807,3653,62843,4.6,Luxury Vacationer
TRIP_01716,USR_292,Bengaluru,Jaipur,Rajasthan,North,Heritage & Culture,1950,34.18,3,Train,2,Summer,Budget Hotel,8344,4611,3058,4786,935,21734,4.7,Budget Traveler
TRIP_01717,USR_266,Hyderabad,Jim Corbett,Uttarakhand,North,Wildlife Safari,698,13.22,3,Train,5,Summer,Budget Hotel,7105,22878,6726,7513,2574,46796,4.3,Budget Traveler
TRIP_01718,USR_132,Chennai,Alleppey,Kerala,South,Backwaters & Houseboat,685,3.75,1,Flight,2,Monsoon,Budget Hotel,8994,2022,1128,1029,735,13908,4.7,Frequent Nomad
TRIP_01719,USR_279,Jaipur,Gangtok,Sikkim,Northeast,Hill Station & Monastery,871,18.01,4,Car,4,Autumn,Luxury Resort,17799,51360,29094,3790,5376,107419,4.4,Luxury Vacationer
TRIP_01720,USR_191,Delhi,Spiti Valley,Himachal Pradesh,North,Adventure & Mountain,720,3.81,5,Flight,2,Winter,Budget Hotel,11554,9665,6426,3112,1819,32576,5.0,Budget Traveler
TRIP_01721,USR_194,Kolkata,Chikmagalur,Karnataka,South,Hill Station & Coffee,1813,5.8,2,Flight,1,Summer,Budget Hotel,9478,3712,1192,993,735,16110,5.0,Luxury Vacationer
TRIP_01722,USR_189,Bengaluru,Shimla,Himachal Pradesh,North,Hill Station,1227,21.32,4,Train,3,Monsoon,Budget Hotel,7644,12272,7479,2066,1142,30603,4.1,Budget Traveler
TRIP_01723,USR_141,Jaipur,Havelock Island,Andaman & Nicobar,Islands,Beach & Scuba,1313,23.0,4,Train,3,Autumn,Mid-Range 3-Star,6222,64416,11527,2757,3625,88547,4.6,Family Explorer
TRIP_01724,USR_281,Pune,Goa,Goa,West,Beach & Nightlife,440,9.1,5,Car,2,Winter,Budget Hotel,11644,14480,4469,2338,2824,35755,4.5,Budget Traveler
TRIP_01725,USR_263,Kolkata,Mount Abu,Rajasthan,North,Hill Station & Temple,993,18.51,2,Train,4,Winter,Budget Hotel,7758,6368,4112,6193,738,25169,4.5,Budget Traveler
TRIP_01726,USR_137,Kochi,Mount Abu,Rajasthan,North,Hill Station & Temple,877,15.32,4,Train,1,Autumn,Budget Hotel,1406,6996,1724,1276,544,11946,4.1,Budget Traveler
TRIP_01727,USR_182,Delhi,Munnar,Kerala,South,Hill Station,1628,5.46,2,Flight,3,Autumn,Budget Hotel,28260,8196,3351,4304,3041,47152,4.1,Luxury Vacationer
TRIP_01728,USR_348,Chennai,Madurai,Tamil Nadu,South,Heritage & Temple,460,9.51,4,Car,4,Summer,Homestay,10758,12784,8545,2763,1899,36749,4.8,Budget Traveler
TRIP_01729,USR_346,Hyderabad,Jaipur,Rajasthan,North,Heritage & Culture,1480,26.41,4,Train,2,Summer,Mid-Range 3-Star,6230,14800,6143,3077,2535,32785,4.5,Frequent Nomad
TRIP_01730,USR_106,Pune,Tirupati,Andhra Pradesh,South,Spiritual & Pilgrimage,1596,5.4,2,Flight,2,Winter,Budget Hotel,19620,3032,2384,2437,1054,28527,4.9,Frequent Nomad
TRIP_01731,USR_179,Delhi,Bodh Gaya,Bihar,East,Spiritual & Buddhist Heritage,1481,5.19,2,Flight,1,Winter,Luxury Resort,8884,8568,4364,914,1831,24561,5.0,Luxury Vacationer
TRIP_01732,USR_155,Pune,Alleppey,Kerala,South,Backwaters & Houseboat,1422,24.22,2,Train,5,Autumn,Mid-Range 3-Star,13873,25524,10025,3143,4798,57363,4.6,Family Explorer
TRIP_01733,USR_150,Jaipur,Kovalam,Kerala,South,Beach & Wellness,1308,34.3,5,Bus,2,Winter,Homestay,5256,15020,4546,3102,2368,30292,4.2,Budget Traveler
TRIP_01734,USR_118,Mumbai,Pondicherry,Puducherry,South,Beach & French Heritage,624,11.99,2,Train,1,Winter,Mid-Range 3-Star,974,7868,1668,380,866,11756,4.3,Frequent Nomad
TRIP_01735,USR_227,Chandigarh,Pachmarhi,Madhya Pradesh,Central,Hill Station & Waterfalls,1007,20.83,4,Car,1,Winter,Homestay,20751,8292,2408,567,2168,34186,4.7,Luxury Vacationer
TRIP_01736,USR_258,Kolkata,Shimla,Himachal Pradesh,North,Hill Station,1749,29.87,3,Train,1,Summer,Mid-Range 3-Star,2981,10140,2981,1079,1363,18544,4.0,Frequent Nomad
TRIP_01737,USR_166,Chandigarh,Mount Abu,Rajasthan,North,Hill Station & Temple,869,17.97,2,Car,2,Summer,Homestay,19325,4022,2352,786,2311,28796,4.7,Frequent Nomad
TRIP_01738,USR_278,Delhi,Rishikesh,Uttarakhand,North,Spiritual & Adventure,240,4.96,5,Car,2,Autumn,Budget Hotel,6452,6790,4077,1950,1407,20676,4.4,Budget Traveler
TRIP_01739,USR_156,Chennai,Srinagar,Jammu & Kashmir,North,Lakes & Paradise Valley,474,9.22,4,Train,4,Summer,Luxury Resort,3165,67640,40337,1859,8410,121411,5.0,Luxury Vacationer
TRIP_01740,USR_300,Delhi,Varkala,Kerala,South,Beach & Cliff,1298,4.86,3,Flight,1,Summer,Budget Hotel,6878,4740,1912,311,918,14759,4.2,Frequent Nomad
TRIP_01741,USR_255,Hyderabad,Munnar,Kerala,South,Hill Station,572,11.83,3,Car,4,Winter,Luxury Resort,12105,41910,30706,4038,6516,95275,4.2,Luxury Vacationer
TRIP_01742,USR_123,Delhi,Mussoorie,Uttarakhand,North,Hill Station,290,6.31,4,Train,3,Winter,Homestay,1579,19048,6145,1519,1889,30180,4.4,Budget Traveler
TRIP_01743,USR_327,Bengaluru,Diu,Daman and Diu,West,Beach & Portuguese Fort,1248,4.77,2,Flight,2,Autumn,Homestay,14743,4188,2388,2930,1842,26091,4.2,Frequent Nomad
TRIP_01744,USR_291,Pune,Jaipur,Rajasthan,North,Heritage & Culture,1250,4.77,3,Flight,3,Autumn,Budget Hotel,24019,13806,5830,5226,2937,51818,5.0,Family Explorer
TRIP_01745,USR_179,Delhi,Mount Abu,Rajasthan,North,Hill Station & Temple,760,15.72,3,Car,1,Winter,Homestay,16392,8418,1757,661,1292,28520,4.0,Luxury Vacationer
TRIP_01746,USR_266,Pune,Ooty,Tamil Nadu,South,Hill Station,745,19.54,1,Bus,2,Monsoon,Homestay,3423,1556,1153,2600,589,9321,4.5,Frequent Nomad
TRIP_01747,USR_287,Chennai,Bodh Gaya,Bihar,East,Spiritual & Buddhist Heritage,1006,18.38,2,Train,2,Monsoon,Luxury Resort,3573,7882,6465,1099,913,19932,4.6,Luxury Vacationer
TRIP_01748,USR_265,Hyderabad,Amritsar,Punjab,North,Spiritual & Heritage,643,13.3,1,Car,1,Summer,Homestay,11573,1794,595,328,1371,15661,4.4,Luxury Vacationer
TRIP_01749,USR_135,Kolkata,Jim Corbett,Uttarakhand,North,Wildlife Safari,1867,32.49,5,Train,1,Monsoon,Mid-Range 3-Star,2452,17960,3764,1550,2352,28078,5.0,Frequent Nomad
TRIP_01750,USR_238,Chandigarh,Manali,Himachal Pradesh,North,Hill Station & Adventure,290,6.54,4,Train,2,Summer,Luxury Resort,1363,29928,18232,3605,2739,55867,4.8,Luxury Vacationer
TRIP_01751,USR_243,Pune,Puri,Odisha,East,Coastal & Spiritual,1831,37.87,4,Car,2,Autumn,Homestay,35176,7216,2823,1348,2510,49073,4.7,Frequent Nomad
TRIP_01752,USR_231,Delhi,Chikmagalur,Karnataka,South,Hill Station & Coffee,1796,31.9,3,Train,4,Winter,Budget Hotel,12393,13002,6430,2203,1847,35875,4.1,Budget Traveler
TRIP_01753,USR_113,Pune,Madurai,Tamil Nadu,South,Heritage & Temple,1937,33.37,2,Train,2,Summer,Homestay,7687,3556,2575,1359,915,16092,4.3,Frequent Nomad
TRIP_01754,USR_215,Chennai,Puri,Odisha,East,Coastal & Spiritual,773,20.27,4,Bus,2,Winter,Homestay,3453,8208,3564,955,1390,17570,4.6,Budget Traveler
TRIP_01755,USR_144,Bengaluru,Varanasi,Uttar Pradesh,North,Spiritual & Heritage,858,15.83,4,Train,2,Autumn,Homestay,2914,8624,3589,2427,606,18160,4.6,Budget Traveler
TRIP_01756,USR_106,Chennai,Tirupati,Andhra Pradesh,South,Spiritual & Pilgrimage,135,3.12,3,Train,2,Autumn,Mid-Range 3-Star,865,8772,5560,2069,610,17876,4.6,Frequent Nomad
TRIP_01757,USR_234,Chandigarh,Bandipur,Karnataka,South,Wildlife Safari,1613,33.36,2,Car,6,Winter,Budget Hotel,30643,16212,6286,10686,3935,67762,4.6,Family Explorer
TRIP_01758,USR_290,Mumbai,Darjeeling,West Bengal,East,Hill Station & Tea,734,13.04,3,Train,2,Autumn,Luxury Resort,2830,23676,12229,2862,3269,44866,5.0,Luxury Vacationer
TRIP_01759,USR_259,Chennai,Mysore,Karnataka,South,Heritage & Palaces,480,9.31,1,Train,1,Winter,Mid-Range 3-Star,1153,2895,1175,1677,380,7280,4.7,Frequent Nomad
TRIP_01760,USR_223,Kolkata,Mysore,Karnataka,South,Heritage & Palaces,951,16.43,3,Train,2,Winter,Mid-Range 3-Star,3008,9846,4556,2924,1692,22026,5.0,Frequent Nomad
TRIP_01761,USR_122,Bengaluru,Jodhpur,Rajasthan,North,Heritage & Culture,624,12.91,1,Car,1,Monsoon,Budget Hotel,12404,1634,427,1736,1414,17615,4.9,Luxury Vacationer
TRIP_01762,USR_180,Mumbai,Munnar,Kerala,South,Hill Station,837,21.95,1,Bus,4,Monsoon,Budget Hotel,6435,2522,2315,4023,752,16047,5.0,Family Explorer
TRIP_01763,USR_197,Chandigarh,Havelock Island,Andaman & Nicobar,Islands,Beach & Scuba,1673,28.81,7,Train,1,Monsoon,Mid-Range 3-Star,2807,39340,5418,586,2296,50447,5.0,Frequent Nomad
TRIP_01764,USR_326,Chennai,Udaipur,Rajasthan,North,Heritage & Romance,1896,33.13,4,Train,2,Winter,Homestay,7077,19128,4032,4335,2965,37537,4.3,Frequent Nomad
TRIP_01765,USR_139,Pune,Agra,Uttar Pradesh,North,Heritage & Monument,518,3.44,1,Flight,1,Monsoon,Budget Hotel,4467,1261,621,2098,390,8837,4.7,Luxury Vacationer
TRIP_01766,USR_349,Delhi,Mount Abu,Rajasthan,North,Hill Station & Temple,760,13.41,2,Train,4,Monsoon,Homestay,5491,6764,2820,4446,1500,21021,4.5,Budget Traveler
TRIP_01767,USR_244,Mumbai,Tirupati,Andhra Pradesh,South,Spiritual & Pilgrimage,1886,5.93,1,Flight,1,Monsoon,Budget Hotel,8534,999,631,1243,1000,12407,5.0,Luxury Vacationer
TRIP_01768,USR_189,Chandigarh,Munnar,Kerala,South,Hill Station,1037,4.39,4,Flight,2,Autumn,Budget Hotel,13056,9624,4243,1633,1736,30292,4.9,Budget Traveler
TRIP_01769,USR_114,Bengaluru,Udaipur,Rajasthan,North,Heritage & Romance,1600,27.95,3,Train,1,Summer,Luxury Resort,2199,24162,7364,1721,3178,38624,5.0,Luxury Vacationer
TRIP_01770,USR_246,Pune,Goa,Goa,West,Beach & Nightlife,440,9.1,4,Car,2,Monsoon,Budget Hotel,10149,6784,4077,2419,1381,24810,4.8,Budget Traveler
TRIP_01771,USR_293,Hyderabad,Pondicherry,Puducherry,South,Beach & French Heritage,780,16.13,4,Car,1,Monsoon,Mid-Range 3-Star,15653,10896,4110,1567,1997,34223,4.5,Luxury Vacationer
TRIP_01772,USR_157,Kolkata,Mysore,Karnataka,South,Heritage & Palaces,501,3.41,1,Flight,3,Winter,Budget Hotel,12637,2976,1499,4041,894,22047,4.6,Family Explorer
TRIP_01773,USR_288,Kolkata,Gangtok,Sikkim,Northeast,Hill Station & Monastery,670,3.72,5,Flight,4,Summer,Mid-Range 3-Star,20460,30450,18218,3722,3466,76316,5.0,Family Explorer
TRIP_01774,USR_341,Hyderabad,Mussoorie,Uttarakhand,North,Hill Station,657,13.59,2,Car,2,Summer,Luxury Resort,12522,13648,5618,1921,2814,36523,4.8,Luxury Vacationer
TRIP_01775,USR_340,Hyderabad,Pushkar,Rajasthan,North,Cultural & Desert,1269,22.93,2,Train,4,Summer,Mid-Range 3-Star,11060,11448,8085,5989,2788,39370,5.0,Family Explorer
TRIP_01776,USR_214,Jaipur,Leh-Ladakh,Ladakh,North,Adventure & Mountain,1727,5.64,4,Flight,4,Monsoon,Luxury Resort,29337,61824,25465,3505,4770,124901,5.0,Luxury Vacationer
TRIP_01777,USR_206,Bengaluru,Puri,Odisha,East,Coastal & Spiritual,1071,19.84,3,Train,2,Autumn,Homestay,3474,5229,2589,728,943,12963,4.4,Budget Traveler
TRIP_01778,USR_325,Pune,Tirupati,Andhra Pradesh,South,Spiritual & Pilgrimage,762,15.76,3,Car,2,Winter,Homestay,16653,4701,2555,1455,1468,26832,5.0,Frequent Nomad
TRIP_01779,USR_248,Mumbai,Munnar,Kerala,South,Hill Station,1268,26.22,1,Car,5,Monsoon,Mid-Range 3-Star,22339,9180,5176,7583,2671,46949,5.0,Luxury Vacationer
TRIP_01780,USR_121,Jaipur,Agra,Uttar Pradesh,North,Heritage & Monument,240,6.29,2,Bus,2,Autumn,Homestay,1408,3892,1680,3563,609,11152,4.8,Budget Traveler
TRIP_01781,USR_229,Jaipur,Rishikesh,Uttarakhand,North,Spiritual & Adventure,1932,6.01,2,Flight,2,Winter,Mid-Range 3-Star,21436,6366,2846,1544,2649,34841,4.8,Luxury Vacationer
TRIP_01782,USR_189,Bengaluru,Shimla,Himachal Pradesh,North,Hill Station,539,9.62,5,Train,4,Summer,Mid-Range 3-Star,4461,31270,16789,2976,4820,60316,4.2,Family Explorer
TRIP_01783,USR_131,Pune,Coorg,Karnataka,South,Nature & Coffee,1086,18.61,4,Train,4,Autumn,Homestay,6205,24336,9103,3971,3934,47549,4.6,Budget Traveler
TRIP_01784,USR_152,Mumbai,Coorg,Karnataka,South,Nature & Coffee,1881,5.92,3,Flight,2,Summer,Budget Hotel,18688,5973,3166,3280,1246,32353,4.0,Frequent Nomad
TRIP_01785,USR_307,Kolkata,Kodaikanal,Tamil Nadu,South,Hill Station,477,12.51,4,Bus,2,Summer,Mid-Range 3-Star,2238,12704,6067,2441,1782,25232,4.5,Frequent Nomad
TRIP_01786,USR_251,Kochi,Mussoorie,Uttarakhand,North,Hill Station,1785,30.32,3,Train,3,Autumn,Budget Hotel,10527,13992,5537,4825,1842,36723,4.4,Family Explorer
TRIP_01787,USR_284,Chandigarh,Mussoorie,Uttarakhand,North,Hill Station,200,5.24,4,Bus,1,Winter,Mid-Range 3-Star,616,13904,4490,1481,1135,21626,4.3,Frequent Nomad
TRIP_01788,USR_194,Chennai,Kovalam,Kerala,South,Beach & Wellness,696,14.39,2,Car,6,Winter,Homestay,13583,20550,4796,5485,1945,46359,4.6,Budget Traveler
TRIP_01789,USR_236,Kochi,Jodhpur,Rajasthan,North,Heritage & Culture,457,8.32,2,Train,1,Autumn,Luxury Resort,721,16940,3344,1148,1378,23531,4.6,Luxury Vacationer
TRIP_01790,USR_242,Jaipur,Jaipur,Rajasthan,North,Heritage & Culture,1710,5.61,3,Flight,3,Autumn,Homestay,28576,15480,4758,5746,3077,57637,5.0,Family Explorer
TRIP_01791,USR_224,Kochi,Bandipur,Karnataka,South,Wildlife Safari,697,14.42,5,Car,2,Summer,Luxury Resort,14652,42860,19030,5513,3093,85148,4.3,Luxury Vacationer
TRIP_01792,USR_305,Kolkata,Tirupati,Andhra Pradesh,South,Spiritual & Pilgrimage,480,9.68,1,Train,2,Monsoon,Luxury Resort,1884,4249,2835,2205,516,11689,4.8,Luxury Vacationer
TRIP_01793,USR_305,Mumbai,Gokarna,Karnataka,South,Beach & Spiritual,680,13.28,1,Train,3,Autumn,Homestay,3121,4650,1576,2284,749,12380,3.9,Family Explorer
TRIP_01794,USR_198,Jaipur,Jim Corbett,Uttarakhand,North,Wildlife Safari,1383,5.01,2,Flight,3,Monsoon,Luxury Resort,18714,33656,14166,5825,4405,76766,4.9,Luxury Vacationer
TRIP_01795,USR_277,Bengaluru,Darjeeling,West Bengal,East,Hill Station & Tea,1633,5.47,3,Flight,3,Monsoon,Homestay,21072,9204,3461,2553,1643,37933,3.7,Family Explorer
TRIP_01796,USR_119,Chennai,Srinagar,Jammu & Kashmir,North,Lakes & Paradise Valley,469,9.7,4,Car,1,Summer,Homestay,12156,10504,2178,1586,1226,27650,4.7,Frequent Nomad
TRIP_01797,USR_318,Delhi,Pushkar,Rajasthan,North,Cultural & Desert,415,8.35,2,Train,3,Winter,Homestay,2267,8220,3639,1693,573,16392,4.9,Budget Traveler
TRIP_01798,USR_334,Bengaluru,Rameshwaram,Tamil Nadu,South,Coastal & Spiritual,605,11.48,3,Train,6,Autumn,Budget Hotel,6289,15885,7534,4451,1315,35474,4.7,Budget Traveler
TRIP_01799,USR_222,Hyderabad,Mussoorie,Uttarakhand,North,Hill Station,1912,39.54,5,Car,1,Autumn,Mid-Range 3-Star,40424,19370,5669,888,3835,70186,3.9,Luxury Vacationer
TRIP_01800,USR_124,Bengaluru,Ooty,Tamil Nadu,South,Hill Station,280,7.34,2,Bus,6,Monsoon,Budget Hotel,5051,8766,5194,4717,1893,25621,4.5,Budget Traveler
TRIP_01801,USR_226,Jaipur,Bodh Gaya,Bihar,East,Spiritual & Buddhist Heritage,1319,4.9,2,Flight,3,Winter,Mid-Range 3-Star,24905,10228,5162,4011,1942,46248,4.1,Luxury Vacationer
TRIP_01802,USR_298,Bengaluru,Chikmagalur,Karnataka,South,Hill Station & Coffee,245,6.42,1,Bus,4,Autumn,Mid-Range 3-Star,2388,9082,3984,4276,709,20439,4.6,Family Explorer
TRIP_01803,USR_193,Kolkata,Agra,Uttar Pradesh,North,Heritage & Monument,1270,4.81,1,Flight,3,Autumn,Budget Hotel,25225,3904,1465,4291,1505,36390,4.5,Luxury Vacationer
TRIP_01804,USR_302,Kolkata,Ranthambore,Rajasthan,North,Wildlife Safari,1207,4.69,3,Flight,2,Monsoon,Luxury Resort,12506,28101,8664,2379,3332,54982,4.2,Luxury Vacationer
TRIP_01805,USR_116,Jaipur,Jaisalmer,Rajasthan,North,Desert & Heritage,560,11.58,3,Car,3,Winter,Mid-Range 3-Star,11597,26814,8692,2904,3762,53769,4.5,Family Explorer
TRIP_01806,USR_116,Delhi,Shimla,Himachal Pradesh,North,Hill Station,345,7.14,3,Car,1,Autumn,Mid-Range 3-Star,7094,11244,2378,1451,1873,24040,4.6,Luxury Vacationer
TRIP_01807,USR_229,Hyderabad,Pachmarhi,Madhya Pradesh,Central,Hill Station & Waterfalls,1390,5.03,3,Flight,3,Summer,Luxury Resort,22920,26646,16189,2966,4713,73434,4.6,Luxury Vacationer
TRIP_01808,USR_138,Kochi,Rishikesh,Uttarakhand,North,Spiritual & Adventure,1586,5.38,3,Flight,1,Monsoon,Budget Hotel,7332,3303,1172,1537,956,14300,4.6,Frequent Nomad
TRIP_01809,USR_137,Kochi,Goa,Goa,West,Beach & Nightlife,750,14.41,4,Train,2,Summer,Homestay,3405,13132,3762,1582,1547,23428,4.5,Budget Traveler
TRIP_01810,USR_156,Jaipur,Ranthambore,Rajasthan,North,Wildlife Safari,160,4.08,3,Train,2,Autumn,Luxury Resort,883,41580,14140,5332,5638,67573,4.6,Luxury Vacationer
TRIP_01811,USR_252,Delhi,Rishikesh,Uttarakhand,North,Spiritual & Adventure,240,4.96,4,Car,2,Winter,Mid-Range 3-Star,6337,13512,6987,2067,2416,31319,4.7,Frequent Nomad
TRIP_01812,USR_298,Mumbai,Srinagar,Jammu & Kashmir,North,Lakes & Paradise Valley,859,17.77,3,Car,5,Autumn,Budget Hotel,17396,26325,7180,2246,2621,55768,5.0,Budget Traveler
TRIP_01813,USR_268,Hyderabad,Mount Abu,Rajasthan,North,Hill Station & Temple,1372,4.99,3,Flight,2,Winter,Luxury Resort,17841,21405,11998,1392,3391,56027,4.2,Luxury Vacationer
TRIP_01814,USR_120,Chandigarh,Pachmarhi,Madhya Pradesh,Central,Hill Station & Waterfalls,506,3.42,2,Flight,1,Summer,Mid-Range 3-Star,4088,5138,1610,1465,729,13030,3.5,Frequent Nomad
TRIP_01815,USR_153,Mumbai,Coorg,Karnataka,South,Nature & Coffee,1896,32.36,3,Train,2,Summer,Homestay,5213,7566,2235,1829,1399,18242,4.5,Budget Traveler
TRIP_01816,USR_210,Chandigarh,Jaipur,Rajasthan,North,Heritage & Culture,510,9.16,4,Train,1,Autumn,Homestay,897,10024,2140,1162,732,14955,4.9,Budget Traveler
TRIP_01817,USR_242,Pune,Madurai,Tamil Nadu,South,Heritage & Temple,1583,26.93,1,Train,2,Summer,Homestay,6480,1837,1273,2083,847,12520,5.0,Frequent Nomad
TRIP_01818,USR_148,Chennai,Rishikesh,Uttarakhand,North,Spiritual & Adventure,1296,22.24,2,Train,4,Winter,Mid-Range 3-Star,8675,11112,7581,3673,1136,32177,4.4,Family Explorer
TRIP_01819,USR_119,Kochi,Jaisalmer,Rajasthan,North,Desert & Heritage,489,10.11,1,Car,5,Summer,Budget Hotel,9258,5724,1809,3078,704,20573,4.9,Family Explorer
TRIP_01820,USR_250,Delhi,Gokarna,Karnataka,South,Beach & Spiritual,828,21.71,2,Bus,2,Autumn,Luxury Resort,4250,9744,7408,871,1894,24167,4.3,Luxury Vacationer
TRIP_01821,USR_141,Chandigarh,Leh-Ladakh,Ladakh,North,Adventure & Mountain,750,13.65,4,Train,2,Autumn,Homestay,2107,17904,3333,3485,1992,28821,5.0,Budget Traveler
TRIP_01822,USR_184,Kolkata,Coorg,Karnataka,South,Nature & Coffee,770,14.26,3,Train,1,Monsoon,Mid-Range 3-Star,1492,8373,3207,988,646,14706,4.1,Frequent Nomad
TRIP_01823,USR_295,Kochi,Rishikesh,Uttarakhand,North,Spiritual & Adventure,1557,5.33,2,Flight,2,Winter,Homestay,17561,4744,1865,1019,2380,27569,4.9,Frequent Nomad
TRIP_01824,USR_245,Pune,Coorg,Karnataka,South,Nature & Coffee,706,14.6,2,Car,1,Autumn,Luxury Resort,14920,16862,3888,1198,2188,39056,4.4,Luxury Vacationer
TRIP_01825,USR_153,Chandigarh,Gangtok,Sikkim,Northeast,Hill Station & Monastery,992,17.07,4,Train,4,Monsoon,Budget Hotel,7311,11616,7046,5112,2587,33672,4.6,Budget Traveler
TRIP_01826,USR_293,Pune,Munnar,Kerala,South,Hill Station,797,14.6,1,Train,2,Winter,Budget Hotel,3421,2162,803,1367,285,8038,4.9,Frequent Nomad
TRIP_01827,USR_196,Kolkata,Darjeeling,West Bengal,East,Hill Station & Tea,610,12.62,3,Car,4,Winter,Mid-Range 3-Star,12697,20688,9751,3999,2223,49358,4.7,Family Explorer
TRIP_01828,USR_153,Mumbai,Ooty,Tamil Nadu,South,Hill Station,793,16.4,4,Car,4,Summer,Mid-Range 3-Star,15618,20688,16415,5895,2296,60912,3.8,Family Explorer
TRIP_01829,USR_259,Delhi,Mahabaleshwar,Maharashtra,West,Hill Station,1030,18.86,4,Train,1,Monsoon,Budget Hotel,1761,5388,2005,1155,747,11056,5.0,Budget Traveler
TRIP_01830,USR_154,Chandigarh,Hampi,Karnataka,South,Heritage & Archaeology,952,17.68,3,Train,2,Summer,Mid-Range 3-Star,3260,7545,4689,879,1119,17492,5.0,Frequent Nomad
TRIP_01831,USR_189,Chandigarh,Rameshwaram,Tamil Nadu,South,Coastal & Spiritual,1552,32.1,3,Car,2,Summer,Budget Hotel,33522,3423,2586,1991,2635,44157,5.0,Frequent Nomad
TRIP_01832,USR_186,Chandigarh,Varkala,Kerala,South,Beach & Cliff,1091,4.48,4,Flight,1,Summer,Budget Hotel,6209,5304,1995,877,790,15175,5.0,Budget Traveler
TRIP_01833,USR_196,Kolkata,Varanasi,Uttar Pradesh,North,Spiritual & Heritage,680,14.06,4,Car,2,Winter,Budget Hotel,15419,5564,4338,2764,1532,29617,4.2,Budget Traveler
TRIP_01834,USR_304,Bengaluru,Bodh Gaya,Bihar,East,Spiritual & Buddhist Heritage,721,14.91,3,Car,3,Summer,Luxury Resort,15274,24018,16621,1361,3657,60931,4.6,Luxury Vacationer
TRIP_01835,USR_344,Kolkata,Srinagar,Jammu & Kashmir,North,Lakes & Paradise Valley,1102,19.87,5,Train,6,Summer,Luxury Resort,9446,104115,74605,9441,12333,209940,5.0,Luxury Vacationer
TRIP_01836,USR_215,Delhi,Munnar,Kerala,South,Hill Station,459,9.49,2,Car,1,Summer,Mid-Range 3-Star,8691,6466,1566,898,899,18520,5.0,Luxury Vacationer
TRIP_01837,USR_185,Hyderabad,Ooty,Tamil Nadu,South,Hill Station,850,14.81,2,Train,3,Monsoon,Homestay,3830,7424,3147,2103,1302,17806,4.5,Budget Traveler
TRIP_01838,USR_233,Kochi,Gangtok,Sikkim,Northeast,Hill Station & Monastery,1660,34.33,6,Car,3,Autumn,Homestay,34268,29700,10039,1703,7270,82980,4.8,Family Explorer
TRIP_01839,USR_229,Jaipur,Darjeeling,West Bengal,East,Hill Station & Tea,1900,49.82,3,Bus,2,Monsoon,Mid-Range 3-Star,7945,8469,4528,3131,847,24920,4.6,Frequent Nomad
TRIP_01840,USR_298,Jaipur,Srinagar,Jammu & Kashmir,North,Lakes & Paradise Valley,1458,25.45,4,Train,6,Winter,Luxury Resort,12958,128400,39618,3836,13640,198452,5.0,Luxury Vacationer
TRIP_01841,USR_243,Pune,Jim Corbett,Uttarakhand,North,Wildlife Safari,645,12.56,3,Train,4,Monsoon,Budget Hotel,4781,11088,6154,6723,956,29702,4.6,Budget Traveler
TRIP_01842,USR_234,Hyderabad,Kovalam,Kerala,South,Beach & Wellness,1481,30.63,4,Car,2,Monsoon,Homestay,30751,9332,3569,2637,2099,48388,4.8,Frequent Nomad
TRIP_01843,USR_302,Mumbai,Munnar,Kerala,South,Hill Station,1490,5.21,2,Flight,3,Monsoon,Luxury Resort,21968,22132,14008,4920,5330,68358,5.0,Luxury Vacationer
TRIP_01844,USR_264,Hyderabad,Rameshwaram,Tamil Nadu,South,Coastal & Spiritual,1214,4.71,1,Flight,2,Winter,Luxury Resort,14779,5045,3240,2411,1660,27135,4.3,Luxury Vacationer
TRIP_01845,USR_191,Pune,Varanasi,Uttar Pradesh,North,Spiritual & Heritage,1064,18.49,1,Train,2,Autumn,Luxury Resort,4310,4672,4913,817,1344,16056,4.6,Luxury Vacationer
TRIP_01846,USR_303,Mumbai,Darjeeling,West Bengal,East,Hill Station & Tea,1010,20.89,1,Car,3,Winter,Mid-Range 3-Star,18180,7652,2120,3142,1403,32497,4.3,Luxury Vacationer
TRIP_01847,USR_278,Kochi,Kodaikanal,Tamil Nadu,South,Hill Station,300,7.87,3,Bus,4,Summer,Luxury Resort,2883,30552,28767,5712,6081,73995,5.0,Luxury Vacationer
TRIP_01848,USR_193,Pune,Hampi,Karnataka,South,Heritage & Archaeology,560,11.58,3,Car,3,Summer,Budget Hotel,11093,6870,5086,1540,1973,26562,4.2,Budget Traveler
TRIP_01849,USR_248,Delhi,Darjeeling,West Bengal,East,Hill Station & Tea,1209,25.0,3,Car,4,Summer,Homestay,23310,11022,4512,3941,1567,44352,5.0,Budget Traveler
TRIP_01850,USR_112,Pune,Munnar,Kerala,South,Hill Station,1533,5.29,3,Flight,3,Summer,Luxury Resort,22530,39114,16919,4944,6670,90177,5.0,Luxury Vacationer
TRIP_01851,USR_313,Chennai,Srinagar,Jammu & Kashmir,North,Lakes & Paradise Valley,1342,4.94,4,Flight,2,Summer,Luxury Resort,15294,28168,18046,941,3661,66110,5.0,Luxury Vacationer
TRIP_01852,USR_219,Mumbai,Hampi,Karnataka,South,Heritage & Archaeology,740,13.47,3,Train,4,Monsoon,Luxury Resort,5907,25098,29146,2829,5536,68516,5.0,Luxury Vacationer
TRIP_01853,USR_151,Pune,Jaipur,Rajasthan,North,Heritage & Culture,1250,22.3,5,Train,2,Winter,Mid-Range 3-Star,3509,20380,9176,2044,1519,36628,4.5,Frequent Nomad
TRIP_01854,USR_190,Kolkata,Alleppey,Kerala,South,Backwaters & Houseboat,688,18.04,2,Bus,1,Summer,Luxury Resort,1522,13382,4947,1050,1294,22195,5.0,Luxury Vacationer
TRIP_01855,USR_336,Chennai,Ranthambore,Rajasthan,North,Wildlife Safari,1868,32.82,3,Train,2,Summer,Mid-Range 3-Star,8060,13869,6656,5789,1955,36329,4.0,Frequent Nomad
TRIP_01856,USR_320,Hyderabad,Shimla,Himachal Pradesh,North,Hill Station,1497,30.96,3,Car,1,Autumn,Budget Hotel,31799,7251,1603,788,2071,43512,4.5,Luxury Vacationer
TRIP_01857,USR_326,Mumbai,Alleppey,Kerala,South,Backwaters & Houseboat,1597,27.78,4,Train,2,Summer,Mid-Range 3-Star,4356,17784,7584,1694,2581,33999,4.7,Frequent Nomad
TRIP_01858,USR_304,Delhi,Puri,Odisha,East,Coastal & Spiritual,1246,21.94,2,Train,4,Monsoon,Budget Hotel,10501,3776,4654,2281,1713,22925,4.7,Budget Traveler
TRIP_01859,USR_136,Pune,Tirupati,Andhra Pradesh,South,Spiritual & Pilgrimage,1612,27.79,3,Train,2,Winter,Luxury Resort,5665,13272,13684,2166,3221,38008,4.7,Luxury Vacationer
TRIP_01860,USR_101,Chandigarh,Mahabaleshwar,Maharashtra,West,Hill Station,915,4.16,2,Flight,2,Monsoon,Mid-Range 3-Star,11908,5814,3148,1585,1237,23692,4.3,Frequent Nomad
TRIP_01861,USR_252,Chandigarh,Munnar,Kerala,South,Hill Station,516,9.82,2,Train,2,Summer,Budget Hotel,1935,3216,1765,2805,582,10303,4.7,Budget Traveler
TRIP_01862,USR_176,Delhi,Jaisalmer,Rajasthan,North,Desert & Heritage,790,14.08,3,Train,4,Monsoon,Luxury Resort,6461,30222,17985,6950,5345,66963,4.1,Luxury Vacationer
TRIP_01863,USR_190,Pune,Shillong,Meghalaya,Northeast,Nature & Waterfalls,1298,4.86,3,Flight,2,Autumn,Homestay,16033,8313,2520,2907,2629,32402,4.8,Frequent Nomad
TRIP_01864,USR_118,Hyderabad,Rann of Kutch,Gujarat,West,Desert & Culture,1058,4.42,4,Flight,1,Winter,Mid-Range 3-Star,7439,25612,3942,960,2534,40487,5.0,Luxury Vacationer
TRIP_01865,USR_279,Mumbai,Madurai,Tamil Nadu,South,Heritage & Temple,675,12.92,3,Train,2,Winter,Mid-Range 3-Star,2767,8055,6149,1704,974,19649,4.8,Frequent Nomad
TRIP_01866,USR_161,Hyderabad,Mount Abu,Rajasthan,North,Hill Station & Temple,1327,4.91,1,Flight,2,Winter,Mid-Range 3-Star,15893,4227,1647,1787,1535,25089,4.3,Luxury Vacationer
TRIP_01867,USR_155,Chennai,Varkala,Kerala,South,Beach & Cliff,720,14.89,1,Car,2,Autumn,Luxury Resort,12725,7390,4482,888,2360,27845,4.8,Luxury Vacationer
TRIP_01868,USR_147,Mumbai,Mount Abu,Rajasthan,North,Hill Station & Temple,760,14.5,1,Train,6,Autumn,Luxury Resort,9008,25266,13987,8043,3239,59543,3.6,Luxury Vacationer
TRIP_01869,USR_266,Jaipur,Ranthambore,Rajasthan,North,Wildlife Safari,160,3.31,3,Car,1,Monsoon,Homestay,4368,8880,1793,2308,1118,18467,5.0,Frequent Nomad
TRIP_01870,USR_153,Kolkata,Haridwar,Uttarakhand,North,Spiritual & Heritage,796,20.87,1,Bus,1,Autumn,Luxury Resort,1998,4281,2358,1317,782,10736,4.8,Luxury Vacationer
TRIP_01871,USR_264,Kolkata,Madurai,Tamil Nadu,South,Heritage & Temple,732,15.14,2,Car,1,Summer,Budget Hotel,13604,2592,1036,1303,1252,19787,4.5,Luxury Vacationer
TRIP_01872,USR_203,Kochi,Munnar,Kerala,South,Hill Station,130,2.69,2,Car,6,Autumn,Luxury Resort,3703,41136,22591,9622,5432,82484,4.5,Luxury Vacationer
TRIP_01873,USR_326,Chennai,Srinagar,Jammu & Kashmir,North,Lakes & Paradise Valley,842,17.41,4,Car,3,Summer,Budget Hotel,18066,17768,4775,1808,3335,45752,4.8,Budget Traveler
TRIP_01874,USR_348,Delhi,Bandipur,Karnataka,South,Wildlife Safari,927,4.19,1,Flight,2,Autumn,Budget Hotel,14181,2924,703,4554,1364,23726,4.4,Luxury Vacationer
TRIP_01875,USR_144,Pune,Bodh Gaya,Bihar,East,Spiritual & Buddhist Heritage,1047,4.4,3,Flight,2,Summer,Budget Hotel,13198,2946,3064,1162,1787,22157,4.3,Budget Traveler
TRIP_01876,USR_273,Delhi,Amritsar,Punjab,North,Spiritual & Heritage,450,9.03,2,Train,4,Monsoon,Budget Hotel,3341,4016,4157,3358,1147,16019,4.7,Budget Traveler
TRIP_01877,USR_254,Mumbai,Goa,Goa,West,Beach & Nightlife,585,11.48,3,Train,1,Monsoon,Luxury Resort,1045,18966,7786,1809,1564,31170,5.0,Luxury Vacationer
TRIP_01878,USR_244,Jaipur,Rameshwaram,Tamil Nadu,South,Coastal & Spiritual,1019,4.35,1,Flight,1,Summer,Budget Hotel,6605,1415,558,390,716,9684,5.0,Luxury Vacationer
TRIP_01879,USR_129,Pune,Srinagar,Jammu & Kashmir,North,Lakes & Paradise Valley,1478,5.19,5,Flight,2,Winter,Luxury Resort,18904,49490,17252,1139,7963,94748,4.5,Luxury Vacationer
TRIP_01880,USR_236,Chandigarh,Mussoorie,Uttarakhand,North,Hill Station,200,5.24,4,Bus,2,Winter,Budget Hotel,1306,7824,4917,2708,681,17436,3.4,Budget Traveler
TRIP_01881,USR_318,Jaipur,Manali,Himachal Pradesh,North,Hill Station & Adventure,1122,19.5,3,Train,1,Winter,Luxury Resort,1611,24810,4395,867,2398,34081,4.3,Luxury Vacationer
TRIP_01882,USR_111,Kochi,Coorg,Karnataka,South,Nature & Coffee,370,6.71,3,Train,1,Summer,Budget Hotel,893,5811,1914,601,422,9641,4.9,Budget Traveler
TRIP_01883,USR_143,Chandigarh,Mount Abu,Rajasthan,North,Hill Station & Temple,1576,32.59,2,Car,3,Summer,Mid-Range 3-Star,32898,13820,7039,1327,2625,57709,4.4,Luxury Vacationer
TRIP_01884,USR_230,Chandigarh,Mahabaleshwar,Maharashtra,West,Hill Station,1607,33.24,4,Car,2,Summer,Luxury Resort,29592,27752,11220,2726,5701,76991,4.8,Luxury Vacationer
TRIP_01885,USR_327,Pune,Jaipur,Rajasthan,North,Heritage & Culture,1250,25.85,2,Car,2,Summer,Luxury Resort,22846,13366,8145,2985,2093,49435,4.5,Luxury Vacationer
TRIP_01886,USR_115,Mumbai,Mount Abu,Rajasthan,North,Hill Station & Temple,760,19.93,3,Bus,1,Summer,Mid-Range 3-Star,1489,8685,3304,1175,1058,15711,4.4,Frequent Nomad
TRIP_01887,USR_186,Jaipur,Haridwar,Uttarakhand,North,Spiritual & Heritage,1442,24.66,2,Train,6,Winter,Budget Hotel,13581,9456,6582,3947,2353,35919,4.7,Budget Traveler
TRIP_01888,USR_196,Delhi,Mount Abu,Rajasthan,North,Hill Station & Temple,760,15.72,1,Car,2,Winter,Budget Hotel,13761,2219,918,2044,945,19887,4.1,Luxury Vacationer
TRIP_01889,USR_216,Pune,Pachmarhi,Madhya Pradesh,Central,Hill Station & Waterfalls,570,11.79,3,Car,6,Summer,Luxury Resort,11732,53073,41491,4909,9637,120842,4.2,Luxury Vacationer
TRIP_01890,USR_329,Kolkata,Kodaikanal,Tamil Nadu,South,Hill Station,1170,24.2,3,Car,3,Monsoon,Homestay,23229,10272,3363,2914,2286,42064,4.7,Family Explorer
TRIP_01891,USR_342,Kolkata,Haridwar,Uttarakhand,North,Spiritual & Heritage,483,9.99,3,Car,3,Summer,Luxury Resort,10425,30948,18108,2168,4937,66586,5.0,Luxury Vacationer
TRIP_01892,USR_216,Kochi,Darjeeling,West Bengal,East,Hill Station & Tea,1510,26.08,4,Train,2,Monsoon,Luxury Resort,6639,19424,20423,1015,2984,50485,4.5,Luxury Vacationer
TRIP_01893,USR_219,Chandigarh,Bandipur,Karnataka,South,Wildlife Safari,1729,29.74,2,Train,2,Autumn,Budget Hotel,6259,5140,2080,4859,1256,19594,4.2,Frequent Nomad
TRIP_01894,USR_332,Mumbai,Udaipur,Rajasthan,North,Heritage & Romance,750,14.43,4,Train,1,Winter,Homestay,1311,17308,1598,1851,822,22890,4.7,Frequent Nomad
TRIP_01895,USR_207,Pune,Goa,Goa,West,Beach & Nightlife,440,9.26,5,Train,3,Autumn,Luxury Resort,3094,88670,27785,5657,11581,136787,4.9,Luxury Vacationer
TRIP_01896,USR_269,Mumbai,Bodh Gaya,Bihar,East,Spiritual & Buddhist Heritage,1685,44.18,3,Bus,2,Summer,Homestay,7131,4080,2959,1934,961,17065,4.7,Budget Traveler
TRIP_01897,USR_227,Kochi,Spiti Valley,Himachal Pradesh,North,Adventure & Mountain,833,15.76,7,Train,3,Monsoon,Luxury Resort,3721,53676,35821,3161,8577,104956,5.0,Luxury Vacationer
TRIP_01898,USR_165,Chandigarh,Darjeeling,West Bengal,East,Hill Station & Tea,645,11.55,3,Train,2,Monsoon,Homestay,2544,6240,2378,909,449,12520,5.0,Budget Traveler
TRIP_01899,USR_118,Kolkata,Wayanad,Kerala,South,Nature & Wildlife,551,11.08,2,Train,1,Autumn,Homestay,1170,6026,1266,909,669,10040,5.0,Frequent Nomad
TRIP_01900,USR_159,Chennai,Alleppey,Kerala,South,Backwaters & Houseboat,685,12.24,2,Train,3,Winter,Budget Hotel,3871,8268,3134,4588,1383,21244,4.4,Budget Traveler
TRIP_01901,USR_221,Mumbai,Kodaikanal,Tamil Nadu,South,Hill Station,1661,5.52,4,Flight,4,Autumn,Mid-Range 3-Star,38146,29736,12478,6408,3867,90635,4.6,Family Explorer
TRIP_01902,USR_333,Chennai,Mahabaleshwar,Maharashtra,West,Hill Station,1721,29.27,1,Train,2,Summer,Homestay,7006,2107,718,3463,645,13939,4.3,Frequent Nomad
TRIP_01903,USR_342,Bengaluru,Spiti Valley,Himachal Pradesh,North,Adventure & Mountain,984,17.09,5,Train,2,Autumn,Budget Hotel,4180,9740,4706,849,1274,20749,4.5,Budget Traveler
TRIP_01904,USR_194,Delhi,Kovalam,Kerala,South,Beach & Wellness,455,11.93,2,Bus,1,Autumn,Luxury Resort,1265,16060,3833,936,1808,23902,4.8,Luxury Vacationer
TRIP_01905,USR_267,Kolkata,Ooty,Tamil Nadu,South,Hill Station,1084,19.76,4,Train,1,Summer,Mid-Range 3-Star,1568,12004,3126,520,862,18080,4.3,Frequent Nomad
TRIP_01906,USR_270,Chandigarh,Amritsar,Punjab,North,Spiritual & Heritage,230,6.03,1,Bus,2,Autumn,Budget Hotel,1295,1358,997,775,362,4787,3.8,Budget Traveler
TRIP_01907,USR_190,Chennai,Pondicherry,Puducherry,South,Beach & French Heritage,150,3.93,5,Bus,4,Autumn,Budget Hotel,2111,22380,8076,4706,2931,40204,4.7,Budget Traveler
TRIP_01908,USR_291,Chandigarh,Havelock Island,Andaman & Nicobar,Islands,Beach & Scuba,1929,6.01,5,Flight,1,Winter,Homestay,10433,24055,2439,1435,3272,41634,4.8,Luxury Vacationer
TRIP_01909,USR_319,Kolkata,Leh-Ladakh,Ladakh,North,Adventure & Mountain,1368,4.99,3,Flight,2,Monsoon,Budget Hotel,13523,6954,2146,3157,2080,27860,5.0,Frequent Nomad
TRIP_01910,USR_299,Delhi,Amritsar,Punjab,North,Spiritual & Heritage,450,9.38,4,Train,3,Winter,Budget Hotel,2641,14120,5356,3089,1928,27134,4.5,Budget Traveler
TRIP_01911,USR_262,Chennai,Pushkar,Rajasthan,North,Cultural & Desert,1591,5.39,1,Flight,1,Monsoon,Budget Hotel,7119,1069,547,1011,390,10136,4.0,Luxury Vacationer
TRIP_01912,USR_191,Pune,Hampi,Karnataka,South,Heritage & Archaeology,560,9.89,4,Train,2,Monsoon,Budget Hotel,2000,4012,2803,2623,738,12176,4.9,Budget Traveler
TRIP_01913,USR_307,Bengaluru,Amritsar,Punjab,North,Spiritual & Heritage,1375,23.82,3,Train,5,Monsoon,Luxury Resort,10539,42120,32995,1781,5954,93389,4.8,Luxury Vacationer
TRIP_01914,USR_222,Chennai,Coorg,Karnataka,South,Nature & Coffee,585,12.1,4,Car,3,Monsoon,Budget Hotel,14194,13512,6780,2465,2495,39446,4.4,Budget Traveler
TRIP_01915,USR_105,Delhi,Havelock Island,Andaman & Nicobar,Islands,Beach & Scuba,1907,32.55,3,Train,3,Summer,Budget Hotel,10345,19344,4212,5027,2843,41771,5.0,Family Explorer
TRIP_01916,USR_162,Jaipur,Khajuraho,Madhya Pradesh,Central,Heritage & Art,1564,32.35,3,Car,2,Autumn,Mid-Range 3-Star,31844,9273,5534,1253,2766,50670,4.5,Luxury Vacationer
TRIP_01917,USR_256,Hyderabad,Manali,Himachal Pradesh,North,Hill Station & Adventure,1232,4.74,6,Flight,2,Monsoon,Luxury Resort,12026,34248,19733,2872,3163,72042,5.0,Luxury Vacationer
TRIP_01918,USR_115,Delhi,Havelock Island,Andaman & Nicobar,Islands,Beach & Scuba,1409,5.06,3,Flight,2,Monsoon,Mid-Range 3-Star,13791,16794,5721,2876,2393,41575,4.5,Frequent Nomad
TRIP_01919,USR_111,Jaipur,Tawang,Arunachal Pradesh,Northeast,Himalayan & Monastery,1689,44.29,4,Bus,2,Autumn,Budget Hotel,5591,8744,4430,2513,854,22132,4.7,Budget Traveler
TRIP_01920,USR_315,Kolkata,Pondicherry,Puducherry,South,Beach & French Heritage,611,10.98,3,Train,2,Winter,Homestay,2182,8958,2273,2072,987,16472,4.1,Budget Traveler
TRIP_01921,USR_188,Mumbai,Varkala,Kerala,South,Beach & Cliff,943,17.2,2,Train,3,Summer,Budget Hotel,4871,6372,2631,3361,1377,18612,3.9,Budget Traveler
TRIP_01922,USR_138,Chennai,Amritsar,Punjab,North,Spiritual & Heritage,912,23.91,1,Bus,2,Autumn,Budget Hotel,4698,1636,918,1752,593,9597,4.2,Frequent Nomad
TRIP_01923,USR_303,Chennai,Kaziranga,Assam,Northeast,Wildlife Safari,1840,38.05,5,Car,2,Summer,Homestay,38739,13020,5737,4207,4815,66518,5.0,Frequent Nomad
TRIP_01924,USR_248,Kolkata,Mount Abu,Rajasthan,North,Hill Station & Temple,1445,5.13,3,Flight,1,Autumn,Luxury Resort,8657,17946,5093,1114,3022,35832,4.2,Luxury Vacationer
TRIP_01925,USR_194,Delhi,Ooty,Tamil Nadu,South,Hill Station,2400,6.86,2,Flight,1,Summer,Luxury Resort,11141,9332,2839,1431,2201,26944,4.6,Luxury Vacationer
TRIP_01926,USR_102,Delhi,Mysore,Karnataka,South,Heritage & Palaces,1508,31.19,2,Car,2,Autumn,Budget Hotel,31373,2972,1449,2087,1449,39330,4.3,Luxury Vacationer
TRIP_01927,USR_112,Mumbai,Tawang,Arunachal Pradesh,Northeast,Himalayan & Monastery,1537,40.3,5,Bus,1,Winter,Luxury Resort,2516,35315,10270,1449,3617,53167,4.3,Luxury Vacationer
TRIP_01928,USR_252,Bengaluru,Varanasi,Uttar Pradesh,North,Spiritual & Heritage,570,11.79,2,Car,3,Summer,Budget Hotel,10963,4212,2710,3662,1209,22756,4.6,Budget Traveler
TRIP_01929,USR_195,Chandigarh,Jaisalmer,Rajasthan,North,Desert & Heritage,1875,32.1,5,Train,1,Monsoon,Budget Hotel,3791,8645,3203,1260,1126,18025,4.5,Budget Traveler
TRIP_01930,USR_112,Mumbai,Jaisalmer,Rajasthan,North,Desert & Heritage,1050,19.38,5,Train,1,Monsoon,Luxury Resort,2035,37345,8546,1338,4654,53918,5.0,Luxury Vacationer
TRIP_01931,USR_112,Hyderabad,Alleppey,Kerala,South,Backwaters & Houseboat,1590,5.39,5,Flight,3,Monsoon,Mid-Range 3-Star,21301,39540,11179,3721,3402,79143,4.3,Family Explorer
TRIP_01932,USR_241,Chandigarh,Mysore,Karnataka,South,Heritage & Palaces,1162,4.61,1,Flight,4,Monsoon,Homestay,26254,2738,1739,6743,1518,38992,4.3,Luxury Vacationer
TRIP_01933,USR_143,Chandigarh,Haridwar,Uttarakhand,North,Spiritual & Heritage,200,4.14,2,Car,2,Monsoon,Homestay,4524,2360,2239,1163,809,11095,5.0,Budget Traveler
TRIP_01934,USR_127,Pune,Udaipur,Rajasthan,North,Heritage & Romance,860,17.79,2,Car,4,Monsoon,Luxury Resort,15525,26560,17347,9801,3825,73058,5.0,Luxury Vacationer
TRIP_01935,USR_134,Delhi,Jim Corbett,Uttarakhand,North,Wildlife Safari,245,5.13,5,Train,2,Winter,Mid-Range 3-Star,1053,24555,7995,2866,2713,39182,4.7,Frequent Nomad
TRIP_01936,USR_263,Bengaluru,Ranthambore,Rajasthan,North,Wildlife Safari,1467,5.17,4,Flight,2,Winter,Mid-Range 3-Star,17355,24148,7360,2439,2704,54006,4.4,Frequent Nomad
TRIP_01937,USR_120,Delhi,Darjeeling,West Bengal,East,Hill Station & Tea,1659,28.61,3,Train,2,Monsoon,Mid-Range 3-Star,5402,6801,4992,1621,1389,20205,4.9,Frequent Nomad
TRIP_01938,USR_182,Kochi,Bodh Gaya,Bihar,East,Spiritual & Buddhist Heritage,561,10.93,1,Train,2,Monsoon,Budget Hotel,2388,960,1155,2129,323,6955,4.3,Budget Traveler
TRIP_01939,USR_212,Kolkata,Pachmarhi,Madhya Pradesh,Central,Hill Station & Waterfalls,1278,22.44,3,Train,4,Summer,Luxury Resort,9281,38826,19605,4708,3780,76200,3.8,Luxury Vacationer
TRIP_01940,USR_272,Jaipur,Jaisalmer,Rajasthan,North,Desert & Heritage,560,10.65,2,Train,6,Autumn,Budget Hotel,6349,13602,6979,11902,2198,41030,4.7,Budget Traveler
TRIP_01941,USR_317,Kochi,Tawang,Arunachal Pradesh,Northeast,Himalayan & Monastery,631,13.05,4,Car,3,Monsoon,Homestay,14080,17712,4868,2507,2541,41708,5.0,Budget Traveler
TRIP_01942,USR_156,Delhi,Agra,Uttar Pradesh,North,Heritage & Monument,230,4.76,3,Car,1,Autumn,Homestay,5441,7743,1824,1064,1382,17454,5.0,Frequent Nomad
TRIP_01943,USR_336,Mumbai,Amritsar,Punjab,North,Spiritual & Heritage,941,17.41,1,Train,1,Summer,Luxury Resort,2007,4846,2183,827,859,10722,5.0,Luxury Vacationer
TRIP_01944,USR_260,Mumbai,Pondicherry,Puducherry,South,Beach & French Heritage,1926,33.58,2,Train,1,Monsoon,Budget Hotel,3650,2516,713,1172,275,8326,4.1,Frequent Nomad
TRIP_01945,USR_209,Chandigarh,Hampi,Karnataka,South,Heritage & Archaeology,916,16.54,4,Train,2,Summer,Mid-Range 3-Star,4083,7968,7578,2195,961,22785,4.8,Frequent Nomad
TRIP_01946,USR_256,Chennai,Haridwar,Uttarakhand,North,Spiritual & Heritage,1439,25.71,2,Train,4,Monsoon,Budget Hotel,8899,3856,3621,1476,1564,19416,4.7,Budget Traveler
TRIP_01947,USR_183,Pune,Madurai,Tamil Nadu,South,Heritage & Temple,1862,31.84,1,Train,1,Winter,Homestay,2390,1666,599,1568,245,6468,4.4,Frequent Nomad
TRIP_01948,USR_140,Mumbai,Bandipur,Karnataka,South,Wildlife Safari,1335,4.93,1,Flight,2,Summer,Homestay,14666,3254,831,4484,1566,24801,5.0,Luxury Vacationer
TRIP_01949,USR_280,Chennai,Varkala,Kerala,South,Beach & Cliff,720,14.89,4,Car,4,Autumn,Mid-Range 3-Star,14484,31064,11227,1451,3560,61786,4.2,Family Explorer
TRIP_01950,USR_109,Hyderabad,Spiti Valley,Himachal Pradesh,North,Adventure & Mountain,1091,4.48,8,Flight,2,Summer,Mid-Range 3-Star,12527,21224,17023,1946,4188,56908,4.9,Frequent Nomad
TRIP_01951,USR_287,Chennai,Udaipur,Rajasthan,North,Heritage & Romance,1465,30.3,3,Car,3,Monsoon,Budget Hotel,31320,14322,5198,5080,3315,59235,4.5,Family Explorer
TRIP_01952,USR_196,Chandigarh,Ooty,Tamil Nadu,South,Hill Station,1330,22.69,3,Train,2,Summer,Budget Hotel,4461,4191,3548,1855,1107,15162,4.1,Budget Traveler
TRIP_01953,USR_308,Pune,Shillong,Meghalaya,Northeast,Nature & Waterfalls,1293,22.47,3,Train,2,Winter,Luxury Resort,4788,19878,13048,2117,2000,41831,5.0,Luxury Vacationer
TRIP_01954,USR_251,Chandigarh,Haridwar,Uttarakhand,North,Spiritual & Heritage,200,4.96,3,Train,6,Autumn,Mid-Range 3-Star,2986,28386,13296,6883,2931,54482,4.8,Family Explorer
TRIP_01955,USR_251,Chandigarh,Amritsar,Punjab,North,Spiritual & Heritage,230,4.76,2,Car,4,Monsoon,Budget Hotel,5539,5300,3298,4920,935,19992,4.3,Budget Traveler
TRIP_01956,USR_156,Mumbai,Udaipur,Rajasthan,North,Heritage & Romance,750,19.67,4,Bus,2,Summer,Mid-Range 3-Star,2786,23284,6003,4083,3081,39237,5.0,Frequent Nomad
TRIP_01957,USR_237,Bengaluru,Rann of Kutch,Gujarat,West,Desert & Culture,663,12.47,1,Train,2,Monsoon,Mid-Range 3-Star,1910,3748,2099,2190,655,10602,5.0,Frequent Nomad
TRIP_01958,USR_336,Mumbai,Udaipur,Rajasthan,North,Heritage & Romance,750,15.51,3,Car,6,Summer,Mid-Range 3-Star,15294,53082,20962,8390,6045,103773,5.0,Family Explorer
TRIP_01959,USR_230,Kochi,Goa,Goa,West,Beach & Nightlife,750,14.36,3,Train,2,Summer,Homestay,2809,8205,3082,2081,1026,17203,4.5,Budget Traveler
TRIP_01960,USR_318,Kolkata,Goa,Goa,West,Beach & Nightlife,2150,37.12,4,Train,2,Autumn,Luxury Resort,9281,44912,13119,2815,4187,74314,5.0,Luxury Vacationer
TRIP_01961,USR_179,Kochi,Rameshwaram,Tamil Nadu,South,Coastal & Spiritual,1627,5.46,5,Flight,1,Monsoon,Luxury Resort,7755,16545,10091,1048,2546,37985,4.7,Luxury Vacationer
TRIP_01962,USR_304,Pune,Hampi,Karnataka,South,Heritage & Archaeology,560,3.52,4,Flight,1,Summer,Budget Hotel,5089,5220,1933,1368,526,14136,4.9,Budget Traveler
TRIP_01963,USR_240,Chennai,Madurai,Tamil Nadu,South,Heritage & Temple,460,9.51,2,Car,4,Summer,Luxury Resort,9161,14744,15219,2975,2620,44719,5.0,Luxury Vacationer
TRIP_01964,USR_230,Pune,Leh-Ladakh,Ladakh,North,Adventure & Mountain,1126,20.26,5,Train,1,Autumn,Luxury Resort,2262,51035,9150,941,6117,69505,5.0,Luxury Vacationer
TRIP_01965,USR_166,Kochi,Ranthambore,Rajasthan,North,Wildlife Safari,1012,20.93,2,Car,3,Winter,Budget Hotel,20126,10608,3516,6218,1642,42110,4.7,Family Explorer
TRIP_01966,USR_275,Chennai,Jim Corbett,Uttarakhand,North,Wildlife Safari,596,12.33,5,Car,1,Autumn,Luxury Resort,12637,51775,12350,1987,6616,85365,5.0,Luxury Vacationer
TRIP_01967,USR_251,Chandigarh,Srinagar,Jammu & Kashmir,North,Lakes & Paradise Valley,1056,27.69,4,Bus,4,Winter,Homestay,10303,29200,6567,4409,3019,53498,5.0,Budget Traveler
TRIP_01968,USR_232,Delhi,Amritsar,Punjab,North,Spiritual & Heritage,450,9.31,4,Car,3,Autumn,Budget Hotel,10814,14304,5669,3139,2727,36653,4.0,Budget Traveler
TRIP_01969,USR_169,Mumbai,Gokarna,Karnataka,South,Beach & Spiritual,680,11.92,3,Train,2,Autumn,Budget Hotel,2339,5046,2187,1883,400,11855,4.2,Budget Traveler
TRIP_01970,USR_256,Kolkata,Rameshwaram,Tamil Nadu,South,Coastal & Spiritual,591,10.75,1,Train,2,Summer,Budget Hotel,2179,1360,739,2031,393,6702,5.0,Budget Traveler
TRIP_01971,USR_336,Chandigarh,Gangtok,Sikkim,Northeast,Hill Station & Monastery,726,15.01,5,Car,2,Monsoon,Mid-Range 3-Star,15618,16425,8812,2170,2366,45391,5.0,Frequent Nomad
TRIP_01972,USR_335,Chennai,Jaisalmer,Rajasthan,North,Desert & Heritage,869,16.11,2,Train,3,Monsoon,Luxury Resort,4733,27864,15512,2427,2853,53389,4.7,Luxury Vacationer
TRIP_01973,USR_264,Delhi,Madurai,Tamil Nadu,South,Heritage & Temple,964,17.9,2,Train,4,Winter,Budget Hotel,8637,5048,2802,2736,805,20028,5.0,Budget Traveler
TRIP_01974,USR_324,Chennai,Pondicherry,Puducherry,South,Beach & French Heritage,150,3.1,4,Car,1,Winter,Mid-Range 3-Star,5025,18140,3464,1366,1093,29088,3.9,Frequent Nomad
TRIP_01975,USR_149,Kolkata,Agra,Uttar Pradesh,North,Heritage & Monument,1270,26.27,3,Car,5,Winter,Homestay,26868,18198,7370,8758,4015,65209,4.7,Family Explorer
TRIP_01976,USR_345,Bengaluru,Rann of Kutch,Gujarat,West,Desert & Culture,1082,4.47,5,Flight,4,Winter,Luxury Resort,31346,122260,44481,3833,13876,215796,5.0,Luxury Vacationer
TRIP_01977,USR_294,Mumbai,Havelock Island,Andaman & Nicobar,Islands,Beach & Scuba,1105,4.51,4,Flight,3,Autumn,Mid-Range 3-Star,21736,49480,9868,2795,7580,91459,4.9,Luxury Vacationer
TRIP_01978,USR_108,Hyderabad,Tawang,Arunachal Pradesh,Northeast,Himalayan & Monastery,1573,5.36,5,Flight,4,Autumn,Mid-Range 3-Star,36842,36790,18805,3163,8407,104007,5.0,Family Explorer
TRIP_01979,USR_214,Delhi,Pushkar,Rajasthan,North,Cultural & Desert,415,8.58,3,Car,2,Winter,Luxury Resort,9547,16251,15359,807,1874,43838,4.5,Luxury Vacationer
TRIP_01980,USR_308,Jaipur,Mussoorie,Uttarakhand,North,Hill Station,634,11.88,2,Train,3,Autumn,Homestay,2983,10024,2786,2586,927,19306,4.5,Budget Traveler
TRIP_01981,USR_260,Jaipur,Bodh Gaya,Bihar,East,Spiritual & Buddhist Heritage,497,10.18,2,Train,4,Autumn,Homestay,4282,6080,3328,3361,960,18011,4.2,Budget Traveler
TRIP_01982,USR_249,Chennai,Agra,Uttar Pradesh,North,Heritage & Monument,2000,6.14,1,Flight,1,Summer,Homestay,10093,1938,366,2287,1223,15907,4.6,Luxury Vacationer
TRIP_01983,USR_181,Kolkata,Pachmarhi,Madhya Pradesh,Central,Hill Station & Waterfalls,1560,26.58,5,Train,3,Autumn,Mid-Range 3-Star,10212,38340,14856,1770,5545,70723,5.0,Family Explorer
TRIP_01984,USR_208,Kochi,Amritsar,Punjab,North,Spiritual & Heritage,1092,22.58,1,Car,4,Summer,Budget Hotel,22864,3238,2149,3371,1486,33108,4.4,Luxury Vacationer
TRIP_01985,USR_232,Bengaluru,Jim Corbett,Uttarakhand,North,Wildlife Safari,1644,28.38,4,Train,2,Winter,Budget Hotel,5140,12128,4023,4604,1350,27245,4.4,Budget Traveler
TRIP_01986,USR_204,Jaipur,Gokarna,Karnataka,South,Beach & Spiritual,1485,5.2,3,Flight,5,Monsoon,Luxury Resort,35740,34659,36502,5611,6832,119344,3.9,Luxury Vacationer
TRIP_01987,USR_139,Delhi,Bodh Gaya,Bihar,East,Spiritual & Buddhist Heritage,1267,21.89,2,Train,4,Winter,Budget Hotel,8203,5532,3011,3824,825,21395,4.7,Budget Traveler
TRIP_01988,USR_246,Jaipur,Jodhpur,Rajasthan,North,Heritage & Culture,330,6.83,3,Car,2,Autumn,Budget Hotel,7414,6561,3267,3836,1091,22169,4.9,Budget Traveler
TRIP_01989,USR_295,Chandigarh,Kodaikanal,Tamil Nadu,South,Hill Station,692,12.72,3,Train,4,Winter,Homestay,5863,12258,6322,4244,2288,30975,3.8,Budget Traveler
TRIP_01990,USR_158,Kolkata,Pachmarhi,Madhya Pradesh,Central,Hill Station & Waterfalls,1497,26.44,5,Train,1,Autumn,Luxury Resort,2273,39355,8897,856,3570,54951,4.8,Luxury Vacationer
TRIP_01991,USR_206,Jaipur,Tawang,Arunachal Pradesh,Northeast,Himalayan & Monastery,911,4.16,4,Flight,4,Summer,Mid-Range 3-Star,23295,26216,17602,5416,5768,78297,4.8,Family Explorer
TRIP_01992,USR_316,Delhi,Shimla,Himachal Pradesh,North,Hill Station,345,7.14,3,Car,3,Monsoon,Mid-Range 3-Star,7583,16110,7732,1622,1496,34543,4.3,Family Explorer
TRIP_01993,USR_124,Jaipur,Srinagar,Jammu & Kashmir,North,Lakes & Paradise Valley,1715,29.86,5,Train,3,Summer,Mid-Range 3-Star,8064,37700,17863,1818,2836,68281,4.4,Family Explorer
TRIP_01994,USR_117,Kolkata,Srinagar,Jammu & Kashmir,North,Lakes & Paradise Valley,555,10.88,5,Train,2,Winter,Homestay,2424,19255,6052,2145,1847,31723,5.0,Budget Traveler
TRIP_01995,USR_184,Pune,Bandipur,Karnataka,South,Wildlife Safari,1543,5.31,3,Flight,3,Winter,Budget Hotel,27318,18354,5506,6304,4730,62212,4.6,Family Explorer
TRIP_01996,USR_137,Delhi,Kovalam,Kerala,South,Beach & Wellness,1069,4.44,2,Flight,3,Monsoon,Mid-Range 3-Star,16891,12128,5436,4021,1429,39905,4.3,Family Explorer
TRIP_01997,USR_295,Delhi,Bandipur,Karnataka,South,Wildlife Safari,1316,23.86,2,Train,2,Autumn,Budget Hotel,3974,5004,1561,2899,736,14174,3.9,Budget Traveler
TRIP_01998,USR_270,Delhi,Jaipur,Rajasthan,North,Heritage & Culture,280,5.79,3,Car,6,Monsoon,Luxury Resort,6595,50184,44856,11380,5489,118504,5.0,Luxury Vacationer
TRIP_01999,USR_231,Pune,Tirupati,Andhra Pradesh,South,Spiritual & Pilgrimage,876,15.31,1,Train,2,Winter,Budget Hotel,2983,1301,1123,992,482,6881,5.0,Budget Traveler
TRIP_02000,USR_159,Mumbai,Wayanad,Kerala,South,Nature & Wildlife,635,13.13,6,Car,3,Autumn,Mid-Range 3-Star,14806,41256,17437,4331,3045,80875,4.6,Family Explorer
TRIP_02001,USR_220,Delhi,Wayanad,Kerala,South,Nature & Wildlife,1047,19.22,3,Train,2,Autumn,Mid-Range 3-Star,4183,11562,5236,1845,1196,24022,4.5,Frequent Nomad
TRIP_02002,USR_122,Kochi,Leh-Ladakh,Ladakh,North,Adventure & Mountain,1698,29.44,5,Train,4,Winter,Luxury Resort,8830,86540,31877,5163,5807,138217,4.8,Luxury Vacationer
TRIP_02003,USR_245,Jaipur,Goa,Goa,West,Beach & Nightlife,1772,31.37,2,Train,4,Monsoon,Budget Hotel,13974,7076,4810,4656,2414,32930,4.7,Family Explorer
TRIP_02004,USR_281,Chandigarh,Shillong,Meghalaya,Northeast,Nature & Waterfalls,1601,41.98,3,Bus,2,Summer,Luxury Resort,6032,20967,13698,2783,3726,47206,4.8,Luxury Vacationer
TRIP_02005,USR_238,Pune,Alleppey,Kerala,South,Backwaters & Houseboat,1810,5.79,3,Flight,2,Summer,Homestay,16938,9036,2372,2611,2782,33739,4.3,Frequent Nomad
TRIP_02006,USR_292,Chennai,Madurai,Tamil Nadu,South,Heritage & Temple,460,9.23,4,Train,4,Autumn,Homestay,4282,13288,7594,2059,2133,29356,4.7,Budget Traveler
TRIP_02007,USR_207,Pune,Ranthambore,Rajasthan,North,Wildlife Safari,609,12.6,2,Car,4,Winter,Homestay,13320,19568,3466,11831,1747,49932,5.0,Family Explorer
TRIP_02008,USR_318,Mumbai,Udaipur,Rajasthan,North,Heritage & Romance,750,15.51,3,Car,2,Summer,Mid-Range 3-Star,15347,16053,7165,5020,2823,46408,4.8,Luxury Vacationer
TRIP_02009,USR_329,Pune,Gangtok,Sikkim,Northeast,Hill Station & Monastery,1183,20.36,4,Train,3,Winter,Luxury Resort,5754,64072,25953,2692,5407,103878,4.9,Luxury Vacationer
TRIP_02010,USR_107,Chandigarh,Varanasi,Uttar Pradesh,North,Spiritual & Heritage,882,23.13,3,Bus,2,Summer,Mid-Range 3-Star,3528,6084,5386,2716,726,18440,4.6,Frequent Nomad
TRIP_02011,USR_308,Pune,Coorg,Karnataka,South,Nature & Coffee,675,12.12,3,Train,6,Autumn,Homestay,6002,26271,9456,8367,3278,53374,4.8,Budget Traveler
TRIP_02012,USR_329,Chandigarh,Kovalam,Kerala,South,Beach & Wellness,1135,20.29,2,Train,2,Monsoon,Homestay,4016,4392,1926,1412,470,12216,5.0,Budget Traveler
TRIP_02013,USR_256,Chennai,Munnar,Kerala,South,Hill Station,590,11.72,3,Train,2,Summer,Mid-Range 3-Star,1905,8649,6604,2803,1693,21654,4.0,Frequent Nomad
TRIP_02014,USR_313,Kolkata,Bandipur,Karnataka,South,Wildlife Safari,1040,21.51,2,Car,1,Monsoon,Luxury Resort,19577,15552,3348,1463,2095,42035,4.9,Luxury Vacationer
TRIP_02015,USR_160,Bengaluru,Shillong,Meghalaya,Northeast,Nature & Waterfalls,1189,20.88,5,Train,2,Monsoon,Budget Hotel,4185,6690,5240,1717,755,18587,4.4,Budget Traveler
TRIP_02016,USR_279,Chandigarh,Jaisalmer,Rajasthan,North,Desert & Heritage,1527,5.28,2,Flight,4,Autumn,Mid-Range 3-Star,34696,16844,8352,5146,3421,68459,5.0,Luxury Vacationer
TRIP_02017,USR_213,Kochi,Diu,Daman and Diu,West,Beach & Portuguese Fort,1341,22.99,3,Train,2,Autumn,Homestay,4793,5958,2773,925,1106,15555,4.2,Budget Traveler
TRIP_02018,USR_223,Delhi,Manali,Himachal Pradesh,North,Hill Station & Adventure,530,10.96,4,Car,1,Monsoon,Homestay,12024,7604,1700,1271,1071,23670,4.7,Frequent Nomad
TRIP_02019,USR_127,Chennai,Gangtok,Sikkim,Northeast,Hill Station & Monastery,1573,27.54,3,Train,3,Winter,Budget Hotel,8964,10248,4853,2339,1440,27844,4.7,Budget Traveler
TRIP_02020,USR_217,Chennai,Mount Abu,Rajasthan,North,Hill Station & Temple,1765,30.13,3,Train,4,Winter,Luxury Resort,13243,48852,20319,2077,7954,92445,4.4,Luxury Vacationer
TRIP_02021,USR_146,Delhi,Ooty,Tamil Nadu,South,Hill Station,2400,40.55,3,Train,1,Autumn,Homestay,3429,6540,1501,1703,934,14107,4.8,Frequent Nomad
TRIP_02022,USR_186,Chennai,Haridwar,Uttarakhand,North,Spiritual & Heritage,1118,4.53,3,Flight,4,Summer,Homestay,24510,8874,5241,3137,2658,44420,4.2,Budget Traveler
TRIP_02023,USR_127,Hyderabad,Goa,Goa,West,Beach & Nightlife,650,13.44,4,Car,2,Monsoon,Mid-Range 3-Star,13745,16544,9532,3383,2084,45288,4.7,Frequent Nomad
TRIP_02024,USR_290,Jaipur,Agra,Uttar Pradesh,North,Heritage & Monument,240,4.96,2,Car,4,Summer,Homestay,4965,8784,3566,8625,883,26823,5.0,Budget Traveler
TRIP_02025,USR_146,Chennai,Khajuraho,Madhya Pradesh,Central,Heritage & Art,1223,32.07,2,Bus,2,Summer,Budget Hotel,5529,2158,2136,952,839,11614,3.9,Budget Traveler
TRIP_02026,USR_166,Jaipur,Wayanad,Kerala,South,Nature & Wildlife,878,16.0,3,Train,6,Summer,Homestay,8048,18333,7280,9745,2955,46361,5.0,Budget Traveler
TRIP_02027,USR_141,Delhi,Tawang,Arunachal Pradesh,Northeast,Himalayan & Monastery,1674,5.54,5,Flight,4,Monsoon,Mid-Range 3-Star,30296,32400,16833,3136,5569,88234,4.8,Family Explorer
TRIP_02028,USR_177,Kolkata,Spiti Valley,Himachal Pradesh,North,Adventure & Mountain,1356,24.29,6,Train,3,Autumn,Homestay,7206,26856,8618,4003,3575,50258,4.9,Budget Traveler
TRIP_02029,USR_250,Hyderabad,Darjeeling,West Bengal,East,Hill Station & Tea,1345,23.87,1,Train,4,Autumn,Luxury Resort,11253,15052,6764,4797,2563,40429,4.7,Luxury Vacationer
TRIP_02030,USR_146,Chandigarh,Srinagar,Jammu & Kashmir,North,Lakes & Paradise Valley,925,4.18,3,Flight,3,Monsoon,Luxury Resort,14887,45570,20034,5183,5172,90846,5.0,Luxury Vacationer
TRIP_02031,USR_309,Hyderabad,Madurai,Tamil Nadu,South,Heritage & Temple,585,10.98,1,Train,3,Monsoon,Luxury Resort,3139,9216,5086,1353,1656,20450,4.6,Luxury Vacationer
TRIP_02032,USR_207,Kolkata,Shimla,Himachal Pradesh,North,Hill Station,995,4.31,2,Flight,2,Autumn,Mid-Range 3-Star,13528,7266,3963,1603,1646,28006,5.0,Frequent Nomad
TRIP_02033,USR_343,Kolkata,Mussoorie,Uttarakhand,North,Hill Station,1256,22.51,4,Train,2,Autumn,Homestay,4583,10184,4476,1988,1649,22880,3.6,Budget Traveler
TRIP_02034,USR_326,Chandigarh,Tirupati,Andhra Pradesh,South,Spiritual & Pilgrimage,1144,30.0,2,Bus,2,Summer,Homestay,5638,2824,2248,1785,809,13304,4.5,Budget Traveler
TRIP_02035,USR_177,Bengaluru,Mahabaleshwar,Maharashtra,West,Hill Station,1422,24.43,3,Train,1,Winter,Luxury Resort,2749,27384,5706,1179,3436,40454,4.8,Luxury Vacationer
TRIP_02036,USR_183,Kolkata,Gokarna,Karnataka,South,Beach & Spiritual,1800,5.77,3,Flight,2,Monsoon,Luxury Resort,16110,12279,11489,662,3472,44012,4.8,Luxury Vacationer
TRIP_02037,USR_201,Jaipur,Agra,Uttar Pradesh,North,Heritage & Monument,240,6.29,2,Bus,2,Monsoon,Luxury Resort,1222,9782,8520,4245,1550,25319,4.9,Luxury Vacationer
TRIP_02038,USR_207,Bengaluru,Jim Corbett,Uttarakhand,North,Wildlife Safari,909,15.8,4,Train,2,Winter,Homestay,2626,16712,3387,3194,1087,27006,4.4,Budget Traveler
TRIP_02039,USR_116,Kochi,Pushkar,Rajasthan,North,Cultural & Desert,790,16.34,1,Car,1,Winter,Budget Hotel,15913,1393,637,322,1682,19947,4.2,Luxury Vacationer
TRIP_02040,USR_199,Kolkata,Madurai,Tamil Nadu,South,Heritage & Temple,875,18.1,2,Car,4,Winter,Homestay,19140,8920,3271,5302,2084,38717,4.8,Family Explorer
TRIP_02041,USR_148,Hyderabad,Diu,Daman and Diu,West,Beach & Portuguese Fort,1019,18.61,2,Train,2,Summer,Homestay,4034,3764,1813,2929,494,13034,4.2,Budget Traveler
TRIP_02042,USR_128,Kochi,Udaipur,Rajasthan,North,Heritage & Romance,1648,5.5,4,Flight,4,Monsoon,Budget Hotel,31950,16096,6858,6123,4395,65422,5.0,Family Explorer
TRIP_02043,USR_147,Pune,Pushkar,Rajasthan,North,Cultural & Desert,1234,4.74,1,Flight,2,Monsoon,Luxury Resort,12526,3284,5174,2236,1532,24752,5.0,Luxury Vacationer
TRIP_02044,USR_156,Hyderabad,Pondicherry,Puducherry,South,Beach & French Heritage,780,3.92,5,Flight,1,Winter,Budget Hotel,5843,8760,2004,1072,777,18456,4.6,Budget Traveler
TRIP_02045,USR_299,Delhi,Madurai,Tamil Nadu,South,Heritage & Temple,1682,5.56,2,Flight,3,Monsoon,Budget Hotel,21604,4504,2507,2047,1962,32624,4.5,Family Explorer
TRIP_02046,USR_271,Pune,Srinagar,Jammu & Kashmir,North,Lakes & Paradise Valley,1795,37.12,5,Car,2,Summer,Mid-Range 3-Star,32804,20650,9816,1675,5295,70240,4.8,Frequent Nomad
TRIP_02047,USR_345,Bengaluru,Ranthambore,Rajasthan,North,Wildlife Safari,1460,5.15,3,Flight,1,Summer,Budget Hotel,7511,6693,1539,1121,896,17760,4.4,Frequent Nomad
TRIP_02048,USR_268,Chandigarh,Rann of Kutch,Gujarat,West,Desert & Culture,1796,47.1,4,Bus,2,Winter,Budget Hotel,6795,9924,4957,3285,1062,26023,4.7,Budget Traveler
TRIP_02049,USR_244,Pune,Mount Abu,Rajasthan,North,Hill Station & Temple,880,15.77,1,Train,4,Winter,Budget Hotel,5053,4174,2145,2855,538,14765,4.4,Budget Traveler
TRIP_02050,USR_317,Delhi,Shillong,Meghalaya,Northeast,Nature & Waterfalls,1477,5.19,3,Flight,2,Monsoon,Mid-Range 3-Star,15119,8367,7189,1336,2010,34021,5.0,Frequent Nomad
TRIP_02051,USR_279,Kochi,Madurai,Tamil Nadu,South,Heritage & Temple,1824,37.72,4,Car,1,Winter,Luxury Resort,39099,24856,10019,458,6452,80884,4.8,Luxury Vacationer
TRIP_02052,USR_126,Bengaluru,Gangtok,Sikkim,Northeast,Hill Station & Monastery,687,14.21,5,Car,3,Summer,Homestay,14470,24670,9418,5020,2826,56404,5.0,Budget Traveler
TRIP_02053,USR_219,Chennai,Varanasi,Uttar Pradesh,North,Spiritual & Heritage,1850,31.77,1,Train,5,Winter,Budget Hotel,16292,3774,3026,2320,1595,27007,4.4,Family Explorer
TRIP_02054,USR_279,Bengaluru,Bandipur,Karnataka,South,Wildlife Safari,220,4.55,2,Car,2,Summer,Luxury Resort,5083,18260,7013,4024,1649,36029,4.5,Luxury Vacationer
TRIP_02055,USR_302,Bengaluru,Kodaikanal,Tamil Nadu,South,Hill Station,465,9.62,2,Car,2,Autumn,Mid-Range 3-Star,9303,6958,3044,1585,1061,21951,4.9,Frequent Nomad
TRIP_02056,USR_139,Bengaluru,Jim Corbett,Uttarakhand,North,Wildlife Safari,1031,17.8,3,Train,1,Winter,Homestay,1698,10053,1348,2066,1283,16448,4.7,Frequent Nomad
TRIP_02057,USR_148,Pune,Goa,Goa,West,Beach & Nightlife,440,8.66,5,Train,2,Autumn,Mid-Range 3-Star,2146,25655,7877,3168,3339,42185,5.0,Frequent Nomad
TRIP_02058,USR_101,Mumbai,Kovalam,Kerala,South,Beach & Wellness,1194,4.67,2,Flight,1,Monsoon,Luxury Resort,5730,12996,4498,1091,1783,26098,4.2,Luxury Vacationer
TRIP_02059,USR_234,Jaipur,Jim Corbett,Uttarakhand,North,Wildlife Safari,1322,23.44,3,Train,2,Autumn,Homestay,3545,13695,2290,5264,1180,25974,3.8,Frequent Nomad
TRIP_02060,USR_216,Hyderabad,Rann of Kutch,Gujarat,West,Desert & Culture,1273,4.81,2,Flight,2,Summer,Mid-Range 3-Star,14322,9246,4573,1953,2203,32297,5.0,Luxury Vacationer
TRIP_02061,USR_123,Kochi,Agra,Uttar Pradesh,North,Heritage & Monument,1248,21.5,3,Train,2,Autumn,Mid-Range 3-Star,3353,10125,5348,1666,801,21293,4.8,Frequent Nomad
TRIP_02062,USR_176,Kolkata,Jaipur,Rajasthan,North,Heritage & Culture,1500,5.23,3,Flight,1,Summer,Budget Hotel,7803,6603,1633,2309,892,19240,5.0,Frequent Nomad
TRIP_02063,USR_302,Jaipur,Chikmagalur,Karnataka,South,Hill Station & Coffee,660,11.51,2,Train,4,Winter,Luxury Resort,5192,30232,17654,5854,2442,61374,4.4,Luxury Vacationer
TRIP_02064,USR_135,Jaipur,Agra,Uttar Pradesh,North,Heritage & Monument,240,5.21,4,Train,2,Winter,Homestay,1187,8400,3092,4488,613,17780,5.0,Budget Traveler
TRIP_02065,USR_137,Jaipur,Agra,Uttar Pradesh,North,Heritage & Monument,240,6.29,2,Bus,5,Summer,Homestay,3106,11970,5108,10964,1444,32592,4.9,Budget Traveler
TRIP_02066,USR_192,Chandigarh,Bodh Gaya,Bihar,East,Spiritual & Buddhist Heritage,1669,5.53,2,Flight,1,Monsoon,Budget Hotel,7175,1530,1135,842,867,11549,4.0,Frequent Nomad
TRIP_02067,USR_159,Hyderabad,Shimla,Himachal Pradesh,North,Hill Station,1892,5.94,2,Flight,2,Winter,Homestay,20164,5110,2423,1498,2715,31910,4.6,Luxury Vacationer
TRIP_02068,USR_342,Kochi,Agra,Uttar Pradesh,North,Heritage & Monument,787,16.28,2,Car,4,Summer,Budget Hotel,15424,6568,4480,9785,1942,38199,4.4,Family Explorer
TRIP_02069,USR_111,Chandigarh,Mussoorie,Uttarakhand,North,Hill Station,200,4.14,2,Car,2,Autumn,Homestay,4751,4518,1487,1314,615,12685,5.0,Budget Traveler
TRIP_02070,USR_322,Hyderabad,Darjeeling,West Bengal,East,Hill Station & Tea,1067,4.44,2,Flight,1,Winter,Mid-Range 3-Star,6732,8388,2162,671,1371,19324,5.0,Luxury Vacationer
TRIP_02071,USR_174,Kochi,Tirupati,Andhra Pradesh,South,Spiritual & Pilgrimage,1289,4.84,2,Flight,4,Autumn,Mid-Range 3-Star,33073,11656,7802,4279,4226,61036,4.8,Luxury Vacationer
TRIP_02072,USR_338,Chandigarh,Pondicherry,Puducherry,South,Beach & French Heritage,496,9.1,2,Train,2,Autumn,Mid-Range 3-Star,2305,7992,4084,2413,771,17565,4.9,Frequent Nomad
TRIP_02073,USR_243,Chandigarh,Bandipur,Karnataka,South,Wildlife Safari,686,14.19,3,Car,4,Summer,Budget Hotel,15027,13350,6787,8907,1911,45982,5.0,Budget Traveler
TRIP_02074,USR_285,Pune,Havelock Island,Andaman & Nicobar,Islands,Beach & Scuba,1629,28.13,3,Train,4,Winter,Mid-Range 3-Star,14036,43296,13889,5784,4156,81161,4.7,Family Explorer
TRIP_02075,USR_297,Chennai,Kaziranga,Assam,Northeast,Wildlife Safari,1019,4.35,3,Flight,6,Summer,Budget Hotel,38338,23319,8621,12633,4326,87237,4.0,Family Explorer
TRIP_02076,USR_140,Jaipur,Havelock Island,Andaman & Nicobar,Islands,Beach & Scuba,1562,5.34,4,Flight,2,Autumn,Budget Hotel,19067,13872,3732,1829,2462,40962,5.0,Frequent Nomad
TRIP_02077,USR_170,Hyderabad,Chikmagalur,Karnataka,South,Hill Station & Coffee,538,11.13,4,Car,6,Winter,Luxury Resort,11413,86928,40012,3255,10413,152021,4.8,Luxury Vacationer
TRIP_02078,USR_242,Chennai,Udaipur,Rajasthan,North,Heritage & Romance,1182,4.65,3,Flight,4,Summer,Budget Hotel,25881,15912,6802,5819,3730,58144,4.5,Family Explorer
TRIP_02079,USR_202,Kolkata,Leh-Ladakh,Ladakh,North,Adventure & Mountain,1067,4.44,5,Flight,2,Autumn,Luxury Resort,13595,64090,23632,3206,8157,112680,5.0,Luxury Vacationer
TRIP_02080,USR_162,Mumbai,Shillong,Meghalaya,Northeast,Nature & Waterfalls,806,21.14,5,Bus,3,Summer,Mid-Range 3-Star,5895,32380,12554,1858,2370,55057,4.7,Family Explorer
TRIP_02081,USR_185,Hyderabad,Darjeeling,West Bengal,East,Hill Station & Tea,1265,22.07,3,Train,1,Winter,Mid-Range 3-Star,1988,10548,3535,1048,1447,18566,3.9,Frequent Nomad
TRIP_02082,USR_245,Pune,Ooty,Tamil Nadu,South,Hill Station,782,13.78,3,Train,4,Monsoon,Luxury Resort,7159,23640,19865,4973,3053,58690,5.0,Luxury Vacationer
TRIP_02083,USR_254,Kolkata,Jim Corbett,Uttarakhand,North,Wildlife Safari,821,21.53,3,Bus,1,Summer,Budget Hotel,1828,6945,1779,1644,599,12795,4.5,Frequent Nomad
TRIP_02084,USR_334,Mumbai,Havelock Island,Andaman & Nicobar,Islands,Beach & Scuba,1341,4.94,4,Flight,2,Autumn,Homestay,17120,21812,4240,1503,2492,47167,5.0,Frequent Nomad
TRIP_02085,USR_141,Chandigarh,Udaipur,Rajasthan,North,Heritage & Romance,718,14.85,1,Car,2,Winter,Mid-Range 3-Star,14116,5359,1576,3421,1587,26059,5.0,Luxury Vacationer
TRIP_02086,USR_331,Pune,Mysore,Karnataka,South,Heritage & Palaces,1687,44.24,2,Bus,4,Summer,Luxury Resort,15988,22776,15003,6521,4575,64863,4.8,Luxury Vacationer
TRIP_02087,USR_349,Delhi,Jaipur,Rajasthan,North,Heritage & Culture,280,6.05,4,Train,2,Summer,Budget Hotel,1365,6940,4771,1772,850,15698,4.3,Budget Traveler
TRIP_02088,USR_272,Chandigarh,Coorg,Karnataka,South,Nature & Coffee,667,12.58,3,Train,1,Summer,Homestay,1085,7281,1593,486,433,10878,4.5,Budget Traveler
TRIP_02089,USR_106,Mumbai,Pachmarhi,Madhya Pradesh,Central,Hill Station & Waterfalls,1641,28.5,2,Train,1,Monsoon,Luxury Resort,3362,7948,3703,844,1043,16900,4.9,Luxury Vacationer
TRIP_02090,USR_232,Hyderabad,Jim Corbett,Uttarakhand,North,Wildlife Safari,1678,5.55,3,Flight,2,Monsoon,Budget Hotel,15574,6831,3218,3961,1464,31048,4.1,Frequent Nomad
TRIP_02091,USR_300,Hyderabad,Tawang,Arunachal Pradesh,Northeast,Himalayan & Monastery,894,18.49,5,Car,2,Summer,Homestay,19016,9930,4896,2878,1932,38652,4.2,Budget Traveler
TRIP_02092,USR_197,Kolkata,Chikmagalur,Karnataka,South,Hill Station & Coffee,1039,18.48,3,Train,3,Summer,Budget Hotel,6841,11004,4102,3901,1015,26863,4.7,Budget Traveler
TRIP_02093,USR_121,Kochi,Gangtok,Sikkim,Northeast,Hill Station & Monastery,1326,23.67,2,Train,1,Autumn,Mid-Range 3-Star,1952,6848,1870,989,506,12165,5.0,Frequent Nomad
TRIP_02094,USR_301,Chandigarh,Varanasi,Uttar Pradesh,North,Spiritual & Heritage,1584,41.54,3,Bus,2,Winter,Mid-Range 3-Star,5308,8451,6186,2099,984,23028,5.0,Frequent Nomad
TRIP_02095,USR_163,Bengaluru,Haridwar,Uttarakhand,North,Spiritual & Heritage,683,12.6,3,Train,2,Autumn,Luxury Resort,2712,12843,11840,1404,1318,30117,4.4,Luxury Vacationer
TRIP_02096,USR_151,Kochi,Jaipur,Rajasthan,North,Heritage & Culture,1554,27.28,3,Train,4,Monsoon,Budget Hotel,10176,10818,6488,7635,1705,36822,4.9,Budget Traveler
TRIP_02097,USR_157,Kochi,Manali,Himachal Pradesh,North,Hill Station & Adventure,620,12.1,3,Train,2,Monsoon,Mid-Range 3-Star,1832,7401,7016,3139,1403,20791,4.3,Frequent Nomad
TRIP_02098,USR_163,Chandigarh,Mussoorie,Uttarakhand,North,Hill Station,200,5.24,2,Bus,2,Summer,Homestay,1026,4810,1571,2369,574,10350,4.0,Budget Traveler
TRIP_02099,USR_318,Pune,Mysore,Karnataka,South,Heritage & Palaces,1704,29.09,1,Train,1,Summer,Luxury Resort,3015,5471,1709,1207,898,12300,4.1,Luxury Vacationer
TRIP_02100,USR_228,Pune,Mahabaleshwar,Maharashtra,West,Hill Station,120,2.48,3,Car,3,Winter,Mid-Range 3-Star,3506,27960,6724,3952,1597,43739,4.4,Family Explorer
TRIP_02101,USR_200,Hyderabad,Varanasi,Uttar Pradesh,North,Spiritual & Heritage,1200,4.68,4,Flight,2,Autumn,Luxury Resort,15314,19680,19511,2691,3386,60582,4.6,Luxury Vacationer
TRIP_02102,USR_307,Mumbai,Gangtok,Sikkim,Northeast,Hill Station & Monastery,824,14.71,4,Train,2,Monsoon,Mid-Range 3-Star,3475,10300,6595,1865,1294,23529,5.0,Frequent Nomad
TRIP_02103,USR_339,Pune,Spiti Valley,Himachal Pradesh,North,Adventure & Mountain,1411,5.07,4,Flight,6,Autumn,Mid-Range 3-Star,51838,43752,23864,4550,10527,134531,5.0,Family Explorer
TRIP_02104,USR_174,Hyderabad,Jaipur,Rajasthan,North,Heritage & Culture,1480,25.63,3,Train,3,Winter,Homestay,9608,16614,4712,5354,1948,38236,4.8,Family Explorer
TRIP_02105,USR_338,Hyderabad,Jaipur,Rajasthan,North,Heritage & Culture,1480,5.19,2,Flight,4,Summer,Budget Hotel,32796,8476,4601,8314,2328,56515,4.6,Family Explorer
TRIP_02106,USR_342,Delhi,Rameshwaram,Tamil Nadu,South,Coastal & Spiritual,1104,19.82,3,Train,2,Winter,Homestay,4693,5739,3659,1981,818,16890,4.9,Budget Traveler
TRIP_02107,USR_323,Hyderabad,Ooty,Tamil Nadu,South,Hill Station,850,22.29,3,Bus,3,Summer,Homestay,5096,13386,4482,4532,2206,29702,4.3,Budget Traveler
TRIP_02108,USR_280,Chennai,Alleppey,Kerala,South,Backwaters & Houseboat,685,13.38,1,Train,1,Monsoon,Luxury Resort,1056,7662,1539,1315,442,12014,4.5,Luxury Vacationer
TRIP_02109,USR_107,Delhi,Pondicherry,Puducherry,South,Beach & French Heritage,1780,5.74,1,Flight,2,Summer,Budget Hotel,17993,1576,1204,3067,1795,25635,4.5,Luxury Vacationer
TRIP_02110,USR_150,Kochi,Diu,Daman and Diu,West,Beach & Portuguese Fort,1947,6.04,4,Flight,2,Summer,Budget Hotel,19505,6860,3447,2901,2065,34778,4.5,Frequent Nomad
TRIP_02111,USR_297,Kochi,Ooty,Tamil Nadu,South,Hill Station,280,5.46,2,Train,5,Autumn,Homestay,3499,15480,5851,5164,999,30993,3.7,Budget Traveler
TRIP_02112,USR_118,Mumbai,Agra,Uttar Pradesh,North,Heritage & Monument,1200,24.82,1,Car,3,Winter,Budget Hotel,24311,4072,1503,4399,1649,35934,4.6,Luxury Vacationer
TRIP_02113,USR_347,Jaipur,Gokarna,Karnataka,South,Beach & Spiritual,869,15.62,3,Train,2,Summer,Luxury Resort,2981,15237,15218,2852,2724,39012,4.3,Luxury Vacationer
TRIP_02114,USR_255,Pune,Gangtok,Sikkim,Northeast,Hill Station & Monastery,1932,6.01,6,Flight,1,Winter,Homestay,11236,15522,3252,1511,2804,34325,4.6,Frequent Nomad
TRIP_02115,USR_325,Chandigarh,Udaipur,Rajasthan,North,Heritage & Romance,499,10.19,4,Train,2,Monsoon,Mid-Range 3-Star,2246,17932,6054,2509,1630,30371,4.2,Frequent Nomad
TRIP_02116,USR_322,Bengaluru,Madurai,Tamil Nadu,South,Heritage & Temple,435,3.29,2,Flight,3,Summer,Mid-Range 3-Star,13218,8072,6869,1409,1686,31254,4.5,Family Explorer
TRIP_02117,USR_201,Bengaluru,Srinagar,Jammu & Kashmir,North,Lakes & Paradise Valley,1156,4.6,5,Flight,1,Winter,Budget Hotel,7583,11250,2514,1369,899,23615,4.6,Frequent Nomad
TRIP_02118,USR_166,Bengaluru,Coorg,Karnataka,South,Nature & Coffee,250,5.17,4,Car,2,Monsoon,Budget Hotel,6000,6004,4944,2551,1525,21024,4.8,Budget Traveler
TRIP_02119,USR_149,Jaipur,Kovalam,Kerala,South,Beach & Wellness,1790,37.02,2,Car,3,Winter,Mid-Range 3-Star,32771,17628,5159,1820,4303,61681,4.2,Luxury Vacationer
TRIP_02120,USR_104,Bengaluru,Varkala,Kerala,South,Beach & Cliff,670,13.86,2,Car,2,Monsoon,Luxury Resort,12789,8824,7763,818,2809,33003,4.6,Luxury Vacationer
TRIP_02121,USR_110,Mumbai,Jaisalmer,Rajasthan,North,Desert & Heritage,1050,18.61,4,Train,1,Winter,Homestay,1507,12456,1512,1723,1012,18210,4.8,Frequent Nomad
TRIP_02122,USR_305,Jaipur,Ranthambore,Rajasthan,North,Wildlife Safari,160,3.31,4,Car,5,Winter,Budget Hotel,5218,38964,9631,12317,2804,68934,5.0,Budget Traveler
TRIP_02123,USR_151,Mumbai,Mount Abu,Rajasthan,North,Hill Station & Temple,760,13.88,2,Train,4,Winter,Budget Hotel,6614,8268,3598,2787,949,22216,4.0,Budget Traveler
TRIP_02124,USR_192,Jaipur,Goa,Goa,West,Beach & Nightlife,1654,5.51,4,Flight,3,Monsoon,Luxury Resort,23602,54104,24654,5148,10158,117666,5.0,Luxury Vacationer
TRIP_02125,USR_249,Chandigarh,Bandipur,Karnataka,South,Wildlife Safari,1492,25.79,3,Train,2,Summer,Luxury Resort,4262,26463,11770,4354,3126,49975,4.8,Luxury Vacationer
TRIP_02126,USR_118,Hyderabad,Kaziranga,Assam,Northeast,Wildlife Safari,998,17.77,2,Train,4,Autumn,Luxury Resort,6137,43228,19021,5560,5971,79917,4.7,Luxury Vacationer
TRIP_02127,USR_188,Delhi,Varanasi,Uttar Pradesh,North,Spiritual & Heritage,820,16.96,1,Car,1,Autumn,Homestay,15678,1900,593,679,1422,20272,4.2,Luxury Vacationer
TRIP_02128,USR_308,Chennai,Varanasi,Uttar Pradesh,North,Spiritual & Heritage,1850,5.86,3,Flight,4,Monsoon,Homestay,32193,9186,5279,2345,4116,53119,4.0,Family Explorer
TRIP_02129,USR_220,Delhi,Ooty,Tamil Nadu,South,Hill Station,2400,40.69,3,Train,1,Autumn,Budget Hotel,4683,5823,1251,1543,1140,14440,4.1,Frequent Nomad
TRIP_02130,USR_304,Kochi,Srinagar,Jammu & Kashmir,North,Lakes & Paradise Valley,1383,23.73,3,Train,4,Winter,Mid-Range 3-Star,7877,25968,12794,6414,2420,55473,4.8,Family Explorer
TRIP_02131,USR_300,Chandigarh,Coorg,Karnataka,South,Nature & Coffee,467,9.64,2,Train,2,Autumn,Homestay,2116,5194,2259,1347,770,11686,4.0,Budget Traveler
TRIP_02132,USR_226,Delhi,Haridwar,Uttarakhand,North,Spiritual & Heritage,220,4.69,1,Train,2,Winter,Luxury Resort,1101,6241,3872,2417,1009,14640,4.0,Luxury Vacationer
TRIP_02133,USR_301,Pune,Jaipur,Rajasthan,North,Heritage & Culture,1250,25.85,4,Car,4,Autumn,Budget Hotel,26520,17144,9305,5951,3059,61979,5.0,Budget Traveler
TRIP_02134,USR_256,Chandigarh,Tawang,Arunachal Pradesh,Northeast,Himalayan & Monastery,1845,5.85,6,Flight,2,Autumn,Homestay,21567,14946,4257,1864,2025,44659,4.5,Budget Traveler
TRIP_02135,USR_311,Kolkata,Udaipur,Rajasthan,North,Heritage & Romance,1831,5.83,3,Flight,2,Autumn,Mid-Range 3-Star,20681,16740,4800,2947,1912,47080,4.9,Luxury Vacationer
TRIP_02136,USR_120,Kolkata,Darjeeling,West Bengal,East,Hill Station & Tea,610,11.35,2,Train,1,Winter,Mid-Range 3-Star,1144,7952,1643,565,747,12051,4.6,Frequent Nomad
TRIP_02137,USR_264,Chandigarh,Jaipur,Rajasthan,North,Heritage & Culture,510,10.36,1,Train,4,Winter,Mid-Range 3-Star,4337,7450,2887,7730,720,23124,4.3,Family Explorer
TRIP_02138,USR_103,Chennai,Puri,Odisha,East,Coastal & Spiritual,516,9.7,3,Train,4,Summer,Homestay,4645,10590,7475,5344,2159,30213,4.4,Budget Traveler
TRIP_02139,USR_153,Delhi,Amritsar,Punjab,North,Spiritual & Heritage,450,9.31,2,Car,3,Monsoon,Homestay,10220,5860,2294,2599,835,21808,4.5,Budget Traveler
TRIP_02140,USR_165,Pune,Darjeeling,West Bengal,East,Hill Station & Tea,1905,33.73,3,Train,1,Autumn,Luxury Resort,3599,24720,5064,1499,1518,36400,4.6,Luxury Vacationer
TRIP_02141,USR_344,Kochi,Pushkar,Rajasthan,North,Cultural & Desert,734,13.37,1,Train,2,Autumn,Homestay,2249,2193,935,2659,406,8442,4.3,Frequent Nomad
TRIP_02142,USR_143,Kochi,Rann of Kutch,Gujarat,West,Desert & Culture,713,12.39,3,Train,3,Monsoon,Budget Hotel,4431,13488,4926,2926,981,26752,5.0,Budget Traveler
TRIP_02143,USR_178,Pune,Munnar,Kerala,South,Hill Station,1104,4.51,2,Flight,2,Winter,Budget Hotel,14284,4316,1650,3070,1296,24616,4.5,Frequent Nomad
TRIP_02144,USR_267,Delhi,Tawang,Arunachal Pradesh,Northeast,Himalayan & Monastery,566,11.71,8,Car,2,Summer,Homestay,14547,17408,6641,2809,3620,45025,5.0,Budget Traveler
TRIP_02145,USR_308,Chennai,Manali,Himachal Pradesh,North,Hill Station & Adventure,2600,7.23,5,Flight,1,Winter,Budget Hotel,13727,10700,2539,960,1973,29899,4.9,Frequent Nomad
TRIP_02146,USR_234,Bengaluru,Tawang,Arunachal Pradesh,Northeast,Himalayan & Monastery,457,9.4,6,Train,2,Monsoon,Budget Hotel,1926,7908,7614,3185,765,21398,4.5,Budget Traveler
TRIP_02147,USR_240,Chandigarh,Mussoorie,Uttarakhand,North,Hill Station,200,4.14,4,Car,2,Summer,Budget Hotel,5892,7120,4495,1991,793,20291,4.8,Budget Traveler
TRIP_02148,USR_298,Pune,Varkala,Kerala,South,Beach & Cliff,798,14.57,2,Train,3,Winter,Budget Hotel,3618,6424,3243,2155,1315,16755,4.6,Budget Traveler
TRIP_02149,USR_295,Chandigarh,Wayanad,Kerala,South,Nature & Wildlife,1389,24.8,1,Train,3,Monsoon,Budget Hotel,8868,3290,1248,4754,607,18767,4.6,Family Explorer
TRIP_02150,USR_190,Jaipur,Gokarna,Karnataka,South,Beach & Spiritual,1831,48.01,4,Bus,1,Summer,Budget Hotel,3659,5728,2515,1042,683,13627,4.3,Budget Traveler
TRIP_02151,USR_136,Bengaluru,Tirupati,Andhra Pradesh,South,Spiritual & Pilgrimage,250,5.79,1,Train,2,Winter,Homestay,1172,1932,984,2672,322,7082,4.5,Budget Traveler
TRIP_02152,USR_294,Bengaluru,Varkala,Kerala,South,Beach & Cliff,670,12.31,3,Train,4,Autumn,Budget Hotel,4970,11124,7331,3747,2076,29248,4.9,Budget Traveler
TRIP_02153,USR_156,Pune,Darjeeling,West Bengal,East,Hill Station & Tea,1335,22.79,5,Train,4,Monsoon,Luxury Resort,10767,58940,31875,3170,5031,109783,3.7,Luxury Vacationer
TRIP_02154,USR_209,Pune,Ranthambore,Rajasthan,North,Wildlife Safari,1359,24.0,4,Train,4,Winter,Homestay,9065,32800,10158,9715,2665,64403,4.8,Family Explorer
TRIP_02155,USR_335,Chandigarh,Haridwar,Uttarakhand,North,Spiritual & Heritage,200,5.24,3,Bus,2,Winter,Luxury Resort,1210,14748,14220,854,1792,32824,4.9,Luxury Vacationer
TRIP_02156,USR_260,Kochi,Srinagar,Jammu & Kashmir,North,Lakes & Paradise Valley,1402,24.52,4,Train,1,Summer,Luxury Resort,1863,29520,9625,980,3466,45454,4.8,Luxury Vacationer
TRIP_02157,USR_107,Hyderabad,Munnar,Kerala,South,Hill Station,598,10.65,3,Train,3,Monsoon,Luxury Resort,4132,27720,16785,3773,3613,56023,4.6,Luxury Vacationer
TRIP_02158,USR_345,Mumbai,Bodh Gaya,Bihar,East,Spiritual & Buddhist Heritage,1171,20.54,2,Train,2,Autumn,Budget Hotel,4040,2674,2177,1340,584,10815,3.3,Budget Traveler
TRIP_02159,USR_115,Hyderabad,Bandipur,Karnataka,South,Wildlife Safari,539,11.15,3,Car,2,Winter,Homestay,11919,10782,3041,4609,1788,32139,4.4,Frequent Nomad
TRIP_02160,USR_264,Kochi,Coorg,Karnataka,South,Nature & Coffee,370,9.7,4,Bus,2,Summer,Budget Hotel,1902,8468,2843,2935,797,16945,5.0,Budget Traveler
TRIP_02161,USR_104,Bengaluru,Diu,Daman and Diu,West,Beach & Portuguese Fort,1488,26.55,2,Train,6,Autumn,Budget Hotel,12986,10668,6915,6811,2324,39704,4.7,Budget Traveler
TRIP_02162,USR_139,Mumbai,Varanasi,Uttar Pradesh,North,Spiritual & Heritage,1500,26.78,3,Train,1,Summer,Luxury Resort,3058,14151,6482,501,1007,25199,4.5,Luxury Vacationer
TRIP_02163,USR_301,Kochi,Kovalam,Kerala,South,Beach & Wellness,210,4.03,4,Train,4,Summer,Homestay,2201,21848,9942,3548,1889,39428,5.0,Budget Traveler
TRIP_02164,USR_307,Chandigarh,Chikmagalur,Karnataka,South,Hill Station & Coffee,1194,4.67,4,Flight,1,Summer,Luxury Resort,7160,31368,6983,1353,3171,50035,4.0,Luxury Vacationer
TRIP_02165,USR_301,Bengaluru,Diu,Daman and Diu,West,Beach & Portuguese Fort,1017,21.03,2,Car,1,Monsoon,Luxury Resort,22018,11252,3779,981,1592,39622,4.8,Luxury Vacationer
TRIP_02166,USR_198,Jaipur,Gangtok,Sikkim,Northeast,Hill Station & Monastery,876,18.12,3,Car,3,Monsoon,Mid-Range 3-Star,17326,15630,9560,3600,3987,50103,5.0,Family Explorer
TRIP_02167,USR_350,Jaipur,Rann of Kutch,Gujarat,West,Desert & Culture,1307,27.03,2,Car,5,Monsoon,Homestay,27684,17592,5859,8479,4074,63688,4.7,Family Explorer
TRIP_02168,USR_338,Hyderabad,Diu,Daman and Diu,West,Beach & Portuguese Fort,1570,27.61,1,Train,4,Autumn,Luxury Resort,9355,15220,10297,4043,1897,40812,4.1,Luxury Vacationer
TRIP_02169,USR_108,Kochi,Srinagar,Jammu & Kashmir,North,Lakes & Paradise Valley,1197,20.46,4,Train,6,Autumn,Mid-Range 3-Star,14515,53916,24605,7486,4940,105462,4.3,Family Explorer
TRIP_02170,USR_313,Kolkata,Wayanad,Kerala,South,Nature & Wildlife,949,4.23,3,Flight,1,Autumn,Mid-Range 3-Star,6123,13428,2135,875,1907,24468,4.7,Luxury Vacationer
TRIP_02171,USR_193,Chennai,Havelock Island,Andaman & Nicobar,Islands,Beach & Scuba,808,14.57,3,Train,4,Monsoon,Homestay,4502,21966,5848,6741,2762,41819,5.0,Budget Traveler
TRIP_02172,USR_295,Delhi,Madurai,Tamil Nadu,South,Heritage & Temple,543,11.23,2,Car,2,Autumn,Luxury Resort,11978,9528,9653,1397,2720,35276,5.0,Luxury Vacationer
TRIP_02173,USR_189,Chennai,Darjeeling,West Bengal,East,Hill Station & Tea,1601,41.98,5,Bus,6,Winter,Budget Hotel,18505,27900,19435,2915,3157,71912,4.0,Budget Traveler
TRIP_02174,USR_279,Chennai,Wayanad,Kerala,South,Nature & Wildlife,610,10.7,3,Train,2,Monsoon,Homestay,1867,6639,2477,1023,1038,13044,4.7,Budget Traveler
TRIP_02175,USR_253,Kolkata,Bandipur,Karnataka,South,Wildlife Safari,1850,48.51,2,Bus,4,Summer,Homestay,16032,14176,4797,5167,2915,43087,4.7,Family Explorer
TRIP_02176,USR_332,Bengaluru,Jaipur,Rajasthan,North,Heritage & Culture,1950,33.36,6,Train,2,Summer,Mid-Range 3-Star,5944,22476,13613,2324,2843,47200,4.9,Frequent Nomad
TRIP_02177,USR_168,Mumbai,Tirupati,Andhra Pradesh,South,Spiritual & Pilgrimage,1339,4.93,3,Flight,3,Autumn,Homestay,24409,12120,5018,2685,2979,47211,4.8,Family Explorer
TRIP_02178,USR_242,Hyderabad,Jim Corbett,Uttarakhand,North,Wildlife Safari,1049,4.41,3,Flight,2,Monsoon,Budget Hotel,12257,5760,3858,5213,1696,28784,4.3,Frequent Nomad
TRIP_02179,USR_250,Delhi,Amritsar,Punjab,North,Spiritual & Heritage,450,8.12,3,Train,4,Winter,Mid-Range 3-Star,3339,18366,12934,3378,1450,39467,5.0,Family Explorer
TRIP_02180,USR_296,Pune,Udaipur,Rajasthan,North,Heritage & Romance,860,4.06,4,Flight,2,Autumn,Homestay,11682,16956,3893,2571,1487,36589,4.5,Frequent Nomad
TRIP_02181,USR_316,Mumbai,Manali,Himachal Pradesh,North,Hill Station & Adventure,1900,5.95,3,Flight,3,Monsoon,Luxury Resort,24780,29640,20396,2882,4902,82600,5.0,Luxury Vacationer
TRIP_02182,USR_327,Bengaluru,Rishikesh,Uttarakhand,North,Spiritual & Adventure,1318,23.24,4,Train,2,Winter,Budget Hotel,5322,6360,3860,2261,1491,19294,4.9,Budget Traveler
TRIP_02183,USR_209,Chandigarh,Pondicherry,Puducherry,South,Beach & French Heritage,621,11.21,4,Train,1,Autumn,Homestay,1229,12360,2539,959,702,17789,4.6,Frequent Nomad
TRIP_02184,USR_186,Chennai,Pachmarhi,Madhya Pradesh,Central,Hill Station & Waterfalls,1125,20.63,4,Train,2,Summer,Homestay,4425,8948,3805,2797,1663,21638,5.0,Budget Traveler
TRIP_02185,USR_344,Delhi,Leh-Ladakh,Ladakh,North,Adventure & Mountain,980,18.08,5,Train,4,Summer,Budget Hotel,6518,23030,12614,6704,1831,50697,5.0,Budget Traveler
TRIP_02186,USR_195,Chandigarh,Darjeeling,West Bengal,East,Hill Station & Tea,1270,4.81,4,Flight,4,Monsoon,Mid-Range 3-Star,26774,18064,15623,3385,3311,67157,4.2,Family Explorer
TRIP_02187,USR_134,Kochi,Khajuraho,Madhya Pradesh,Central,Heritage & Art,1209,21.22,2,Train,2,Autumn,Homestay,3340,4148,2262,888,556,11194,5.0,Budget Traveler
TRIP_02188,USR_167,Delhi,Manali,Himachal Pradesh,North,Hill Station & Adventure,530,10.3,4,Train,2,Summer,Homestay,2158,8508,3340,3605,1136,18747,4.7,Budget Traveler
TRIP_02189,USR_320,Mumbai,Rann of Kutch,Gujarat,West,Desert & Culture,850,17.58,3,Car,3,Autumn,Luxury Resort,17823,55302,17006,2527,7245,99903,5.0,Luxury Vacationer
TRIP_02190,USR_220,Chandigarh,Udaipur,Rajasthan,North,Heritage & Romance,1248,25.81,2,Car,3,Monsoon,Budget Hotel,22979,10312,2300,5828,1601,43020,4.6,Family Explorer
TRIP_02191,USR_114,Jaipur,Gangtok,Sikkim,Northeast,Hill Station & Monastery,918,4.17,3,Flight,2,Summer,Homestay,11945,5808,2814,2864,1368,24799,4.6,Frequent Nomad
TRIP_02192,USR_274,Kochi,Ranthambore,Rajasthan,North,Wildlife Safari,1441,5.12,3,Flight,1,Winter,Budget Hotel,8830,9018,1664,2042,1122,22676,4.0,Luxury Vacationer
TRIP_02193,USR_318,Chandigarh,Rameshwaram,Tamil Nadu,South,Coastal & Spiritual,1717,29.68,1,Train,2,Winter,Homestay,5268,1769,730,1026,371,9164,4.8,Frequent Nomad
TRIP_02194,USR_266,Pune,Rameshwaram,Tamil Nadu,South,Coastal & Spiritual,1516,31.35,2,Car,2,Summer,Luxury Resort,26707,10078,10112,2713,2354,51964,5.0,Luxury Vacationer
TRIP_02195,USR_181,Jaipur,Varkala,Kerala,South,Beach & Cliff,1376,23.5,4,Train,3,Autumn,Budget Hotel,7649,13560,6787,2369,2278,32643,4.6,Budget Traveler
TRIP_02196,USR_274,Hyderabad,Wayanad,Kerala,South,Nature & Wildlife,1730,35.78,3,Car,3,Winter,Homestay,33698,14730,3270,4588,4130,60416,4.7,Family Explorer
TRIP_02197,USR_215,Mumbai,Goa,Goa,West,Beach & Nightlife,585,12.1,4,Car,2,Winter,Mid-Range 3-Star,12167,18852,6002,1543,1699,40263,4.9,Frequent Nomad
TRIP_02198,USR_238,Jaipur,Varanasi,Uttar Pradesh,North,Spiritual & Heritage,850,22.29,3,Bus,4,Monsoon,Homestay,8259,7218,6864,1568,1902,25811,4.8,Budget Traveler
TRIP_02199,USR_200,Jaipur,Jaipur,Rajasthan,North,Heritage & Culture,1932,6.01,3,Flight,3,Autumn,Homestay,30675,17232,4601,5766,4143,62417,4.6,Family Explorer
TRIP_02200,USR_280,Kochi,Darjeeling,West Bengal,East,Hill Station & Tea,1229,21.68,3,Train,3,Winter,Mid-Range 3-Star,6295,23526,7128,2555,1657,41161,4.9,Family Explorer
TRIP_02201,USR_279,Bengaluru,Bandipur,Karnataka,South,Wildlife Safari,220,5.77,3,Bus,1,Winter,Luxury Resort,620,39237,5761,1580,3998,51196,4.6,Luxury Vacationer
TRIP_02202,USR_304,Jaipur,Havelock Island,Andaman & Nicobar,Islands,Beach & Scuba,1106,22.87,5,Car,3,Winter,Homestay,20887,43180,8691,4396,3261,80415,4.9,Family Explorer
TRIP_02203,USR_168,Kolkata,Khajuraho,Madhya Pradesh,Central,Heritage & Art,981,17.48,2,Train,2,Monsoon,Luxury Resort,3352,6754,7224,2397,1164,20891,4.5,Luxury Vacationer
TRIP_02204,USR_228,Bengaluru,Darjeeling,West Bengal,East,Hill Station & Tea,1349,24.08,5,Train,4,Autumn,Budget Hotel,10356,20450,10002,6283,2221,49312,5.0,Budget Traveler
TRIP_02205,USR_191,Pune,Shimla,Himachal Pradesh,North,Hill Station,725,13.73,2,Train,1,Autumn,Luxury Resort,1307,18088,3325,839,1191,24750,4.3,Luxury Vacationer
TRIP_02206,USR_126,Delhi,Kaziranga,Assam,Northeast,Wildlife Safari,1524,27.02,3,Train,3,Autumn,Budget Hotel,6511,14610,5005,7228,1497,34851,5.0,Budget Traveler
TRIP_02207,USR_198,Bengaluru,Wayanad,Kerala,South,Nature & Wildlife,275,7.21,2,Bus,1,Monsoon,Luxury Resort,656,12634,3818,510,1660,19278,4.3,Luxury Vacationer
TRIP_02208,USR_129,Bengaluru,Jaisalmer,Rajasthan,North,Desert & Heritage,1302,23.23,1,Train,2,Winter,Homestay,3664,3268,811,1577,494,9814,5.0,Frequent Nomad
TRIP_02209,USR_237,Pune,Gokarna,Karnataka,South,Beach & Spiritual,540,9.89,2,Train,3,Autumn,Budget Hotel,2960,6828,2778,2294,887,15747,4.2,Budget Traveler
TRIP_02210,USR_224,Chennai,Gokarna,Karnataka,South,Beach & Spiritual,1222,20.87,4,Train,2,Summer,Mid-Range 3-Star,4302,10024,8013,1563,1197,25099,4.8,Frequent Nomad
TRIP_02211,USR_316,Bengaluru,Mussoorie,Uttarakhand,North,Hill Station,1155,4.6,5,Flight,2,Summer,Homestay,13981,12320,6344,2379,2250,37274,5.0,Budget Traveler
TRIP_02212,USR_115,Pune,Mahabaleshwar,Maharashtra,West,Hill Station,120,2.92,6,Train,2,Summer,Budget Hotel,598,12126,6874,2395,880,22873,4.4,Budget Traveler
TRIP_02213,USR_216,Mumbai,Udaipur,Rajasthan,North,Heritage & Romance,750,13.42,2,Train,1,Summer,Budget Hotel,1063,5316,1021,1834,735,9969,5.0,Frequent Nomad
TRIP_02214,USR_203,Chennai,Srinagar,Jammu & Kashmir,North,Lakes & Paradise Valley,1135,23.47,3,Car,6,Autumn,Mid-Range 3-Star,22617,48897,18128,3371,4452,97465,4.7,Family Explorer
TRIP_02215,USR_323,Mumbai,Shimla,Himachal Pradesh,North,Hill Station,1750,29.85,3,Train,4,Autumn,Mid-Range 3-Star,11578,24354,10414,4331,2117,52794,4.6,Family Explorer
TRIP_02216,USR_259,Jaipur,Rann of Kutch,Gujarat,West,Desert & Culture,658,12.12,4,Train,3,Winter,Luxury Resort,4241,77336,29099,3406,10148,124230,4.7,Luxury Vacationer
TRIP_02217,USR_125,Pune,Hampi,Karnataka,South,Heritage & Archaeology,560,14.68,2,Bus,3,Winter,Homestay,4603,7552,2759,4211,1263,20388,4.4,Budget Traveler
TRIP_02218,USR_293,Pune,Shimla,Himachal Pradesh,North,Hill Station,1307,27.03,1,Car,4,Monsoon,Luxury Resort,27448,9466,6025,3117,3915,49971,4.2,Luxury Vacationer
TRIP_02219,USR_282,Chandigarh,Diu,Daman and Diu,West,Beach & Portuguese Fort,1639,28.4,1,Train,4,Winter,Homestay,9138,5018,1648,3955,1036,20795,4.3,Family Explorer
TRIP_02220,USR_227,Hyderabad,Hampi,Karnataka,South,Heritage & Archaeology,375,6.92,3,Train,2,Summer,Homestay,1666,5043,2858,2799,426,12792,4.3,Budget Traveler
TRIP_02221,USR_258,Jaipur,Mahabaleshwar,Maharashtra,West,Hill Station,998,18.26,3,Train,4,Winter,Budget Hotel,7553,11796,4402,2669,1459,27879,4.4,Budget Traveler
TRIP_02222,USR_176,Hyderabad,Jodhpur,Rajasthan,North,Heritage & Culture,1131,4.56,2,Flight,4,Summer,Mid-Range 3-Star,28572,15092,8881,5690,3949,62184,4.9,Luxury Vacationer
TRIP_02223,USR_295,Bengaluru,Agra,Uttar Pradesh,North,Heritage & Monument,1900,5.95,2,Flight,2,Autumn,Mid-Range 3-Star,20682,8098,4064,2591,3207,38642,4.8,Luxury Vacationer
TRIP_02224,USR_188,Bengaluru,Chikmagalur,Karnataka,South,Hill Station & Coffee,245,5.07,3,Car,2,Monsoon,Budget Hotel,5917,5031,3103,2481,1272,17804,4.4,Budget Traveler
TRIP_02225,USR_332,Kolkata,Gangtok,Sikkim,Northeast,Hill Station & Monastery,670,13.86,3,Car,1,Autumn,Homestay,13207,9219,1213,1375,1117,26131,4.9,Luxury Vacationer
TRIP_02226,USR_239,Pune,Pondicherry,Puducherry,South,Beach & French Heritage,1620,5.45,4,Flight,4,Monsoon,Mid-Range 3-Star,31637,20880,16986,3021,3171,75695,5.0,Family Explorer
TRIP_02227,USR_200,Delhi,Bandipur,Karnataka,South,Wildlife Safari,557,11.52,1,Car,6,Summer,Budget Hotel,11732,8490,3038,14960,1798,40018,5.0,Family Explorer
TRIP_02228,USR_267,Chandigarh,Ranthambore,Rajasthan,North,Wildlife Safari,1874,5.91,2,Flight,2,Monsoon,Mid-Range 3-Star,16740,9862,3729,5517,1271,37119,4.8,Luxury Vacationer
TRIP_02229,USR_292,Chandigarh,Havelock Island,Andaman & Nicobar,Islands,Beach & Scuba,810,3.97,4,Flight,1,Winter,Luxury Resort,6433,53728,6503,1607,3038,71309,4.3,Luxury Vacationer
TRIP_02230,USR_203,Jaipur,Goa,Goa,West,Beach & Nightlife,586,15.37,4,Bus,3,Summer,Homestay,3981,28248,7563,3629,1916,45337,5.0,Budget Traveler
TRIP_02231,USR_223,Delhi,Pachmarhi,Madhya Pradesh,Central,Hill Station & Waterfalls,1051,4.41,1,Flight,2,Winter,Homestay,14589,2192,1087,3288,815,21971,5.0,Luxury Vacationer
TRIP_02232,USR_258,Jaipur,Tawang,Arunachal Pradesh,Northeast,Himalayan & Monastery,920,16.45,3,Train,4,Winter,Homestay,5793,14886,5325,2592,1889,30485,4.9,Budget Traveler
TRIP_02233,USR_267,Kolkata,Alleppey,Kerala,South,Backwaters & Houseboat,999,17.59,1,Train,1,Summer,Mid-Range 3-Star,2234,3627,715,797,593,7966,4.9,Luxury Vacationer
TRIP_02234,USR_195,Chennai,Pushkar,Rajasthan,North,Cultural & Desert,1680,29.16,3,Train,3,Monsoon,Mid-Range 3-Star,10752,13440,6831,2432,1362,34817,4.8,Family Explorer
TRIP_02235,USR_187,Pune,Leh-Ladakh,Ladakh,North,Adventure & Mountain,466,8.42,4,Train,4,Monsoon,Luxury Resort,3878,58640,34304,3441,4099,104362,5.0,Luxury Vacationer
TRIP_02236,USR_180,Mumbai,Wayanad,Kerala,South,Nature & Wildlife,1115,4.53,3,Flight,2,Winter,Budget Hotel,15545,6156,2793,2987,2125,29606,4.0,Frequent Nomad
TRIP_02237,USR_107,Delhi,Amritsar,Punjab,North,Spiritual & Heritage,450,9.31,3,Car,6,Autumn,Mid-Range 3-Star,9396,30123,21510,8689,3326,73044,5.0,Family Explorer
TRIP_02238,USR_198,Pune,Ranthambore,Rajasthan,North,Wildlife Safari,1644,5.49,3,Flight,2,Autumn,Homestay,19377,13719,2520,3352,1958,40926,4.5,Frequent Nomad
TRIP_02239,USR_314,Bengaluru,Kovalam,Kerala,South,Beach & Wellness,1559,5.33,2,Flight,2,Summer,Budget Hotel,17016,4196,2340,1389,1833,26774,4.9,Frequent Nomad
TRIP_02240,USR_139,Kolkata,Ooty,Tamil Nadu,South,Hill Station,1225,21.93,4,Train,1,Autumn,Homestay,1830,8972,2367,1147,708,15024,4.4,Budget Traveler
TRIP_02241,USR_161,Kolkata,Gokarna,Karnataka,South,Beach & Spiritual,1417,5.08,5,Flight,2,Monsoon,Budget Hotel,14401,6235,4643,1210,1067,27556,4.8,Budget Traveler
TRIP_02242,USR_212,Hyderabad,Alleppey,Kerala,South,Backwaters & Houseboat,809,16.73,2,Car,1,Monsoon,Homestay,15490,5050,1266,895,1460,24161,4.8,Luxury Vacationer
TRIP_02243,USR_153,Hyderabad,Munnar,Kerala,South,Hill Station,1632,5.47,2,Flight,2,Monsoon,Homestay,15956,4588,2160,3257,2255,28216,5.0,Frequent Nomad
TRIP_02244,USR_256,Kolkata,Srinagar,Jammu & Kashmir,North,Lakes & Paradise Valley,1743,29.92,3,Train,2,Winter,Luxury Resort,6381,31821,15313,1387,4070,58972,4.6,Luxury Vacationer
TRIP_02245,USR_315,Kochi,Varkala,Kerala,South,Beach & Cliff,160,3.31,3,Car,1,Monsoon,Budget Hotel,4194,3582,1231,1010,678,10695,5.0,Budget Traveler
TRIP_02246,USR_171,Mumbai,Tirupati,Andhra Pradesh,South,Spiritual & Pilgrimage,1491,30.84,2,Car,1,Autumn,Homestay,32270,4202,1066,752,3670,41960,4.6,Luxury Vacationer
TRIP_02247,USR_211,Kochi,Bodh Gaya,Bihar,East,Spiritual & Buddhist Heritage,1553,32.12,2,Car,4,Monsoon,Luxury Resort,31628,10980,19392,5386,5703,73089,4.9,Luxury Vacationer
TRIP_02248,USR_211,Chandigarh,Coorg,Karnataka,South,Nature & Coffee,624,12.91,4,Car,4,Monsoon,Luxury Resort,13165,57536,26525,5735,9437,112398,4.6,Luxury Vacationer
TRIP_02249,USR_339,Kochi,Shimla,Himachal Pradesh,North,Hill Station,1139,4.57,2,Flight,3,Autumn,Luxury Resort,22159,34912,13640,2419,5131,78261,5.0,Luxury Vacationer
TRIP_02250,USR_230,Pune,Munnar,Kerala,South,Hill Station,1855,38.36,3,Car,1,Winter,Luxury Resort,35112,23526,6803,831,3432,69704,4.4,Luxury Vacationer
TRIP_02251,USR_348,Hyderabad,Spiti Valley,Himachal Pradesh,North,Adventure & Mountain,1760,5.7,6,Flight,3,Autumn,Mid-Range 3-Star,31991,36552,20937,4619,7045,101144,4.7,Family Explorer
TRIP_02252,USR_301,Pune,Mount Abu,Rajasthan,North,Hill Station & Temple,880,4.1,3,Flight,2,Summer,Luxury Resort,10469,16608,14338,1489,2098,45002,4.6,Luxury Vacationer
TRIP_02253,USR_244,Pune,Goa,Goa,West,Beach & Nightlife,440,11.54,4,Bus,2,Autumn,Homestay,2354,16628,3098,3602,1320,27002,5.0,Budget Traveler
TRIP_02254,USR_321,Delhi,Kaziranga,Assam,Northeast,Wildlife Safari,1112,4.52,3,Flight,2,Autumn,Luxury Resort,15354,34323,14696,4433,2850,71656,4.8,Luxury Vacationer
TRIP_02255,USR_206,Delhi,Jodhpur,Rajasthan,North,Heritage & Culture,590,15.47,1,Bus,2,Monsoon,Homestay,2602,2215,1035,2171,347,8370,4.4,Frequent Nomad
TRIP_02256,USR_190,Delhi,Munnar,Kerala,South,Hill Station,1924,6.0,5,Flight,4,Winter,Budget Hotel,44803,23190,7847,4105,4550,84495,5.0,Family Explorer
TRIP_02257,USR_348,Chandigarh,Diu,Daman and Diu,West,Beach & Portuguese Fort,876,16.24,1,Train,2,Winter,Mid-Range 3-Star,3771,3083,2108,1993,766,11721,4.1,Frequent Nomad
TRIP_02258,USR_113,Delhi,Mysore,Karnataka,South,Heritage & Palaces,1120,19.39,1,Train,2,Autumn,Homestay,3422,2266,882,2507,364,9441,4.6,Frequent Nomad
TRIP_02259,USR_231,Chandigarh,Mysore,Karnataka,South,Heritage & Palaces,1921,50.37,2,Bus,2,Summer,Homestay,6411,3006,2555,1852,967,14791,5.0,Budget Traveler
TRIP_02260,USR_123,Kochi,Pachmarhi,Madhya Pradesh,Central,Hill Station & Waterfalls,547,10.94,3,Train,4,Autumn,Budget Hotel,3819,12192,7318,6130,1175,30634,5.0,Budget Traveler
TRIP_02261,USR_206,Mumbai,Mysore,Karnataka,South,Heritage & Palaces,951,17.02,2,Train,2,Autumn,Mid-Range 3-Star,3454,6588,4603,3240,1014,18899,5.0,Frequent Nomad
TRIP_02262,USR_227,Kolkata,Gangtok,Sikkim,Northeast,Hill Station & Monastery,670,17.57,4,Bus,4,Monsoon,Mid-Range 3-Star,6387,24016,18727,5344,2372,56846,4.6,Family Explorer
TRIP_02263,USR_191,Delhi,Chikmagalur,Karnataka,South,Hill Station & Coffee,1391,5.03,4,Flight,2,Monsoon,Budget Hotel,14358,6988,3942,2209,1438,28935,4.9,Budget Traveler
TRIP_02264,USR_168,Mumbai,Munnar,Kerala,South,Hill Station,1433,25.08,2,Train,2,Autumn,Budget Hotel,4887,3930,1639,1700,713,12869,4.7,Budget Traveler
TRIP_02265,USR_154,Delhi,Coorg,Karnataka,South,Nature & Coffee,1723,30.4,3,Train,2,Winter,Budget Hotel,5296,7110,2160,1878,1217,17661,4.4,Budget Traveler
TRIP_02266,USR_139,Delhi,Rameshwaram,Tamil Nadu,South,Coastal & Spiritual,1044,4.4,2,Flight,1,Monsoon,Mid-Range 3-Star,6385,4020,2200,807,690,14102,4.6,Frequent Nomad
TRIP_02267,USR_345,Mumbai,Hampi,Karnataka,South,Heritage & Archaeology,740,3.85,3,Flight,2,Summer,Luxury Resort,9456,12516,13321,2810,3236,41339,4.4,Luxury Vacationer
TRIP_02268,USR_110,Kolkata,Jaisalmer,Rajasthan,North,Desert & Heritage,509,3.43,1,Flight,4,Winter,Budget Hotel,18129,3992,1769,6382,2137,32409,5.0,Luxury Vacationer
TRIP_02269,USR_120,Bengaluru,Havelock Island,Andaman & Nicobar,Islands,Beach & Scuba,1861,48.8,5,Bus,1,Autumn,Mid-Range 3-Star,3136,41175,3754,1368,4082,53515,5.0,Luxury Vacationer
TRIP_02270,USR_215,Kolkata,Varkala,Kerala,South,Beach & Cliff,1323,4.91,3,Flight,2,Winter,Mid-Range 3-Star,16442,11649,5475,2142,2647,38355,4.6,Frequent Nomad
TRIP_02271,USR_231,Kochi,Rann of Kutch,Gujarat,West,Desert & Culture,450,9.08,2,Train,4,Monsoon,Luxury Resort,3814,29988,18706,6710,4331,63549,4.5,Luxury Vacationer
TRIP_02272,USR_105,Hyderabad,Pachmarhi,Madhya Pradesh,Central,Hill Station & Waterfalls,722,13.14,3,Train,2,Monsoon,Mid-Range 3-Star,2867,6237,4403,2698,1100,17305,5.0,Frequent Nomad
TRIP_02273,USR_101,Mumbai,Madurai,Tamil Nadu,South,Heritage & Temple,1892,5.94,1,Flight,3,Summer,Luxury Resort,27194,8714,4262,2802,2189,45161,5.0,Luxury Vacationer
TRIP_02274,USR_237,Pune,Rishikesh,Uttarakhand,North,Spiritual & Adventure,768,20.14,2,Bus,2,Winter,Mid-Range 3-Star,2796,5294,4551,1862,739,15242,4.7,Frequent Nomad
TRIP_02275,USR_179,Kochi,Darjeeling,West Bengal,East,Hill Station & Tea,886,15.65,3,Train,2,Winter,Mid-Range 3-Star,3152,10008,6794,1144,1190,22288,4.4,Frequent Nomad
TRIP_02276,USR_168,Kolkata,Shimla,Himachal Pradesh,North,Hill Station,484,3.38,2,Flight,1,Summer,Homestay,4371,4934,835,552,962,11654,4.7,Frequent Nomad
TRIP_02277,USR_275,Pune,Mount Abu,Rajasthan,North,Hill Station & Temple,880,18.2,2,Car,2,Monsoon,Luxury Resort,15950,10014,6577,1999,1668,36208,5.0,Luxury Vacationer
TRIP_02278,USR_137,Hyderabad,Puri,Odisha,East,Coastal & Spiritual,1215,4.71,4,Flight,1,Summer,Mid-Range 3-Star,7517,11180,4344,394,1212,24647,5.0,Frequent Nomad
TRIP_02279,USR_260,Jaipur,Bandipur,Karnataka,South,Wildlife Safari,1551,5.32,1,Flight,5,Monsoon,Homestay,36504,8874,2653,9782,3707,61520,4.4,Luxury Vacationer
TRIP_02280,USR_308,Chandigarh,Jodhpur,Rajasthan,North,Heritage & Culture,1071,19.73,1,Train,2,Winter,Luxury Resort,4427,7513,4814,2341,1133,20228,3.9,Luxury Vacationer
TRIP_02281,USR_295,Chandigarh,Rishikesh,Uttarakhand,North,Spiritual & Adventure,210,5.51,3,Bus,1,Summer,Homestay,533,6015,1248,1625,354,9775,4.9,Budget Traveler
TRIP_02282,USR_329,Chennai,Tawang,Arunachal Pradesh,Northeast,Himalayan & Monastery,563,11.32,4,Train,4,Summer,Budget Hotel,5057,15712,6507,4588,2427,34291,4.0,Budget Traveler
TRIP_02283,USR_180,Mumbai,Shimla,Himachal Pradesh,North,Hill Station,1750,30.53,2,Train,2,Monsoon,Homestay,7168,4450,2408,1264,614,15904,4.3,Budget Traveler
TRIP_02284,USR_181,Mumbai,Srinagar,Jammu & Kashmir,North,Lakes & Paradise Valley,845,14.72,4,Train,1,Monsoon,Budget Hotel,1469,6580,1635,1471,594,11749,4.8,Budget Traveler
TRIP_02285,USR_151,Chennai,Goa,Goa,West,Beach & Nightlife,910,16.0,4,Train,3,Monsoon,Homestay,4481,17560,4236,2213,2173,30663,4.8,Budget Traveler
TRIP_02286,USR_329,Chennai,Spiti Valley,Himachal Pradesh,North,Adventure & Mountain,1284,4.83,7,Flight,2,Monsoon,Mid-Range 3-Star,12590,18865,12996,2721,2411,49583,4.5,Frequent Nomad
TRIP_02287,USR_305,Kolkata,Amritsar,Punjab,North,Spiritual & Heritage,1071,4.45,2,Flight,2,Winter,Homestay,13432,4496,1887,2771,1109,23695,5.0,Frequent Nomad
TRIP_02288,USR_140,Chennai,Mount Abu,Rajasthan,North,Hill Station & Temple,1078,4.46,2,Flight,2,Winter,Budget Hotel,15587,3164,2501,3211,1335,25798,5.0,Frequent Nomad
TRIP_02289,USR_258,Bengaluru,Munnar,Kerala,South,Hill Station,475,9.76,2,Train,2,Winter,Homestay,1653,4916,2360,2240,580,11749,4.9,Budget Traveler
TRIP_02290,USR_229,Mumbai,Agra,Uttar Pradesh,North,Heritage & Monument,1200,4.68,1,Flight,2,Winter,Luxury Resort,15811,6222,3209,4778,1870,31890,4.5,Luxury Vacationer
TRIP_02291,USR_198,Mumbai,Munnar,Kerala,South,Hill Station,1533,27.0,4,Train,2,Summer,Luxury Resort,6552,27080,12028,1730,2457,49847,4.7,Luxury Vacationer
TRIP_02292,USR_270,Hyderabad,Gangtok,Sikkim,Northeast,Hill Station & Monastery,715,13.24,4,Train,3,Summer,Luxury Resort,3412,40776,18899,3480,4277,70844,4.5,Luxury Vacationer
TRIP_02293,USR_317,Kolkata,Tirupati,Andhra Pradesh,South,Spiritual & Pilgrimage,1145,20.69,1,Train,4,Autumn,Mid-Range 3-Star,8389,5956,4678,2878,1097,22998,4.3,Family Explorer
TRIP_02294,USR_148,Chennai,Mahabaleshwar,Maharashtra,West,Hill Station,1836,32.16,3,Train,4,Winter,Homestay,15676,19086,5637,2294,2954,45647,4.1,Budget Traveler
TRIP_02295,USR_145,Mumbai,Shillong,Meghalaya,Northeast,Nature & Waterfalls,476,9.84,4,Car,4,Autumn,Mid-Range 3-Star,11295,34456,18836,6542,6327,77456,5.0,Family Explorer
TRIP_02296,USR_111,Chandigarh,Munnar,Kerala,South,Hill Station,976,17.72,1,Train,5,Winter,Mid-Range 3-Star,10835,12126,4148,7693,1619,36421,5.0,Family Explorer
TRIP_02297,USR_316,Hyderabad,Ranthambore,Rajasthan,North,Wildlife Safari,725,13.36,2,Train,3,Summer,Luxury Resort,4874,39892,11588,7023,4611,67988,4.7,Luxury Vacationer
TRIP_02298,USR_334,Chandigarh,Spiti Valley,Himachal Pradesh,North,Adventure & Mountain,936,4.2,6,Flight,2,Winter,Homestay,14363,14058,5700,3064,3091,40276,4.6,Budget Traveler
TRIP_02299,USR_106,Bengaluru,Shimla,Himachal Pradesh,North,Hill Station,1938,6.02,3,Flight,4,Summer,Luxury Resort,36873,29910,28762,5381,8995,109921,4.8,Luxury Vacationer
TRIP_02300,USR_121,Chandigarh,Spiti Valley,Himachal Pradesh,North,Adventure & Mountain,481,9.28,7,Train,3,Summer,Homestay,3168,26740,11950,3461,3677,48996,4.8,Budget Traveler
TRIP_02301,USR_296,Hyderabad,Tawang,Arunachal Pradesh,Northeast,Himalayan & Monastery,953,24.99,5,Bus,2,Summer,Mid-Range 3-Star,4269,16125,10767,2819,2613,36593,4.9,Frequent Nomad
TRIP_02302,USR_346,Hyderabad,Pondicherry,Puducherry,South,Beach & French Heritage,780,16.13,4,Car,2,Monsoon,Luxury Resort,15636,18080,12092,1906,3590,51304,4.9,Luxury Vacationer
TRIP_02303,USR_310,Chandigarh,Mahabaleshwar,Maharashtra,West,Hill Station,1942,6.03,4,Flight,4,Summer,Homestay,37478,19568,5637,6083,5362,74128,4.3,Family Explorer
TRIP_02304,USR_204,Jaipur,Rameshwaram,Tamil Nadu,South,Coastal & Spiritual,1297,4.86,2,Flight,1,Monsoon,Luxury Resort,6137,9058,4938,1096,1605,22834,5.0,Luxury Vacationer
TRIP_02305,USR_270,Mumbai,Varanasi,Uttar Pradesh,North,Spiritual & Heritage,1500,5.23,5,Flight,2,Summer,Budget Hotel,14965,6620,4155,1103,1704,28547,4.7,Budget Traveler
TRIP_02306,USR_231,Jaipur,Mahabaleshwar,Maharashtra,West,Hill Station,1324,34.72,2,Bus,2,Monsoon,Luxury Resort,5347,11078,7977,3083,1383,28868,4.2,Luxury Vacationer
TRIP_02307,USR_306,Jaipur,Pondicherry,Puducherry,South,Beach & French Heritage,1432,25.47,4,Train,1,Monsoon,Mid-Range 3-Star,2480,12552,3093,1117,813,20055,4.0,Frequent Nomad
TRIP_02308,USR_223,Hyderabad,Jim Corbett,Uttarakhand,North,Wildlife Safari,1850,5.86,4,Flight,1,Monsoon,Homestay,8443,12712,1986,1932,1309,26382,4.9,Frequent Nomad
TRIP_02309,USR_348,Bengaluru,Pachmarhi,Madhya Pradesh,Central,Hill Station & Waterfalls,1752,31.16,2,Train,2,Monsoon,Luxury Resort,7604,10170,6351,2758,2179,29062,4.6,Luxury Vacationer
TRIP_02310,USR_267,Bengaluru,Spiti Valley,Himachal Pradesh,North,Adventure & Mountain,1717,29.75,6,Train,3,Autumn,Mid-Range 3-Star,9473,39444,15800,4106,5612,74435,4.4,Family Explorer
TRIP_02311,USR_212,Kolkata,Jaipur,Rajasthan,North,Heritage & Culture,1500,5.23,4,Flight,2,Autumn,Luxury Resort,17824,33888,20179,3350,5315,80556,4.9,Luxury Vacationer
TRIP_02312,USR_153,Hyderabad,Rameshwaram,Tamil Nadu,South,Coastal & Spiritual,1482,25.29,2,Train,4,Summer,Budget Hotel,8736,5080,2890,2770,1144,20620,5.0,Budget Traveler
TRIP_02313,USR_264,Mumbai,Rishikesh,Uttarakhand,North,Spiritual & Adventure,1600,5.41,3,Flight,2,Monsoon,Homestay,14393,3864,3074,1756,1701,24788,3.9,Frequent Nomad
TRIP_02314,USR_143,Kochi,Mysore,Karnataka,South,Heritage & Palaces,1290,22.85,3,Train,2,Winter,Mid-Range 3-Star,5007,9093,7064,3316,2079,26559,4.9,Frequent Nomad
TRIP_02315,USR_171,Chennai,Gokarna,Karnataka,South,Beach & Spiritual,852,22.34,4,Bus,6,Monsoon,Budget Hotel,12798,10896,14667,3542,3363,45266,4.1,Budget Traveler
TRIP_02316,USR_235,Pune,Varkala,Kerala,South,Beach & Cliff,1445,25.98,3,Train,3,Winter,Mid-Range 3-Star,7278,19986,6370,1455,2138,37227,4.7,Family Explorer
TRIP_02317,USR_258,Pune,Gangtok,Sikkim,Northeast,Hill Station & Monastery,997,4.31,4,Flight,6,Autumn,Homestay,38070,32316,10795,9089,7399,97669,5.0,Family Explorer
TRIP_02318,USR_177,Chandigarh,Madurai,Tamil Nadu,South,Heritage & Temple,578,11.95,2,Car,2,Winter,Homestay,12533,4106,1933,2393,1637,22602,4.6,Frequent Nomad
TRIP_02319,USR_194,Chennai,Varanasi,Uttar Pradesh,North,Spiritual & Heritage,1850,48.51,3,Bus,2,Winter,Mid-Range 3-Star,8356,9816,6749,2175,1829,28925,4.3,Frequent Nomad
TRIP_02320,USR_321,Chennai,Haridwar,Uttarakhand,North,Spiritual & Heritage,1468,25.48,2,Train,2,Autumn,Mid-Range 3-Star,4059,5766,3117,1223,1249,15414,5.0,Frequent Nomad
TRIP_02321,USR_195,Pune,Srinagar,Jammu & Kashmir,North,Lakes & Paradise Valley,1763,5.71,4,Flight,4,Monsoon,Mid-Range 3-Star,29391,30024,15689,2173,5169,82446,4.9,Family Explorer
TRIP_02322,USR_188,Bengaluru,Rann of Kutch,Gujarat,West,Desert & Culture,1602,5.41,3,Flight,2,Winter,Budget Hotel,18555,8769,2223,2994,1711,34252,4.8,Frequent Nomad
TRIP_02323,USR_304,Kolkata,Havelock Island,Andaman & Nicobar,Islands,Beach & Scuba,788,13.94,5,Train,2,Monsoon,Budget Hotel,2582,12525,5124,2927,1106,24264,4.5,Budget Traveler
TRIP_02324,USR_300,Hyderabad,Rann of Kutch,Gujarat,West,Desert & Culture,1618,5.44,2,Flight,2,Autumn,Mid-Range 3-Star,18833,11384,3558,3346,2326,39447,5.0,Luxury Vacationer
TRIP_02325,USR_193,Hyderabad,Wayanad,Kerala,South,Nature & Wildlife,1935,33.72,2,Train,1,Monsoon,Homestay,3004,4004,1290,1029,577,9904,4.4,Frequent Nomad
TRIP_02326,USR_187,Pune,Madurai,Tamil Nadu,South,Heritage & Temple,807,15.04,4,Train,1,Summer,Mid-Range 3-Star,1741,10284,2907,1503,813,17248,5.0,Frequent Nomad
TRIP_02327,USR_322,Bengaluru,Jim Corbett,Uttarakhand,North,Wildlife Safari,881,18.22,2,Car,1,Monsoon,Luxury Resort,19478,15452,3063,2526,2573,43092,5.0,Luxury Vacationer
TRIP_02328,USR_320,Delhi,Bandipur,Karnataka,South,Wildlife Safari,1039,4.39,3,Flight,2,Monsoon,Homestay,12346,8787,3286,4210,1230,29859,3.5,Frequent Nomad
TRIP_02329,USR_342,Hyderabad,Jaisalmer,Rajasthan,North,Desert & Heritage,1474,5.18,3,Flight,2,Monsoon,Luxury Resort,13506,16791,10346,3101,2379,46123,4.4,Luxury Vacationer
TRIP_02330,USR_201,Jaipur,Mahabaleshwar,Maharashtra,West,Hill Station,1778,30.83,3,Train,2,Monsoon,Mid-Range 3-Star,7321,7776,5809,1928,858,23692,5.0,Frequent Nomad
TRIP_02331,USR_299,Chandigarh,Jim Corbett,Uttarakhand,North,Wildlife Safari,1445,5.13,4,Flight,2,Monsoon,Luxury Resort,14001,29468,17474,2897,5721,69561,5.0,Luxury Vacationer
TRIP_02332,USR_236,Kolkata,Kovalam,Kerala,South,Beach & Wellness,1761,46.18,3,Bus,3,Winter,Homestay,9657,17202,5152,4602,1860,38473,5.0,Family Explorer
TRIP_02333,USR_101,Kolkata,Munnar,Kerala,South,Hill Station,1402,24.24,2,Train,4,Winter,Luxury Resort,7814,33336,18203,5074,4939,69366,4.8,Luxury Vacationer
TRIP_02334,USR_307,Delhi,Alleppey,Kerala,South,Backwaters & Houseboat,704,18.46,3,Bus,1,Monsoon,Mid-Range 3-Star,1886,10662,2877,1559,962,17946,5.0,Frequent Nomad
TRIP_02335,USR_297,Pune,Kodaikanal,Tamil Nadu,South,Hill Station,701,3.77,2,Flight,1,Autumn,Budget Hotel,6033,3046,760,806,793,11438,5.0,Frequent Nomad
TRIP_02336,USR_269,Chennai,Mussoorie,Uttarakhand,North,Hill Station,664,13.73,2,Car,1,Autumn,Budget Hotel,13584,4746,861,1056,1574,21821,5.0,Luxury Vacationer
TRIP_02337,USR_146,Jaipur,Amritsar,Punjab,North,Spiritual & Heritage,1092,19.3,3,Train,3,Winter,Homestay,6734,11292,4711,3292,1960,27989,5.0,Budget Traveler
TRIP_02338,USR_337,Chandigarh,Ranthambore,Rajasthan,North,Wildlife Safari,1361,4.97,2,Flight,2,Autumn,Homestay,16107,7928,1914,4982,2087,33018,4.5,Luxury Vacationer
TRIP_02339,USR_192,Jaipur,Havelock Island,Andaman & Nicobar,Islands,Beach & Scuba,1284,22.63,6,Train,2,Winter,Luxury Resort,4615,67926,19887,3788,4975,101191,5.0,Luxury Vacationer
TRIP_02340,USR_189,Bengaluru,Mussoorie,Uttarakhand,North,Hill Station,847,14.73,3,Train,2,Winter,Homestay,3046,6828,3643,2374,1331,17222,4.4,Budget Traveler
TRIP_02341,USR_159,Pune,Varkala,Kerala,South,Beach & Cliff,1827,37.79,3,Car,4,Summer,Mid-Range 3-Star,38110,17940,11049,1500,5479,74078,5.0,Family Explorer
TRIP_02342,USR_234,Chennai,Hampi,Karnataka,South,Heritage & Archaeology,675,3.73,4,Flight,3,Winter,Budget Hotel,17229,12760,5021,3535,3172,41717,5.0,Budget Traveler
TRIP_02343,USR_244,Mumbai,Mysore,Karnataka,South,Heritage & Palaces,501,10.36,2,Car,2,Summer,Mid-Range 3-Star,11353,4624,4593,2496,1149,24215,4.5,Frequent Nomad
TRIP_02344,USR_300,Bengaluru,Agra,Uttar Pradesh,North,Heritage & Monument,1900,32.81,5,Train,6,Autumn,Budget Hotel,15875,22725,11655,11458,2238,63951,4.3,Budget Traveler
TRIP_02345,USR_261,Mumbai,Amritsar,Punjab,North,Spiritual & Heritage,775,13.54,2,Train,2,Autumn,Budget Hotel,3261,3402,2055,952,522,10192,4.9,Budget Traveler
TRIP_02346,USR_259,Kolkata,Varkala,Kerala,South,Beach & Cliff,1102,4.5,1,Flight,3,Autumn,Mid-Range 3-Star,21167,7528,3472,1551,2611,36329,4.5,Luxury Vacationer
TRIP_02347,USR_182,Kolkata,Alleppey,Kerala,South,Backwaters & Houseboat,606,15.89,4,Bus,4,Winter,Budget Hotel,5935,22232,8795,5400,1667,44029,5.0,Budget Traveler
TRIP_02348,USR_198,Kochi,Hampi,Karnataka,South,Heritage & Archaeology,1496,30.94,2,Car,2,Winter,Mid-Range 3-Star,27760,4790,4086,2207,2442,41285,4.6,Luxury Vacationer
TRIP_02349,USR_344,Pune,Puri,Odisha,East,Coastal & Spiritual,1066,4.44,2,Flight,5,Winter,Mid-Range 3-Star,38520,19902,8300,2494,6456,75672,4.4,Luxury Vacationer
TRIP_02350,USR_167,Jaipur,Darjeeling,West Bengal,East,Hill Station & Tea,856,15.25,4,Train,4,Summer,Budget Hotel,5051,14616,7725,6444,1114,34950,4.8,Budget Traveler
TRIP_02351,USR_101,Jaipur,Srinagar,Jammu & Kashmir,North,Lakes & Paradise Valley,1258,32.99,4,Bus,4,Monsoon,Luxury Resort,8557,62456,33401,5369,7203,116986,4.4,Luxury Vacationer
TRIP_02352,USR_128,Jaipur,Darjeeling,West Bengal,East,Hill Station & Tea,1402,24.08,3,Train,2,Autumn,Mid-Range 3-Star,4727,9405,5648,2669,1011,23460,4.5,Frequent Nomad
TRIP_02353,USR_125,Kochi,Agra,Uttar Pradesh,North,Heritage & Monument,535,10.24,3,Train,2,Monsoon,Luxury Resort,2216,14493,9141,3563,1103,30516,4.9,Luxury Vacationer
TRIP_02354,USR_327,Mumbai,Mysore,Karnataka,South,Heritage & Palaces,1059,4.43,2,Flight,3,Monsoon,Luxury Resort,17297,14940,10549,1990,1806,46582,5.0,Luxury Vacationer
TRIP_02355,USR_284,Delhi,Havelock Island,Andaman & Nicobar,Islands,Beach & Scuba,1846,31.85,6,Train,2,Winter,Mid-Range 3-Star,6621,46674,14191,3233,5311,76030,5.0,Frequent Nomad
TRIP_02356,USR_159,Kolkata,Udaipur,Rajasthan,North,Heritage & Romance,1138,20.52,3,Train,2,Winter,Luxury Resort,3283,38265,8897,4235,2319,56999,4.8,Luxury Vacationer
TRIP_02357,USR_202,Jaipur,Agra,Uttar Pradesh,North,Heritage & Monument,240,4.96,1,Car,4,Autumn,Luxury Resort,4876,15934,10211,6288,1704,39013,5.0,Luxury Vacationer
TRIP_02358,USR_331,Pune,Tawang,Arunachal Pradesh,Northeast,Himalayan & Monastery,733,14.15,6,Train,4,Monsoon,Luxury Resort,4489,75600,36856,6403,4853,128201,4.8,Luxury Vacationer
TRIP_02359,USR_282,Jaipur,Jaisalmer,Rajasthan,North,Desert & Heritage,560,11.58,3,Car,1,Monsoon,Mid-Range 3-Star,11495,9915,3005,1752,1775,27942,5.0,Luxury Vacationer
TRIP_02360,USR_294,Jaipur,Wayanad,Kerala,South,Nature & Wildlife,843,14.56,4,Train,5,Winter,Mid-Range 3-Star,9166,47184,17262,3932,7000,84544,3.7,Family Explorer
TRIP_02361,USR_197,Chandigarh,Gokarna,Karnataka,South,Beach & Spiritual,1863,31.73,2,Train,3,Monsoon,Homestay,8687,6128,3733,1441,1346,21335,4.5,Budget Traveler
TRIP_02362,USR_149,Bengaluru,Madurai,Tamil Nadu,South,Heritage & Temple,435,11.41,1,Bus,2,Monsoon,Mid-Range 3-Star,2202,2019,2106,776,336,7439,4.9,Frequent Nomad
TRIP_02363,USR_307,Chandigarh,Jaisalmer,Rajasthan,North,Desert & Heritage,654,13.53,2,Car,2,Autumn,Luxury Resort,13005,14458,5756,2331,1442,36992,4.9,Luxury Vacationer
TRIP_02364,USR_247,Kolkata,Goa,Goa,West,Beach & Nightlife,2150,6.41,3,Flight,2,Summer,Mid-Range 3-Star,20926,15354,4214,1997,2933,45424,4.6,Luxury Vacationer
TRIP_02365,USR_160,Jaipur,Bodh Gaya,Bihar,East,Spiritual & Buddhist Heritage,1106,22.87,2,Car,4,Summer,Homestay,21942,5696,4137,3137,2157,37069,5.0,Family Explorer
TRIP_02366,USR_271,Pune,Coorg,Karnataka,South,Nature & Coffee,469,9.7,4,Car,2,Autumn,Mid-Range 3-Star,10926,16440,8971,2997,2445,41779,4.6,Frequent Nomad
TRIP_02367,USR_263,Delhi,Manali,Himachal Pradesh,North,Hill Station & Adventure,530,10.96,2,Car,4,Autumn,Homestay,10247,8800,4698,6366,1592,31703,4.5,Budget Traveler
TRIP_02368,USR_334,Kochi,Shillong,Meghalaya,Northeast,Nature & Waterfalls,1146,20.77,3,Train,1,Winter,Mid-Range 3-Star,2450,11772,3388,1329,1743,20682,5.0,Frequent Nomad
TRIP_02369,USR_286,Delhi,Jaipur,Rajasthan,North,Heritage & Culture,280,7.34,3,Bus,1,Winter,Mid-Range 3-Star,835,12675,3367,859,1276,19012,4.8,Frequent Nomad
TRIP_02370,USR_318,Chandigarh,Khajuraho,Madhya Pradesh,Central,Heritage & Art,1637,5.48,1,Flight,2,Monsoon,Luxury Resort,14221,3856,3058,3259,1444,25838,5.0,Luxury Vacationer
TRIP_02371,USR_179,Kochi,Khajuraho,Madhya Pradesh,Central,Heritage & Art,1043,18.51,2,Train,2,Monsoon,Luxury Resort,3864,6784,7788,2439,969,21844,4.4,Luxury Vacationer
TRIP_02372,USR_230,Hyderabad,Leh-Ladakh,Ladakh,North,Adventure & Mountain,1843,5.85,4,Flight,2,Winter,Homestay,21142,16092,3418,3084,2477,46213,5.0,Frequent Nomad
TRIP_02373,USR_207,Chennai,Ranthambore,Rajasthan,North,Wildlife Safari,1226,4.73,2,Flight,2,Summer,Luxury Resort,14028,15944,10071,4785,3102,47930,4.5,Luxury Vacationer
TRIP_02374,USR_321,Kochi,Chikmagalur,Karnataka,South,Hill Station & Coffee,1384,28.62,2,Car,2,Autumn,Mid-Range 3-Star,28441,8172,3930,1304,2163,44010,4.9,Luxury Vacationer
TRIP_02375,USR_220,Chandigarh,Rishikesh,Uttarakhand,North,Spiritual & Adventure,210,4.1,2,Train,4,Autumn,Budget Hotel,1938,5312,3372,2438,805,13865,5.0,Budget Traveler
TRIP_02376,USR_145,Mumbai,Rann of Kutch,Gujarat,West,Desert & Culture,850,15.28,3,Train,2,Winter,Homestay,2590,10884,2446,2145,1389,19454,4.4,Budget Traveler
TRIP_02377,USR_156,Chandigarh,Bodh Gaya,Bihar,East,Spiritual & Buddhist Heritage,920,16.25,3,Train,4,Monsoon,Budget Hotel,7713,6198,7402,5769,1335,28417,5.0,Budget Traveler
TRIP_02378,USR_350,Kolkata,Pachmarhi,Madhya Pradesh,Central,Hill Station & Waterfalls,914,16.33,3,Train,2,Winter,Mid-Range 3-Star,2807,10974,5512,1839,934,22066,5.0,Frequent Nomad
TRIP_02379,USR_179,Bengaluru,Udaipur,Rajasthan,North,Heritage & Romance,1485,25.61,3,Train,1,Monsoon,Budget Hotel,2443,5589,1896,2053,728,12709,4.6,Frequent Nomad
TRIP_02380,USR_174,Jaipur,Srinagar,Jammu & Kashmir,North,Lakes & Paradise Valley,1147,19.78,6,Train,2,Summer,Budget Hotel,3800,11430,7667,2341,924,26162,4.3,Budget Traveler
TRIP_02381,USR_164,Kochi,Mount Abu,Rajasthan,North,Hill Station & Temple,1069,4.44,2,Flight,4,Summer,Mid-Range 3-Star,23509,11792,7828,3826,3096,50051,4.4,Family Explorer
TRIP_02382,USR_346,Kochi,Kaziranga,Assam,Northeast,Wildlife Safari,1262,22.55,5,Train,3,Winter,Budget Hotel,7003,24990,5835,5871,3594,47293,5.0,Budget Traveler
TRIP_02383,USR_109,Bengaluru,Spiti Valley,Himachal Pradesh,North,Adventure & Mountain,1918,33.31,7,Train,3,Monsoon,Luxury Resort,12281,80976,48947,3441,9715,155360,4.6,Luxury Vacationer
TRIP_02384,USR_235,Kochi,Varanasi,Uttar Pradesh,North,Spiritual & Heritage,1513,26.02,3,Train,4,Autumn,Budget Hotel,8720,7926,5314,3161,1637,26758,4.5,Budget Traveler
TRIP_02385,USR_129,Kochi,Rann of Kutch,Gujarat,West,Desert & Culture,1632,5.47,4,Flight,2,Autumn,Mid-Range 3-Star,18933,21712,6537,2756,3321,53259,5.0,Frequent Nomad
TRIP_02386,USR_221,Chennai,Munnar,Kerala,South,Hill Station,590,10.45,6,Train,2,Monsoon,Budget Hotel,2233,7926,5418,3189,760,19526,4.5,Budget Traveler
TRIP_02387,USR_141,Chennai,Manali,Himachal Pradesh,North,Hill Station & Adventure,2600,44.37,3,Train,3,Autumn,Mid-Range 3-Star,10279,26598,7539,2443,4081,50940,4.6,Family Explorer
TRIP_02388,USR_118,Chennai,Leh-Ladakh,Ladakh,North,Adventure & Mountain,1281,22.05,6,Train,1,Autumn,Luxury Resort,2540,61158,14015,1246,6281,85240,4.6,Luxury Vacationer
TRIP_02389,USR_215,Kolkata,Leh-Ladakh,Ladakh,North,Adventure & Mountain,799,20.95,5,Bus,2,Winter,Homestay,3369,22055,4943,2837,2553,35757,5.0,Budget Traveler
TRIP_02390,USR_339,Delhi,Hampi,Karnataka,South,Heritage & Archaeology,477,3.37,3,Flight,4,Monsoon,Luxury Resort,15218,18504,24797,5105,2377,66001,4.9,Luxury Vacationer
TRIP_02391,USR_113,Bengaluru,Shillong,Meghalaya,Northeast,Nature & Waterfalls,1137,20.92,3,Train,1,Autumn,Homestay,1925,7098,1117,1149,709,11998,5.0,Budget Traveler
TRIP_02392,USR_126,Chandigarh,Kovalam,Kerala,South,Beach & Wellness,1392,5.03,3,Flight,2,Winter,Budget Hotel,17626,6402,3117,3094,2674,32913,4.7,Frequent Nomad
TRIP_02393,USR_272,Mumbai,Munnar,Kerala,South,Hill Station,1714,29.59,1,Train,2,Summer,Homestay,7031,1957,792,2072,531,12383,4.3,Frequent Nomad
TRIP_02394,USR_281,Mumbai,Madurai,Tamil Nadu,South,Heritage & Temple,1371,4.99,3,Flight,1,Winter,Mid-Range 3-Star,8879,8724,3230,981,1575,23389,4.6,Luxury Vacationer
TRIP_02395,USR_127,Hyderabad,Kaziranga,Assam,Northeast,Wildlife Safari,1743,36.05,2,Car,5,Monsoon,Mid-Range 3-Star,31275,25356,11010,6921,5146,79708,4.2,Luxury Vacationer
TRIP_02396,USR_350,Chennai,Jaisalmer,Rajasthan,North,Desert & Heritage,1134,4.56,4,Flight,3,Autumn,Mid-Range 3-Star,20986,39520,13150,2439,5426,81521,5.0,Family Explorer
TRIP_02397,USR_220,Delhi,Bodh Gaya,Bihar,East,Spiritual & Buddhist Heritage,1293,22.63,3,Train,4,Summer,Mid-Range 3-Star,9213,13326,11672,2053,2709,38973,5.0,Family Explorer
TRIP_02398,USR_344,Kochi,Tawang,Arunachal Pradesh,Northeast,Himalayan & Monastery,1370,4.99,5,Flight,4,Summer,Luxury Resort,29793,71600,32124,3476,10430,147423,4.3,Luxury Vacationer
TRIP_02399,USR_151,Hyderabad,Wayanad,Kerala,South,Nature & Wildlife,1725,30.03,3,Train,1,Autumn,Homestay,3566,8379,1375,1501,1134,15955,5.0,Frequent Nomad
TRIP_02400,USR_318,Kolkata,Pondicherry,Puducherry,South,Beach & French Heritage,1511,31.25,3,Car,5,Winter,Homestay,30726,25218,6268,5862,4880,72954,5.0,Family Explorer
TRIP_02401,USR_133,Kolkata,Srinagar,Jammu & Kashmir,North,Lakes & Paradise Valley,1640,29.27,3,Train,1,Autumn,Budget Hotel,2955,8130,1058,1248,837,14228,4.5,Frequent Nomad
TRIP_02402,USR_223,Pune,Udaipur,Rajasthan,North,Heritage & Romance,860,16.15,4,Train,6,Monsoon,Luxury Resort,10710,95160,53583,8057,12060,179570,4.9,Luxury Vacationer
TRIP_02403,USR_337,Chennai,Pondicherry,Puducherry,South,Beach & French Heritage,150,4.17,3,Train,2,Autumn,Homestay,865,6843,3392,2704,1093,14897,5.0,Budget Traveler
TRIP_02404,USR_334,Bengaluru,Haridwar,Uttarakhand,North,Spiritual & Heritage,1130,4.55,3,Flight,2,Summer,Luxury Resort,14376,11997,9218,2567,2269,40427,4.7,Luxury Vacationer
TRIP_02405,USR_334,Bengaluru,Shillong,Meghalaya,Northeast,Nature & Waterfalls,1456,5.15,2,Flight,1,Monsoon,Luxury Resort,7377,10784,4909,1121,1097,25288,4.7,Luxury Vacationer
TRIP_02406,USR_257,Delhi,Gokarna,Karnataka,South,Beach & Spiritual,1125,4.55,3,Flight,4,Monsoon,Luxury Resort,22572,27228,25083,5203,7321,87407,3.8,Luxury Vacationer
TRIP_02407,USR_266,Hyderabad,Spiti Valley,Himachal Pradesh,North,Adventure & Mountain,1304,4.87,6,Flight,1,Autumn,Luxury Resort,8533,46542,8993,1488,2639,68195,5.0,Luxury Vacationer
TRIP_02408,USR_144,Mumbai,Ranthambore,Rajasthan,North,Wildlife Safari,1020,4.35,3,Flight,2,Summer,Mid-Range 3-Star,13210,15303,5408,3749,1648,39318,4.3,Frequent Nomad
TRIP_02409,USR_245,Chennai,Madurai,Tamil Nadu,South,Heritage & Temple,460,9.51,1,Car,6,Winter,Budget Hotel,9792,4248,3656,4440,1187,23323,5.0,Budget Traveler
TRIP_02410,USR_226,Delhi,Rameshwaram,Tamil Nadu,South,Coastal & Spiritual,1895,39.19,1,Car,3,Monsoon,Mid-Range 3-Star,39841,4044,2526,1349,3580,51340,5.0,Luxury Vacationer
TRIP_02411,USR_254,Mumbai,Tawang,Arunachal Pradesh,Northeast,Himalayan & Monastery,1894,5.94,7,Flight,2,Winter,Luxury Resort,20982,53725,34099,1622,5634,116062,3.9,Luxury Vacationer
TRIP_02412,USR_345,Delhi,Haridwar,Uttarakhand,North,Spiritual & Heritage,220,4.55,1,Car,5,Autumn,Budget Hotel,5013,4002,2757,6247,957,18976,4.5,Budget Traveler
TRIP_02413,USR_145,Jaipur,Srinagar,Jammu & Kashmir,North,Lakes & Paradise Valley,1592,27.53,6,Train,3,Summer,Homestay,9611,30192,9059,2487,4693,56042,4.9,Budget Traveler
TRIP_02414,USR_160,Kolkata,Mahabaleshwar,Maharashtra,West,Hill Station,959,19.83,3,Car,2,Summer,Budget Hotel,18364,4668,3621,2665,2558,31876,4.9,Frequent Nomad
TRIP_02415,USR_106,Chandigarh,Kaziranga,Assam,Northeast,Wildlife Safari,1216,4.71,3,Flight,1,Summer,Luxury Resort,6646,21945,5448,1130,1459,36628,4.5,Luxury Vacationer
TRIP_02416,USR_164,Mumbai,Amritsar,Punjab,North,Spiritual & Heritage,646,12.0,3,Train,3,Winter,Budget Hotel,3397,9414,4592,3794,1694,22891,5.0,Budget Traveler
TRIP_02417,USR_169,Chennai,Leh-Ladakh,Ladakh,North,Adventure & Mountain,761,14.53,2,Train,2,Summer,Mid-Range 3-Star,2665,11080,2942,2109,1481,20277,4.6,Frequent Nomad
TRIP_02418,USR_320,Bengaluru,Udaipur,Rajasthan,North,Heritage & Romance,1106,4.51,3,Flight,2,Summer,Budget Hotel,13791,9192,2235,2335,2487,30040,4.7,Frequent Nomad
TRIP_02419,USR_350,Hyderabad,Munnar,Kerala,South,Hill Station,1165,4.62,3,Flight,1,Summer,Mid-Range 3-Star,6482,10695,3243,1320,1393,23133,4.3,Luxury Vacationer
TRIP_02420,USR_186,Kochi,Mussoorie,Uttarakhand,North,Hill Station,1093,4.49,4,Flight,2,Monsoon,Luxury Resort,12849,25868,14966,1456,3805,58944,5.0,Luxury Vacationer
TRIP_02421,USR_267,Mumbai,Leh-Ladakh,Ladakh,North,Adventure & Mountain,1288,21.99,4,Train,1,Summer,Luxury Resort,2171,30748,9657,1437,3073,47086,5.0,Luxury Vacationer
TRIP_02422,USR_194,Pune,Darjeeling,West Bengal,East,Hill Station & Tea,1097,4.49,4,Flight,2,Summer,Budget Hotel,11880,7248,3845,966,1130,25069,4.7,Budget Traveler
TRIP_02423,USR_181,Chandigarh,Tirupati,Andhra Pradesh,South,Spiritual & Pilgrimage,1800,5.77,3,Flight,2,Autumn,Mid-Range 3-Star,20328,8571,5536,1334,2794,38563,4.6,Frequent Nomad
TRIP_02424,USR_278,Pune,Munnar,Kerala,South,Hill Station,1484,26.35,5,Train,1,Winter,Budget Hotel,2035,9060,2176,1499,1207,15977,5.0,Budget Traveler
TRIP_02425,USR_288,Delhi,Havelock Island,Andaman & Nicobar,Islands,Beach & Scuba,754,15.59,5,Car,2,Autumn,Budget Hotel,15364,18400,6421,1509,3869,45563,4.4,Frequent Nomad
TRIP_02426,USR_243,Jaipur,Jaipur,Rajasthan,North,Heritage & Culture,1284,26.56,4,Car,5,Autumn,Mid-Range 3-Star,27649,45588,18204,11245,7101,109787,4.5,Family Explorer
TRIP_02427,USR_270,Chandigarh,Mysore,Karnataka,South,Heritage & Palaces,1134,20.54,4,Train,1,Autumn,Homestay,1690,8008,1441,727,771,12637,4.3,Budget Traveler
TRIP_02428,USR_311,Chennai,Tawang,Arunachal Pradesh,Northeast,Himalayan & Monastery,1757,5.69,5,Flight,4,Winter,Mid-Range 3-Star,40952,40570,18581,3168,6803,110074,4.0,Family Explorer
TRIP_02429,USR_158,Chennai,Kaziranga,Assam,Northeast,Wildlife Safari,904,16.72,3,Train,2,Winter,Luxury Resort,3316,37152,12708,3910,2456,59542,4.3,Luxury Vacationer
TRIP_02430,USR_166,Hyderabad,Alleppey,Kerala,South,Backwaters & Houseboat,1694,5.58,3,Flight,1,Summer,Luxury Resort,8124,22974,5595,481,2424,39598,4.6,Luxury Vacationer
TRIP_02431,USR_235,Jaipur,Tawang,Arunachal Pradesh,Northeast,Himalayan & Monastery,1305,22.81,5,Train,3,Autumn,Mid-Range 3-Star,8295,44810,11130,2888,3922,71045,5.0,Family Explorer
TRIP_02432,USR_256,Hyderabad,Varkala,Kerala,South,Beach & Cliff,874,4.09,5,Flight,4,Monsoon,Homestay,19229,19790,7292,3306,3487,53104,4.1,Budget Traveler
TRIP_02433,USR_138,Chennai,Tawang,Arunachal Pradesh,Northeast,Himalayan & Monastery,516,9.62,5,Train,3,Summer,Mid-Range 3-Star,3364,33600,12104,4079,3382,56529,5.0,Family Explorer
TRIP_02434,USR_162,Chennai,Haridwar,Uttarakhand,North,Spiritual & Heritage,859,17.77,2,Car,2,Winter,Luxury Resort,17182,10800,9357,858,2127,40324,4.9,Luxury Vacationer
TRIP_02435,USR_224,Mumbai,Ooty,Tamil Nadu,South,Hill Station,661,11.91,3,Train,3,Summer,Budget Hotel,3498,8028,5358,1437,733,19054,5.0,Budget Traveler
TRIP_02436,USR_188,Kolkata,Bodh Gaya,Bihar,East,Spiritual & Buddhist Heritage,480,12.59,2,Bus,2,Winter,Budget Hotel,2346,2800,2060,2631,461,10298,4.9,Budget Traveler
TRIP_02437,USR_218,Delhi,Jodhpur,Rajasthan,North,Heritage & Culture,590,12.2,1,Car,3,Autumn,Homestay,10624,5366,1231,3886,1232,22339,4.7,Family Explorer
TRIP_02438,USR_298,Chennai,Munnar,Kerala,South,Hill Station,590,11.2,4,Train,2,Winter,Mid-Range 3-Star,1883,15024,6828,3687,1649,29071,4.8,Frequent Nomad
TRIP_02439,USR_350,Kolkata,Shimla,Himachal Pradesh,North,Hill Station,1346,4.95,5,Flight,2,Autumn,Mid-Range 3-Star,16498,23185,8937,2145,2512,53277,4.5,Frequent Nomad
TRIP_02440,USR_126,Jaipur,Havelock Island,Andaman & Nicobar,Islands,Beach & Scuba,1223,4.72,5,Flight,2,Summer,Homestay,13846,18815,4481,1252,1769,40163,5.0,Frequent Nomad
TRIP_02441,USR_110,Mumbai,Pondicherry,Puducherry,South,Beach & French Heritage,1037,18.34,3,Train,6,Winter,Luxury Resort,13115,67176,45794,2673,7834,136592,5.0,Luxury Vacationer
TRIP_02442,USR_245,Chennai,Shillong,Meghalaya,Northeast,Nature & Waterfalls,659,12.64,4,Train,3,Summer,Budget Hotel,3556,12416,5752,4403,1976,28103,4.2,Budget Traveler
TRIP_02443,USR_156,Chandigarh,Udaipur,Rajasthan,North,Heritage & Romance,1449,5.13,5,Flight,1,Monsoon,Mid-Range 3-Star,7147,21830,4959,1318,1526,36780,4.6,Frequent Nomad
TRIP_02444,USR_136,Kochi,Varkala,Kerala,South,Beach & Cliff,160,4.2,2,Bus,5,Monsoon,Mid-Range 3-Star,2311,14364,7723,3057,1788,29243,5.0,Family Explorer
TRIP_02445,USR_165,Jaipur,Kaziranga,Assam,Northeast,Wildlife Safari,1254,4.78,5,Flight,4,Summer,Budget Hotel,28171,20950,9772,4300,5687,68880,5.0,Budget Traveler
TRIP_02446,USR_315,Bengaluru,Kaziranga,Assam,Northeast,Wildlife Safari,514,3.43,4,Flight,4,Summer,Luxury Resort,18626,74296,37993,9742,9983,150640,4.5,Luxury Vacationer
TRIP_02447,USR_164,Chandigarh,Mount Abu,Rajasthan,North,Hill Station & Temple,463,9.58,1,Car,2,Autumn,Budget Hotel,9246,1583,755,2810,549,14943,4.3,Frequent Nomad
TRIP_02448,USR_127,Chandigarh,Spiti Valley,Himachal Pradesh,North,Adventure & Mountain,706,14.6,7,Car,1,Monsoon,Luxury Resort,16312,40999,12351,1145,5583,76390,5.0,Luxury Vacationer
TRIP_02449,USR_155,Kolkata,Goa,Goa,West,Beach & Nightlife,2150,6.41,5,Flight,2,Winter,Homestay,22934,16770,4094,1290,4232,49320,4.9,Frequent Nomad
TRIP_02450,USR_319,Jaipur,Kovalam,Kerala,South,Beach & Wellness,662,13.69,3,Car,4,Monsoon,Budget Hotel,13136,11094,6733,4451,2065,37479,4.7,Budget Traveler
TRIP_02451,USR_251,Chennai,Wayanad,Kerala,South,Nature & Wildlife,610,16.0,3,Bus,4,Monsoon,Luxury Resort,5253,25842,16819,5850,4235,57999,4.4,Luxury Vacationer
TRIP_02452,USR_332,Pune,Jaisalmer,Rajasthan,North,Desert & Heritage,654,12.39,3,Train,2,Monsoon,Luxury Resort,1951,19038,9825,3094,2643,36551,4.7,Luxury Vacationer
TRIP_02453,USR_200,Kolkata,Amritsar,Punjab,North,Spiritual & Heritage,1420,25.59,2,Train,1,Summer,Homestay,2699,3572,983,365,605,8224,4.0,Frequent Nomad
TRIP_02454,USR_107,Delhi,Gokarna,Karnataka,South,Beach & Spiritual,1371,23.74,3,Train,2,Monsoon,Luxury Resort,5916,9405,10177,1149,2163,28810,4.4,Luxury Vacationer
TRIP_02455,USR_258,Kolkata,Manali,Himachal Pradesh,North,Hill Station & Adventure,830,4.01,5,Flight,2,Autumn,Mid-Range 3-Star,13172,16645,7084,2922,2474,42297,4.1,Frequent Nomad
TRIP_02456,USR_160,Bengaluru,Pushkar,Rajasthan,North,Cultural & Desert,1772,5.72,2,Flight,2,Winter,Mid-Range 3-Star,21359,5912,3282,686,1271,32510,4.9,Luxury Vacationer
TRIP_02457,USR_237,Chandigarh,Varkala,Kerala,South,Beach & Cliff,1768,30.41,3,Train,3,Monsoon,Budget Hotel,7892,6900,3251,976,1025,20044,4.6,Budget Traveler
TRIP_02458,USR_175,Jaipur,Varkala,Kerala,South,Beach & Cliff,1400,25.15,4,Train,2,Monsoon,Luxury Resort,5263,21872,19036,1821,3278,51270,4.9,Luxury Vacationer
TRIP_02459,USR_220,Chennai,Diu,Daman and Diu,West,Beach & Portuguese Fort,954,4.23,3,Flight,6,Autumn,Budget Hotel,37026,13266,11116,2355,2720,66483,4.3,Budget Traveler
TRIP_02460,USR_225,Delhi,Diu,Daman and Diu,West,Beach & Portuguese Fort,1434,5.11,2,Flight,2,Monsoon,Mid-Range 3-Star,14673,5088,4431,1858,1117,27167,4.6,Frequent Nomad
TRIP_02461,USR_339,Bengaluru,Chikmagalur,Karnataka,South,Hill Station & Coffee,245,6.42,4,Bus,2,Winter,Luxury Resort,1572,36080,13869,2978,2889,57388,4.1,Luxury Vacationer
TRIP_02462,USR_176,Bengaluru,Jim Corbett,Uttarakhand,North,Wildlife Safari,1134,4.56,3,Flight,2,Autumn,Luxury Resort,14283,29991,13192,4326,4817,66609,4.4,Luxury Vacationer
TRIP_02463,USR_280,Hyderabad,Khajuraho,Madhya Pradesh,Central,Heritage & Art,1020,4.35,2,Flight,4,Summer,Homestay,23202,6824,4662,2546,1874,39108,5.0,Family Explorer
TRIP_02464,USR_163,Chennai,Mussoorie,Uttarakhand,North,Hill Station,563,14.76,2,Bus,2,Monsoon,Homestay,2498,3668,1817,2738,777,11498,4.8,Budget Traveler
TRIP_02465,USR_258,Kochi,Diu,Daman and Diu,West,Beach & Portuguese Fort,1384,23.72,2,Train,3,Summer,Luxury Resort,7554,19384,10584,4383,2115,44020,5.0,Luxury Vacationer
TRIP_02466,USR_227,Mumbai,Hampi,Karnataka,South,Heritage & Archaeology,740,14.1,2,Train,4,Monsoon,Luxury Resort,6735,16936,13538,5974,2959,46142,5.0,Luxury Vacationer
TRIP_02467,USR_200,Jaipur,Jaisalmer,Rajasthan,North,Desert & Heritage,560,11.58,2,Car,3,Winter,Mid-Range 3-Star,12915,19792,5020,2128,3240,43095,4.9,Family Explorer
TRIP_02468,USR_335,Chandigarh,Mysore,Karnataka,South,Heritage & Palaces,1351,23.66,3,Train,4,Winter,Mid-Range 3-Star,10202,17754,11266,3485,2998,45705,4.3,Family Explorer
TRIP_02469,USR_131,Bengaluru,Mysore,Karnataka,South,Heritage & Palaces,145,3.0,1,Car,3,Summer,Mid-Range 3-Star,3345,4362,3018,3244,598,14567,4.4,Family Explorer
TRIP_02470,USR_178,Pune,Gokarna,Karnataka,South,Beach & Spiritual,540,14.16,3,Bus,4,Autumn,Budget Hotel,4615,7788,7717,2930,810,23860,4.4,Budget Traveler
TRIP_02471,USR_324,Delhi,Havelock Island,Andaman & Nicobar,Islands,Beach & Scuba,1919,32.86,3,Train,2,Summer,Homestay,7806,11862,2278,2272,2133,26351,5.0,Frequent Nomad
TRIP_02472,USR_250,Mumbai,Khajuraho,Madhya Pradesh,Central,Heritage & Art,1109,4.52,3,Flight,1,Summer,Budget Hotel,6726,3558,1206,506,919,12915,5.0,Frequent Nomad
TRIP_02473,USR_301,Bengaluru,Rann of Kutch,Gujarat,West,Desert & Culture,563,11.64,3,Car,2,Winter,Mid-Range 3-Star,12167,16986,5579,3227,3406,41365,5.0,Frequent Nomad
TRIP_02474,USR_292,Chandigarh,Kovalam,Kerala,South,Beach & Wellness,1503,25.76,2,Train,2,Winter,Budget Hotel,3910,5068,2207,1082,959,13226,4.6,Budget Traveler
TRIP_02475,USR_236,Kolkata,Rann of Kutch,Gujarat,West,Desert & Culture,1218,4.71,3,Flight,4,Winter,Luxury Resort,29806,65778,30223,3354,7012,136173,4.9,Luxury Vacationer
TRIP_02476,USR_132,Kochi,Haridwar,Uttarakhand,North,Spiritual & Heritage,1404,5.05,2,Flight,3,Summer,Luxury Resort,24421,20860,15379,1152,2930,64742,4.6,Luxury Vacationer
TRIP_02477,USR_119,Jaipur,Tirupati,Andhra Pradesh,South,Spiritual & Pilgrimage,728,12.66,2,Train,1,Summer,Homestay,1368,3308,1290,445,376,6787,5.0,Budget Traveler
TRIP_02478,USR_264,Delhi,Munnar,Kerala,South,Hill Station,768,20.14,3,Bus,3,Summer,Luxury Resort,4297,35244,19380,3284,3025,65230,4.4,Luxury Vacationer
TRIP_02479,USR_334,Chandigarh,Bodh Gaya,Bihar,East,Spiritual & Buddhist Heritage,585,12.1,1,Car,3,Autumn,Luxury Resort,10353,9558,5011,1143,1851,27916,4.8,Luxury Vacationer
TRIP_02480,USR_159,Mumbai,Mahabaleshwar,Maharashtra,West,Hill Station,260,5.38,3,Car,3,Summer,Homestay,6342,15768,4376,2615,2016,31117,4.3,Budget Traveler
TRIP_02481,USR_219,Chandigarh,Shillong,Meghalaya,Northeast,Nature & Waterfalls,1689,5.57,5,Flight,2,Monsoon,Homestay,15000,10635,6220,1541,1850,35246,4.7,Budget Traveler
TRIP_02482,USR_234,Kolkata,Mussoorie,Uttarakhand,North,Hill Station,958,17.62,4,Train,2,Autumn,Luxury Resort,4103,30600,19684,2701,2901,59989,4.7,Luxury Vacationer
TRIP_02483,USR_112,Pune,Shillong,Meghalaya,Northeast,Nature & Waterfalls,499,3.41,3,Flight,5,Winter,Mid-Range 3-Star,23852,35532,16806,4324,6132,86646,5.0,Family Explorer
TRIP_02484,USR_301,Chennai,Bandipur,Karnataka,South,Wildlife Safari,520,10.75,2,Car,2,Autumn,Homestay,11101,8586,1462,4845,1719,27713,4.4,Frequent Nomad
TRIP_02485,USR_105,Kolkata,Mysore,Karnataka,South,Heritage & Palaces,932,4.19,2,Flight,1,Autumn,Homestay,6228,3624,1134,1393,582,12961,4.9,Frequent Nomad
TRIP_02486,USR_149,Hyderabad,Puri,Odisha,East,Coastal & Spiritual,1058,18.94,1,Train,3,Winter,Budget Hotel,5171,2678,1642,4324,646,14461,3.8,Family Explorer
TRIP_02487,USR_159,Kochi,Madurai,Tamil Nadu,South,Heritage & Temple,850,17.58,2,Car,2,Monsoon,Luxury Resort,16331,8854,8308,1107,2786,37386,4.9,Luxury Vacationer
TRIP_02488,USR_169,Bengaluru,Goa,Goa,West,Beach & Nightlife,560,10.55,4,Train,2,Winter,Homestay,2614,17072,3894,2397,1153,27130,4.9,Budget Traveler
TRIP_02489,USR_191,Pune,Diu,Daman and Diu,West,Beach & Portuguese Fort,1398,23.96,2,Train,2,Autumn,Homestay,5053,4478,2276,1198,1036,14041,5.0,Budget Traveler
TRIP_02490,USR_240,Chennai,Khajuraho,Madhya Pradesh,Central,Heritage & Art,1264,21.61,2,Train,3,Summer,Homestay,5567,6848,2554,1871,1017,17857,4.2,Budget Traveler
TRIP_02491,USR_347,Mumbai,Jaipur,Rajasthan,North,Heritage & Culture,1150,30.16,1,Bus,4,Winter,Luxury Resort,9859,18072,6573,5330,2863,42697,4.6,Luxury Vacationer
TRIP_02492,USR_191,Kolkata,Kaziranga,Assam,Northeast,Wildlife Safari,1050,18.22,3,Train,4,Monsoon,Budget Hotel,5664,11658,6421,8376,1145,33264,4.3,Budget Traveler
TRIP_02493,USR_221,Kolkata,Haridwar,Uttarakhand,North,Spiritual & Heritage,592,12.24,1,Car,4,Autumn,Homestay,12245,3814,1651,1517,1372,20599,4.5,Family Explorer
TRIP_02494,USR_288,Hyderabad,Jim Corbett,Uttarakhand,North,Wildlife Safari,1129,20.34,5,Train,4,Winter,Budget Hotel,7496,24500,7484,8416,3210,51106,4.8,Budget Traveler
TRIP_02495,USR_297,Kolkata,Pachmarhi,Madhya Pradesh,Central,Hill Station & Waterfalls,713,18.7,3,Bus,5,Summer,Luxury Resort,7014,58059,21857,2221,5833,94984,4.4,Luxury Vacationer
TRIP_02496,USR_134,Delhi,Amritsar,Punjab,North,Spiritual & Heritage,450,9.31,2,Car,2,Winter,Homestay,9203,4718,2485,2238,1519,20163,5.0,Frequent Nomad
TRIP_02497,USR_264,Kolkata,Hampi,Karnataka,South,Heritage & Archaeology,1385,24.79,2,Train,2,Monsoon,Budget Hotel,5537,2306,1569,1061,718,11191,5.0,Budget Traveler
TRIP_02498,USR_324,Pune,Pachmarhi,Madhya Pradesh,Central,Hill Station & Waterfalls,1261,4.79,2,Flight,4,Summer,Budget Hotel,30373,5772,3823,4510,3341,47819,4.7,Family Explorer
TRIP_02499,USR_179,Chennai,Darjeeling,West Bengal,East,Hill Station & Tea,872,4.09,2,Flight,2,Winter,Mid-Range 3-Star,13708,7174,2928,1085,1510,26405,4.7,Frequent Nomad
TRIP_02500,USR_249,Kochi,Ooty,Tamil Nadu,South,Hill Station,280,5.79,4,Car,2,Winter,Mid-Range 3-Star,7445,13460,5999,1246,1733,29883,4.0,Frequent Nomad
TRIP_02501,USR_137,Chandigarh,Mount Abu,Rajasthan,North,Hill Station & Temple,1869,5.9,1,Flight,4,Summer,Budget Hotel,35985,3290,1542,5369,3234,49420,4.1,Luxury Vacationer
TRIP_02502,USR_347,Pune,Spiti Valley,Himachal Pradesh,North,Adventure & Mountain,1623,5.45,6,Flight,1,Autumn,Budget Hotel,9844,12018,2319,1375,1507,27063,5.0,Frequent Nomad
TRIP_02503,USR_279,Delhi,Pushkar,Rajasthan,North,Cultural & Desert,415,3.25,4,Flight,2,Summer,Homestay,9456,7040,5045,2609,1111,25261,4.3,Budget Traveler
TRIP_02504,USR_217,Kochi,Kovalam,Kerala,South,Beach & Wellness,210,4.35,5,Train,2,Monsoon,Mid-Range 3-Star,1164,16750,11254,3104,1471,33743,4.8,Frequent Nomad
TRIP_02505,USR_188,Delhi,Havelock Island,Andaman & Nicobar,Islands,Beach & Scuba,1195,24.71,3,Car,1,Winter,Budget Hotel,26285,9255,1785,1418,3362,42105,4.9,Luxury Vacationer
TRIP_02506,USR_219,Kochi,Pachmarhi,Madhya Pradesh,Central,Hill Station & Waterfalls,1562,5.34,2,Flight,2,Summer,Luxury Resort,15331,8836,7736,1004,1731,34638,4.4,Luxury Vacationer
TRIP_02507,USR_166,Hyderabad,Kaziranga,Assam,Northeast,Wildlife Safari,1489,39.04,3,Bus,1,Winter,Luxury Resort,3161,25794,4442,2478,2992,38867,4.9,Luxury Vacationer
TRIP_02508,USR_134,Mumbai,Havelock Island,Andaman & Nicobar,Islands,Beach & Scuba,900,16.94,5,Train,2,Monsoon,Mid-Range 3-Star,3704,28890,10303,3328,1832,48057,4.9,Frequent Nomad
TRIP_02509,USR_289,Hyderabad,Madurai,Tamil Nadu,South,Heritage & Temple,1283,4.83,1,Flight,4,Autumn,Mid-Range 3-Star,32832,5574,4765,4648,3760,51579,5.0,Luxury Vacationer
TRIP_02510,USR_252,Jaipur,Pondicherry,Puducherry,South,Beach & French Heritage,487,9.75,4,Train,5,Monsoon,Luxury Resort,3984,62304,48977,7005,5330,127600,5.0,Luxury Vacationer
TRIP_02511,USR_200,Chennai,Tirupati,Andhra Pradesh,South,Spiritual & Pilgrimage,135,2.79,2,Car,1,Monsoon,Luxury Resort,3369,8640,4907,1457,860,19233,5.0,Luxury Vacationer
TRIP_02512,USR_299,Delhi,Hampi,Karnataka,South,Heritage & Archaeology,1226,21.02,3,Train,1,Autumn,Homestay,2098,5052,1723,1004,662,10539,4.9,Budget Traveler
TRIP_02513,USR_233,Chandigarh,Spiti Valley,Himachal Pradesh,North,Adventure & Mountain,1927,6.0,6,Flight,4,Summer,Budget Hotel,39797,19740,10421,5695,5936,81589,4.4,Budget Traveler
TRIP_02514,USR_288,Chandigarh,Havelock Island,Andaman & Nicobar,Islands,Beach & Scuba,1758,30.67,4,Train,1,Autumn,Homestay,3261,18920,2514,1830,2339,28864,5.0,Frequent Nomad
TRIP_02515,USR_320,Delhi,Gokarna,Karnataka,South,Beach & Spiritual,1516,26.89,4,Train,1,Autumn,Mid-Range 3-Star,2167,13348,3530,1432,1745,22222,4.4,Frequent Nomad
TRIP_02516,USR_232,Pune,Puri,Odisha,East,Coastal & Spiritual,1785,31.07,3,Train,6,Winter,Mid-Range 3-Star,23093,29106,16806,2168,6525,77698,4.5,Family Explorer
TRIP_02517,USR_246,Chennai,Diu,Daman and Diu,West,Beach & Portuguese Fort,458,8.49,3,Train,1,Autumn,Mid-Range 3-Star,1103,10842,3374,1180,885,17384,3.9,Frequent Nomad
TRIP_02518,USR_171,Hyderabad,Jaisalmer,Rajasthan,North,Desert & Heritage,1850,5.86,4,Flight,1,Monsoon,Mid-Range 3-Star,8623,12204,2886,1707,1190,26610,5.0,Frequent Nomad
TRIP_02519,USR_210,Mumbai,Mysore,Karnataka,South,Heritage & Palaces,1761,5.7,1,Flight,2,Monsoon,Mid-Range 3-Star,15392,2303,1851,2392,1590,23528,5.0,Luxury Vacationer
TRIP_02520,USR_108,Kolkata,Darjeeling,West Bengal,East,Hill Station & Tea,610,12.62,3,Car,4,Monsoon,Homestay,13387,12282,6492,5856,2178,40195,4.6,Budget Traveler
TRIP_02521,USR_256,Chandigarh,Ranthambore,Rajasthan,North,Wildlife Safari,1195,21.09,3,Train,5,Monsoon,Homestay,10591,30492,7124,13490,3022,64719,5.0,Family Explorer
TRIP_02522,USR_235,Kolkata,Gokarna,Karnataka,South,Beach & Spiritual,1077,4.46,3,Flight,2,Winter,Luxury Resort,14911,19515,8808,2207,3821,49262,5.0,Luxury Vacationer
TRIP_02523,USR_316,Kochi,Jaisalmer,Rajasthan,North,Desert & Heritage,1244,22.55,5,Train,1,Winter,Homestay,1671,14670,2689,1289,1204,21523,4.6,Frequent Nomad
TRIP_02524,USR_141,Mumbai,Hampi,Karnataka,South,Heritage & Archaeology,740,13.91,3,Train,3,Summer,Mid-Range 3-Star,3586,12588,7150,3523,1114,27961,4.1,Family Explorer
TRIP_02525,USR_242,Hyderabad,Haridwar,Uttarakhand,North,Spiritual & Heritage,538,11.13,2,Car,4,Summer,Homestay,11980,5472,4771,2712,1100,26035,4.6,Budget Traveler
TRIP_02526,USR_161,Hyderabad,Pushkar,Rajasthan,North,Cultural & Desert,1824,37.72,3,Car,1,Monsoon,Budget Hotel,35431,2973,1670,1462,2193,43729,5.0,Luxury Vacationer
TRIP_02527,USR_224,Kochi,Goa,Goa,West,Beach & Nightlife,750,19.67,5,Bus,2,Monsoon,Luxury Resort,3095,41285,14400,2002,3649,64431,5.0,Luxury Vacationer
TRIP_02528,USR_278,Kochi,Kodaikanal,Tamil Nadu,South,Hill Station,300,6.2,3,Car,2,Summer,Budget Hotel,6362,3573,2450,1630,1188,15203,4.0,Budget Traveler
TRIP_02529,USR_193,Chandigarh,Leh-Ladakh,Ladakh,North,Adventure & Mountain,750,19.67,5,Bus,2,Autumn,Luxury Resort,2866,45900,20612,3014,3163,75555,5.0,Luxury Vacationer
TRIP_02530,USR_263,Mumbai,Srinagar,Jammu & Kashmir,North,Lakes & Paradise Valley,1836,32.36,1,Train,3,Winter,Mid-Range 3-Star,10702,8302,2255,4398,2006,27663,4.9,Luxury Vacationer
TRIP_02531,USR_239,Delhi,Diu,Daman and Diu,West,Beach & Portuguese Fort,1904,32.78,1,Train,2,Winter,Mid-Range 3-Star,6780,3237,1752,3008,732,15509,4.2,Luxury Vacationer
TRIP_02532,USR_183,Hyderabad,Bodh Gaya,Bihar,East,Spiritual & Buddhist Heritage,1131,4.56,2,Flight,2,Winter,Homestay,14209,4044,1799,1796,1726,23574,5.0,Frequent Nomad
TRIP_02533,USR_256,Kolkata,Gokarna,Karnataka,South,Beach & Spiritual,925,4.18,3,Flight,2,Summer,Luxury Resort,13041,13587,12551,1230,3502,43911,4.8,Luxury Vacationer
TRIP_02534,USR_110,Chennai,Jodhpur,Rajasthan,North,Heritage & Culture,814,21.34,2,Bus,2,Summer,Luxury Resort,3898,13920,10318,4226,1841,34203,4.4,Luxury Vacationer
TRIP_02535,USR_338,Chandigarh,Munnar,Kerala,South,Hill Station,826,17.08,3,Car,2,Summer,Homestay,17263,5910,3317,2179,2021,30690,4.2,Frequent Nomad
TRIP_02536,USR_211,Kochi,Munnar,Kerala,South,Hill Station,130,3.41,3,Bus,2,Winter,Mid-Range 3-Star,830,13104,4367,1663,1071,21035,5.0,Frequent Nomad
TRIP_02537,USR_109,Kochi,Ranthambore,Rajasthan,North,Wildlife Safari,1677,29.79,3,Train,5,Autumn,Budget Hotel,16306,27297,7730,7442,4166,62941,4.8,Family Explorer
TRIP_02538,USR_160,Chandigarh,Rameshwaram,Tamil Nadu,South,Coastal & Spiritual,1750,30.78,2,Train,2,Winter,Homestay,5690,4288,2178,605,732,13493,4.1,Budget Traveler
TRIP_02539,USR_107,Kochi,Manali,Himachal Pradesh,North,Hill Station & Adventure,776,14.81,4,Train,4,Summer,Budget Hotel,6832,14960,6204,3293,1898,33187,5.0,Budget Traveler
TRIP_02540,USR_292,Kolkata,Rishikesh,Uttarakhand,North,Spiritual & Adventure,1379,28.52,3,Car,4,Winter,Mid-Range 3-Star,27871,17280,11648,5922,5307,68028,4.1,Family Explorer
TRIP_02541,USR_339,Mumbai,Coorg,Karnataka,South,Nature & Coffee,1269,26.25,1,Car,2,Summer,Homestay,25473,2239,1148,997,2880,32737,4.3,Luxury Vacationer
TRIP_02542,USR_208,Chandigarh,Tirupati,Andhra Pradesh,South,Spiritual & Pilgrimage,558,3.51,2,Flight,4,Monsoon,Mid-Range 3-Star,17051,7464,7613,4755,1807,38690,4.9,Family Explorer
TRIP_02543,USR_205,Chennai,Madurai,Tamil Nadu,South,Heritage & Temple,460,9.39,2,Train,2,Autumn,Budget Hotel,2137,3058,2540,2400,428,10563,4.8,Budget Traveler
TRIP_02544,USR_310,Hyderabad,Rishikesh,Uttarakhand,North,Spiritual & Adventure,1190,20.66,3,Train,3,Autumn,Luxury Resort,6241,38454,18512,1492,2541,67240,4.5,Luxury Vacationer
TRIP_02545,USR_279,Chandigarh,Leh-Ladakh,Ladakh,North,Adventure & Mountain,750,15.51,4,Car,2,Autumn,Mid-Range 3-Star,16365,23056,9576,3449,3470,55916,5.0,Frequent Nomad
TRIP_02546,USR_256,Kochi,Agra,Uttar Pradesh,North,Heritage & Monument,1567,5.35,3,Flight,4,Monsoon,Homestay,27341,9636,6355,9484,4056,56872,4.6,Family Explorer
TRIP_02547,USR_276,Bengaluru,Pachmarhi,Madhya Pradesh,Central,Hill Station & Waterfalls,1768,5.71,5,Flight,2,Autumn,Mid-Range 3-Star,19115,15260,8708,1238,3057,47378,5.0,Frequent Nomad
TRIP_02548,USR_209,Chennai,Mahabaleshwar,Maharashtra,West,Hill Station,1242,22.01,2,Train,2,Autumn,Budget Hotel,3446,4676,2407,1899,1052,13480,3.8,Budget Traveler
TRIP_02549,USR_349,Chandigarh,Khajuraho,Madhya Pradesh,Central,Heritage & Art,1752,5.69,2,Flight,2,Winter,Homestay,20173,3956,2477,2797,2655,32058,4.8,Luxury Vacationer
TRIP_02550,USR_135,Jaipur,Haridwar,Uttarakhand,North,Spiritual & Heritage,1189,21.79,4,Train,4,Summer,Mid-Range 3-Star,8014,16352,11344,1610,2749,40069,5.0,Family Explorer
TRIP_02551,USR_275,Kolkata,Tirupati,Andhra Pradesh,South,Spiritual & Pilgrimage,490,10.13,3,Car,2,Autumn,Budget Hotel,9463,4809,3025,1560,1597,20454,4.8,Budget Traveler
TRIP_02552,USR_127,Hyderabad,Varanasi,Uttar Pradesh,North,Spiritual & Heritage,1200,4.68,4,Flight,2,Winter,Luxury Resort,14528,21336,20310,1284,3207,60665,4.8,Luxury Vacationer
TRIP_02553,USR_158,Pune,Tirupati,Andhra Pradesh,South,Spiritual & Pilgrimage,1635,5.47,1,Flight,1,Monsoon,Luxury Resort,7507,3815,1581,794,1034,14731,4.4,Luxury Vacationer
TRIP_02554,USR_184,Bengaluru,Manali,Himachal Pradesh,North,Hill Station & Adventure,521,10.78,4,Car,3,Winter,Budget Hotel,10290,16856,6198,4441,1357,39142,5.0,Budget Traveler
TRIP_02555,USR_113,Mumbai,Jim Corbett,Uttarakhand,North,Wildlife Safari,1550,5.32,2,Flight,3,Monsoon,Luxury Resort,22879,26732,12912,6822,2623,71968,4.5,Luxury Vacationer
TRIP_02556,USR_104,Mumbai,Spiti Valley,Himachal Pradesh,North,Adventure & Mountain,1413,5.07,8,Flight,4,Monsoon,Luxury Resort,27426,70144,71404,6496,13247,188717,5.0,Luxury Vacationer
TRIP_02557,USR_323,Chandigarh,Ranthambore,Rajasthan,North,Wildlife Safari,1108,20.09,5,Train,4,Autumn,Mid-Range 3-Star,6584,68600,15513,10051,7782,108530,4.9,Family Explorer
TRIP_02558,USR_167,Mumbai,Coorg,Karnataka,South,Nature & Coffee,1026,4.37,4,Flight,1,Winter,Luxury Resort,6828,31176,9050,513,4121,51688,4.5,Luxury Vacationer
TRIP_02559,USR_275,Hyderabad,Manali,Himachal Pradesh,North,Hill Station & Adventure,834,4.02,6,Flight,2,Summer,Luxury Resort,12397,43986,27849,3415,7393,95040,5.0,Luxury Vacationer
TRIP_02560,USR_202,Chandigarh,Bandipur,Karnataka,South,Wildlife Safari,1856,5.87,2,Flight,1,Autumn,Luxury Resort,10787,22466,4961,1596,2744,42554,5.0,Luxury Vacationer
TRIP_02561,USR_188,Kochi,Bandipur,Karnataka,South,Wildlife Safari,631,11.47,3,Train,2,Autumn,Budget Hotel,2406,9882,3207,3725,875,20095,4.7,Budget Traveler
TRIP_02562,USR_251,Chandigarh,Kodaikanal,Tamil Nadu,South,Hill Station,1505,39.46,4,Bus,6,Winter,Homestay,21221,31416,12023,7691,5200,77551,4.2,Budget Traveler
TRIP_02563,USR_214,Kolkata,Shillong,Meghalaya,Northeast,Nature & Waterfalls,1080,4.46,5,Flight,3,Monsoon,Budget Hotel,18018,14360,7215,2628,2162,44383,5.0,Budget Traveler
TRIP_02564,USR_138,Kochi,Rameshwaram,Tamil Nadu,South,Coastal & Spiritual,1660,5.52,1,Flight,4,Winter,Budget Hotel,36722,3630,2555,3686,3777,50370,4.5,Luxury Vacationer
TRIP_02565,USR_321,Bengaluru,Kaziranga,Assam,Northeast,Wildlife Safari,962,4.25,2,Flight,2,Autumn,Luxury Resort,13744,24266,8807,4121,4171,55109,5.0,Luxury Vacationer
TRIP_02566,USR_120,Delhi,Jim Corbett,Uttarakhand,North,Wildlife Safari,245,5.07,3,Car,2,Autumn,Budget Hotel,6007,8910,2917,4612,1455,23901,4.4,Budget Traveler
TRIP_02567,USR_318,Jaipur,Ooty,Tamil Nadu,South,Hill Station,531,10.98,3,Car,2,Summer,Homestay,10955,6420,3209,2674,989,24247,4.4,Frequent Nomad
TRIP_02568,USR_186,Hyderabad,Alleppey,Kerala,South,Backwaters & Houseboat,1569,5.35,3,Flight,1,Summer,Luxury Resort,8249,27693,4567,1653,3695,45857,4.8,Luxury Vacationer
TRIP_02569,USR_306,Kolkata,Srinagar,Jammu & Kashmir,North,Lakes & Paradise Valley,1848,5.86,4,Flight,4,Monsoon,Mid-Range 3-Star,32246,27296,13557,6440,7127,86666,4.6,Family Explorer
TRIP_02570,USR_224,Jaipur,Shillong,Meghalaya,Northeast,Nature & Waterfalls,1847,5.86,5,Flight,4,Autumn,Homestay,41492,22330,9748,4469,6512,84551,5.0,Family Explorer
TRIP_02571,USR_189,Mumbai,Spiti Valley,Himachal Pradesh,North,Adventure & Mountain,820,14.84,7,Train,1,Autumn,Luxury Resort,1505,50750,15252,1660,4825,73992,5.0,Luxury Vacationer
TRIP_02572,USR_341,Kochi,Mahabaleshwar,Maharashtra,West,Hill Station,1050,18.49,2,Train,4,Monsoon,Mid-Range 3-Star,8507,13156,9465,1761,2959,35848,4.1,Family Explorer
TRIP_02573,USR_338,Mumbai,Tawang,Arunachal Pradesh,Northeast,Himalayan & Monastery,1640,5.48,4,Flight,4,Summer,Luxury Resort,35761,63880,35672,4265,11058,150636,4.8,Luxury Vacationer
TRIP_02574,USR_186,Bengaluru,Pushkar,Rajasthan,North,Cultural & Desert,1640,28.21,3,Train,3,Summer,Homestay,6474,10062,3563,4418,1149,25666,4.3,Budget Traveler
TRIP_02575,USR_176,Kochi,Havelock Island,Andaman & Nicobar,Islands,Beach & Scuba,946,4.22,5,Flight,4,Autumn,Mid-Range 3-Star,28714,68800,14699,5093,7195,124501,4.7,Family Explorer
TRIP_02576,USR_281,Mumbai,Pushkar,Rajasthan,North,Cultural & Desert,941,17.63,2,Train,1,Winter,Luxury Resort,1633,8972,4271,1339,1458,17673,4.3,Luxury Vacationer
TRIP_02577,USR_127,Pune,Kodaikanal,Tamil Nadu,South,Hill Station,718,3.81,3,Flight,2,Summer,Luxury Resort,9944,16941,10186,1867,2984,41922,4.5,Luxury Vacationer
TRIP_02578,USR_307,Kochi,Goa,Goa,West,Beach & Nightlife,750,3.86,2,Flight,1,Autumn,Homestay,5797,6764,1224,1659,1212,16656,5.0,Luxury Vacationer
TRIP_02579,USR_127,Mumbai,Kovalam,Kerala,South,Beach & Wellness,606,12.53,3,Car,1,Summer,Budget Hotel,13758,5592,1489,442,1327,22608,5.0,Luxury Vacationer
TRIP_02580,USR_120,Hyderabad,Pushkar,Rajasthan,North,Cultural & Desert,1061,19.12,3,Train,2,Monsoon,Mid-Range 3-Star,3565,6333,5260,2600,678,18436,4.6,Frequent Nomad
TRIP_02581,USR_339,Chennai,Varanasi,Uttar Pradesh,North,Spiritual & Heritage,1850,31.84,5,Train,2,Summer,Budget Hotel,7786,7015,5069,1638,844,22352,5.0,Budget Traveler
TRIP_02582,USR_337,Hyderabad,Spiti Valley,Himachal Pradesh,North,Adventure & Mountain,1008,18.18,8,Train,2,Autumn,Mid-Range 3-Star,3629,25848,12450,2286,2397,46610,4.7,Frequent Nomad
TRIP_02583,USR_327,Chennai,Mahabaleshwar,Maharashtra,West,Hill Station,765,15.82,2,Car,1,Winter,Homestay,14683,4760,1188,1521,1394,23546,3.8,Luxury Vacationer
TRIP_02584,USR_303,Mumbai,Gokarna,Karnataka,South,Beach & Spiritual,680,14.06,4,Car,4,Summer,Budget Hotel,14394,9048,7695,4980,2981,39098,3.8,Budget Traveler
TRIP_02585,USR_292,Kochi,Kaziranga,Assam,Northeast,Wildlife Safari,1247,25.79,3,Car,1,Summer,Luxury Resort,26302,30873,4870,1463,3891,67399,5.0,Luxury Vacationer
TRIP_02586,USR_108,Delhi,Agra,Uttar Pradesh,North,Heritage & Monument,230,6.03,1,Bus,6,Winter,Luxury Resort,3551,19479,10334,16052,1349,50765,4.4,Luxury Vacationer
TRIP_02587,USR_147,Jaipur,Pondicherry,Puducherry,South,Beach & French Heritage,904,4.14,4,Flight,6,Monsoon,Mid-Range 3-Star,34168,37464,28543,4920,5465,110560,4.8,Family Explorer
TRIP_02588,USR_329,Pune,Rishikesh,Uttarakhand,North,Spiritual & Adventure,845,22.16,4,Bus,2,Summer,Luxury Resort,4020,19676,11550,1387,2532,39165,4.7,Luxury Vacationer
TRIP_02589,USR_281,Chandigarh,Srinagar,Jammu & Kashmir,North,Lakes & Paradise Valley,897,16.86,3,Train,1,Winter,Luxury Resort,1739,24603,7169,838,3199,37548,4.6,Luxury Vacationer
TRIP_02590,USR_215,Chennai,Wayanad,Kerala,South,Nature & Wildlife,610,12.62,4,Car,5,Summer,Mid-Range 3-Star,13526,34020,17421,4681,4951,74599,4.0,Family Explorer
TRIP_02591,USR_303,Delhi,Bodh Gaya,Bihar,East,Spiritual & Buddhist Heritage,1371,35.95,2,Bus,2,Autumn,Budget Hotel,4769,2442,1972,2649,405,12237,4.4,Budget Traveler
TRIP_02592,USR_302,Chandigarh,Mount Abu,Rajasthan,North,Hill Station & Temple,1755,46.02,2,Bus,2,Monsoon,Luxury Resort,7118,11746,8132,3239,1635,31870,4.7,Luxury Vacationer
TRIP_02593,USR_256,Chennai,Wayanad,Kerala,South,Nature & Wildlife,610,12.62,4,Car,4,Monsoon,Mid-Range 3-Star,13517,24480,12857,5020,2249,58123,4.1,Family Explorer
TRIP_02594,USR_277,Mumbai,Alleppey,Kerala,South,Backwaters & Houseboat,1564,27.1,1,Train,3,Monsoon,Luxury Resort,7928,15674,4238,4790,1513,34143,4.2,Luxury Vacationer
TRIP_02595,USR_258,Kolkata,Amritsar,Punjab,North,Spiritual & Heritage,1643,29.32,2,Train,5,Monsoon,Luxury Resort,14217,23550,14288,3438,2266,57759,4.4,Luxury Vacationer
TRIP_02596,USR_133,Chennai,Pondicherry,Puducherry,South,Beach & French Heritage,150,3.1,3,Car,2,Summer,Budget Hotel,4445,5475,2997,1686,938,15541,4.2,Budget Traveler
TRIP_02597,USR_164,Hyderabad,Ranthambore,Rajasthan,North,Wildlife Safari,1575,5.36,4,Flight,6,Winter,Mid-Range 3-Star,56236,83760,28778,11090,16337,196201,4.0,Luxury Vacationer
TRIP_02598,USR_194,Delhi,Gokarna,Karnataka,South,Beach & Spiritual,1386,5.02,2,Flight,1,Monsoon,Homestay,6773,2664,777,889,722,11825,5.0,Frequent Nomad
TRIP_02599,USR_218,Bengaluru,Amritsar,Punjab,North,Spiritual & Heritage,1230,21.91,2,Train,2,Monsoon,Mid-Range 3-Star,5281,4514,4135,2905,841,17676,4.6,Frequent Nomad
TRIP_02600,USR_188,Chandigarh,Madurai,Tamil Nadu,South,Heritage & Temple,1209,20.69,5,Train,2,Monsoon,Mid-Range 3-Star,4612,9475,10441,2077,1910,28515,4.7,Frequent Nomad
TRIP_02601,USR_214,Bengaluru,Wayanad,Kerala,South,Nature & Wildlife,275,6.4,4,Train,2,Monsoon,Mid-Range 3-Star,1236,12796,8097,2737,1059,25925,4.3,Frequent Nomad
TRIP_02602,USR_319,Hyderabad,Agra,Uttar Pradesh,North,Heritage & Monument,1280,23.25,1,Train,1,Winter,Homestay,1771,2572,545,952,380,6220,5.0,Frequent Nomad
TRIP_02603,USR_148,Bengaluru,Wayanad,Kerala,South,Nature & Wildlife,275,5.69,5,Car,2,Monsoon,Luxury Resort,6723,24585,23645,2748,2644,60345,4.4,Luxury Vacationer
TRIP_02604,USR_262,Pune,Mussoorie,Uttarakhand,North,Hill Station,1725,5.64,2,Flight,3,Monsoon,Luxury Resort,23542,18784,13977,4687,2889,63879,4.9,Luxury Vacationer
TRIP_02605,USR_287,Hyderabad,Haridwar,Uttarakhand,North,Spiritual & Heritage,945,17.34,2,Train,2,Summer,Budget Hotel,3823,2672,1741,623,676,9535,4.8,Budget Traveler
TRIP_02606,USR_250,Delhi,Bandipur,Karnataka,South,Wildlife Safari,1343,27.78,2,Car,1,Summer,Mid-Range 3-Star,27711,10128,1650,1918,3528,44935,4.6,Luxury Vacationer
TRIP_02607,USR_331,Chennai,Khajuraho,Madhya Pradesh,Central,Heritage & Art,1921,50.37,1,Bus,4,Summer,Mid-Range 3-Star,14518,4910,3936,3214,2080,28658,5.0,Family Explorer
TRIP_02608,USR_256,Kolkata,Manali,Himachal Pradesh,North,Hill Station & Adventure,729,14.01,4,Train,2,Summer,Mid-Range 3-Star,2060,12072,7814,3648,1907,27501,4.9,Frequent Nomad
TRIP_02609,USR_153,Kolkata,Rameshwaram,Tamil Nadu,South,Coastal & Spiritual,1944,6.03,1,Flight,2,Summer,Mid-Range 3-Star,19512,2833,1872,2041,1964,28222,4.8,Luxury Vacationer
TRIP_02610,USR_211,Mumbai,Jaisalmer,Rajasthan,North,Desert & Heritage,1050,4.41,5,Flight,2,Autumn,Luxury Resort,14204,36255,17484,2920,3332,74195,4.4,Luxury Vacationer
TRIP_02611,USR_298,Mumbai,Spiti Valley,Himachal Pradesh,North,Adventure & Mountain,626,12.95,5,Car,1,Summer,Budget Hotel,12675,9085,3038,679,1774,27251,4.6,Frequent Nomad
TRIP_02612,USR_255,Chennai,Tirupati,Andhra Pradesh,South,Spiritual & Pilgrimage,135,3.54,2,Bus,2,Winter,Luxury Resort,878,11136,7330,2578,898,22820,4.5,Luxury Vacationer
TRIP_02613,USR_248,Chandigarh,Kodaikanal,Tamil Nadu,South,Hill Station,1500,5.23,4,Flight,3,Summer,Budget Hotel,22741,12152,5613,4282,2123,46911,3.8,Budget Traveler
TRIP_02614,USR_214,Mumbai,Pondicherry,Puducherry,South,Beach & French Heritage,1332,4.92,4,Flight,4,Autumn,Luxury Resort,32219,49056,40174,6325,11498,139272,4.7,Luxury Vacationer
TRIP_02615,USR_122,Chennai,Diu,Daman and Diu,West,Beach & Portuguese Fort,895,23.47,4,Bus,3,Winter,Budget Hotel,6544,16264,5924,3953,1201,33886,4.1,Budget Traveler
TRIP_02616,USR_162,Delhi,Varanasi,Uttar Pradesh,North,Spiritual & Heritage,820,21.5,4,Bus,1,Winter,Homestay,2019,7056,2110,1449,498,13132,4.7,Budget Traveler
TRIP_02617,USR_329,Jaipur,Srinagar,Jammu & Kashmir,North,Lakes & Paradise Valley,1250,21.42,4,Train,2,Monsoon,Luxury Resort,4990,25948,12673,2579,2142,48332,4.4,Luxury Vacationer
TRIP_02618,USR_120,Pune,Mussoorie,Uttarakhand,North,Hill Station,877,18.14,3,Car,2,Winter,Luxury Resort,16943,18117,13025,1241,4728,54054,4.3,Luxury Vacationer
TRIP_02619,USR_272,Chennai,Amritsar,Punjab,North,Spiritual & Heritage,1863,33.01,1,Train,2,Autumn,Budget Hotel,7318,1922,1043,2451,448,13182,4.9,Frequent Nomad
TRIP_02620,USR_203,Kochi,Munnar,Kerala,South,Hill Station,130,3.41,3,Bus,2,Winter,Mid-Range 3-Star,855,12762,6941,3611,1312,25481,4.9,Frequent Nomad
TRIP_02621,USR_255,Delhi,Pachmarhi,Madhya Pradesh,Central,Hill Station & Waterfalls,730,12.99,2,Train,4,Summer,Luxury Resort,5400,17856,18325,5721,3612,50914,4.8,Luxury Vacationer
TRIP_02622,USR_249,Kochi,Goa,Goa,West,Beach & Nightlife,750,15.51,5,Car,5,Monsoon,Budget Hotel,15117,30090,10986,8561,3617,68371,4.7,Budget Traveler
TRIP_02623,USR_328,Jaipur,Bandipur,Karnataka,South,Wildlife Safari,1455,5.15,1,Flight,5,Monsoon,Mid-Range 3-Star,35393,13869,4815,10618,2718,67413,4.7,Luxury Vacationer
TRIP_02624,USR_220,Hyderabad,Havelock Island,Andaman & Nicobar,Islands,Beach & Scuba,1949,6.04,4,Flight,4,Winter,Luxury Resort,43661,93344,39475,7120,8556,192156,4.8,Luxury Vacationer
TRIP_02625,USR_196,Jaipur,Mahabaleshwar,Maharashtra,West,Hill Station,1011,4.34,4,Flight,3,Monsoon,Mid-Range 3-Star,15728,27192,12121,3325,3591,61957,4.4,Family Explorer
TRIP_02626,USR_107,Delhi,Wayanad,Kerala,South,Nature & Wildlife,1513,5.25,2,Flight,4,Summer,Homestay,32186,8768,4981,4276,2929,53140,4.7,Family Explorer
TRIP_02627,USR_245,Delhi,Agra,Uttar Pradesh,North,Heritage & Monument,230,5.13,3,Train,2,Summer,Budget Hotel,949,4062,2559,2893,494,10957,5.0,Budget Traveler
TRIP_02628,USR_305,Kolkata,Jodhpur,Rajasthan,North,Heritage & Culture,1332,4.92,2,Flight,1,Autumn,Mid-Range 3-Star,7971,7400,2166,1139,812,19488,4.8,Luxury Vacationer
TRIP_02629,USR_186,Hyderabad,Varanasi,Uttar Pradesh,North,Spiritual & Heritage,1200,24.82,4,Car,1,Autumn,Luxury Resort,22614,20696,7049,433,4359,55151,5.0,Luxury Vacationer
TRIP_02630,USR_165,Bengaluru,Khajuraho,Madhya Pradesh,Central,Heritage & Art,1349,4.95,3,Flight,2,Summer,Budget Hotel,15350,4080,3365,1148,1649,25592,4.1,Frequent Nomad
TRIP_02631,USR_131,Bengaluru,Wayanad,Kerala,South,Nature & Wildlife,275,7.21,3,Bus,5,Autumn,Budget Hotel,4148,20826,5592,3385,2595,36546,5.0,Budget Traveler
TRIP_02632,USR_106,Hyderabad,Mahabaleshwar,Maharashtra,West,Hill Station,1145,4.58,1,Flight,4,Monsoon,Luxury Resort,26392,13460,6442,6493,2906,55693,4.5,Luxury Vacationer
TRIP_02633,USR_293,Kolkata,Bandipur,Karnataka,South,Wildlife Safari,924,16.58,1,Train,1,Autumn,Mid-Range 3-Star,1423,6385,1138,2267,526,11739,4.8,Luxury Vacationer
TRIP_02634,USR_187,Chandigarh,Jim Corbett,Uttarakhand,North,Wildlife Safari,1831,32.2,1,Train,2,Autumn,Budget Hotel,7965,2440,1210,4259,913,16787,5.0,Luxury Vacationer
TRIP_02635,USR_136,Mumbai,Gangtok,Sikkim,Northeast,Hill Station & Monastery,756,14.55,4,Train,1,Summer,Luxury Resort,1378,28768,6881,513,3385,40925,4.3,Luxury Vacationer
TRIP_02636,USR_348,Kochi,Rameshwaram,Tamil Nadu,South,Coastal & Spiritual,875,18.1,1,Car,2,Autumn,Homestay,17740,2113,1265,2230,1416,24764,4.8,Luxury Vacationer
TRIP_02637,USR_303,Chandigarh,Hampi,Karnataka,South,Heritage & Archaeology,979,20.25,2,Car,6,Winter,Budget Hotel,21057,8034,6156,5295,2875,43417,5.0,Budget Traveler
TRIP_02638,USR_167,Chennai,Darjeeling,West Bengal,East,Hill Station & Tea,1013,4.34,3,Flight,4,Monsoon,Mid-Range 3-Star,24033,14286,11243,2088,3231,54881,5.0,Family Explorer
TRIP_02639,USR_308,Kochi,Madurai,Tamil Nadu,South,Heritage & Temple,1127,20.6,2,Train,1,Monsoon,Budget Hotel,1686,1912,1272,1090,307,6267,5.0,Budget Traveler
TRIP_02640,USR_248,Hyderabad,Alleppey,Kerala,South,Backwaters & Houseboat,733,15.16,3,Car,5,Winter,Luxury Resort,15726,96786,28832,3367,5719,150430,4.5,Luxury Vacationer
TRIP_02641,USR_104,Bengaluru,Mount Abu,Rajasthan,North,Hill Station & Temple,1921,5.99,3,Flight,2,Winter,Luxury Resort,21070,18627,12575,2534,3091,57897,4.2,Luxury Vacationer
TRIP_02642,USR_148,Delhi,Amritsar,Punjab,North,Spiritual & Heritage,450,9.31,1,Car,1,Winter,Luxury Resort,9188,6721,1907,917,1232,19965,4.7,Luxury Vacationer
TRIP_02643,USR_124,Chennai,Coorg,Karnataka,South,Nature & Coffee,585,10.92,2,Train,3,Winter,Luxury Resort,4050,35288,9303,2542,3860,55043,4.4,Luxury Vacationer
TRIP_02644,USR_215,Pune,Goa,Goa,West,Beach & Nightlife,440,11.54,4,Bus,2,Summer,Budget Hotel,2412,10436,4667,2288,996,20799,4.4,Budget Traveler
TRIP_02645,USR_279,Kolkata,Rishikesh,Uttarakhand,North,Spiritual & Adventure,1731,35.8,4,Car,1,Summer,Mid-Range 3-Star,36929,11036,4573,776,2773,56087,4.4,Luxury Vacationer
TRIP_02646,USR_144,Jaipur,Srinagar,Jammu & Kashmir,North,Lakes & Paradise Valley,1910,5.97,3,Flight,4,Monsoon,Luxury Resort,33883,42492,24789,2227,4887,108278,4.4,Luxury Vacationer
TRIP_02647,USR_327,Hyderabad,Mysore,Karnataka,South,Heritage & Palaces,710,13.29,2,Train,4,Monsoon,Luxury Resort,4219,13760,16169,5367,3383,42898,4.5,Luxury Vacationer
TRIP_02648,USR_314,Jaipur,Jaisalmer,Rajasthan,North,Desert & Heritage,560,14.68,3,Bus,4,Winter,Mid-Range 3-Star,5614,23988,8412,3453,3775,45242,4.8,Family Explorer
TRIP_02649,USR_131,Bengaluru,Wayanad,Kerala,South,Nature & Wildlife,275,5.47,2,Train,5,Autumn,Luxury Resort,2501,50028,15236,5465,2955,76185,4.4,Luxury Vacationer
TRIP_02650,USR_248,Kochi,Khajuraho,Madhya Pradesh,Central,Heritage & Art,1071,28.08,3,Bus,2,Summer,Mid-Range 3-Star,4556,8319,7078,2564,1896,24413,4.4,Frequent Nomad
TRIP_02651,USR_320,Hyderabad,Pachmarhi,Madhya Pradesh,Central,Hill Station & Waterfalls,828,17.12,5,Car,2,Summer,Luxury Resort,19247,33750,20714,2798,4976,81485,3.9,Luxury Vacationer
TRIP_02652,USR_115,Kochi,Tirupati,Andhra Pradesh,South,Spiritual & Pilgrimage,1597,28.07,3,Train,4,Winter,Mid-Range 3-Star,10187,14892,8968,4319,2936,41302,4.9,Family Explorer
TRIP_02653,USR_313,Chennai,Tirupati,Andhra Pradesh,South,Spiritual & Pilgrimage,135,3.88,1,Train,2,Summer,Luxury Resort,860,4273,2944,1574,675,10326,4.9,Luxury Vacationer
TRIP_02654,USR_138,Jaipur,Ranthambore,Rajasthan,North,Wildlife Safari,160,3.31,2,Car,3,Monsoon,Homestay,3800,12032,3895,5922,1265,26914,4.5,Family Explorer
TRIP_02655,USR_312,Jaipur,Udaipur,Rajasthan,North,Heritage & Romance,395,10.36,3,Bus,5,Winter,Budget Hotel,4298,31923,9718,10763,3902,60604,5.0,Family Explorer
TRIP_02656,USR_316,Chennai,Chikmagalur,Karnataka,South,Hill Station & Coffee,600,3.59,2,Flight,2,Winter,Homestay,11104,5544,2033,2642,1777,23100,4.7,Frequent Nomad
TRIP_02657,USR_281,Pune,Mussoorie,Uttarakhand,North,Hill Station,1637,28.03,4,Train,4,Summer,Luxury Resort,13139,57552,35960,6211,7560,120422,4.5,Luxury Vacationer
TRIP_02658,USR_170,Jaipur,Leh-Ladakh,Ladakh,North,Adventure & Mountain,1666,29.28,5,Train,4,Summer,Luxury Resort,10422,91910,38566,6420,10840,158158,4.9,Luxury Vacationer
TRIP_02659,USR_189,Chennai,Srinagar,Jammu & Kashmir,North,Lakes & Paradise Valley,1036,4.38,5,Flight,2,Monsoon,Mid-Range 3-Star,11424,16770,9135,2543,1694,41566,4.3,Frequent Nomad
TRIP_02660,USR_254,Jaipur,Varanasi,Uttar Pradesh,North,Spiritual & Heritage,850,17.58,4,Car,4,Winter,Luxury Resort,17144,52760,29120,5071,5112,109207,4.0,Luxury Vacationer
TRIP_02661,USR_186,Mumbai,Mussoorie,Uttarakhand,North,Hill Station,755,19.8,2,Bus,6,Winter,Homestay,8727,15834,6401,3699,1470,36131,4.5,Budget Traveler
TRIP_02662,USR_291,Pune,Rann of Kutch,Gujarat,West,Desert & Culture,973,4.27,1,Flight,3,Monsoon,Homestay,16320,6412,1448,3919,2005,30104,4.6,Luxury Vacationer
TRIP_02663,USR_109,Kochi,Mussoorie,Uttarakhand,North,Hill Station,978,25.65,3,Bus,2,Winter,Luxury Resort,3486,20136,12107,1200,2425,39354,5.0,Luxury Vacationer
TRIP_02664,USR_291,Kochi,Khajuraho,Madhya Pradesh,Central,Heritage & Art,700,18.36,3,Bus,2,Summer,Mid-Range 3-Star,2752,7920,6480,3258,749,21159,4.5,Frequent Nomad
TRIP_02665,USR_305,Hyderabad,Gokarna,Karnataka,South,Beach & Spiritual,640,12.25,2,Train,2,Autumn,Luxury Resort,2076,11816,6252,1121,1117,22382,5.0,Luxury Vacationer
TRIP_02666,USR_139,Jaipur,Jim Corbett,Uttarakhand,North,Wildlife Safari,1877,5.91,3,Flight,2,Autumn,Homestay,21816,12852,2515,3939,3394,44516,4.7,Frequent Nomad
TRIP_02667,USR_157,Kochi,Haridwar,Uttarakhand,North,Spiritual & Heritage,811,14.52,2,Train,6,Summer,Homestay,7759,8256,5025,7321,1723,30084,4.8,Budget Traveler
TRIP_02668,USR_327,Chennai,Ooty,Tamil Nadu,South,Hill Station,560,11.58,4,Car,2,Monsoon,Homestay,12357,7272,3290,1574,1179,25672,4.9,Budget Traveler
TRIP_02669,USR_328,Delhi,Haridwar,Uttarakhand,North,Spiritual & Heritage,220,5.77,2,Bus,2,Winter,Homestay,1205,3872,2161,906,569,8713,5.0,Budget Traveler
TRIP_02670,USR_329,Jaipur,Kovalam,Kerala,South,Beach & Wellness,475,9.82,5,Car,3,Monsoon,Luxury Resort,10552,51940,33795,3842,7820,107949,5.0,Luxury Vacationer
TRIP_02671,USR_130,Kochi,Mount Abu,Rajasthan,North,Hill Station & Temple,1620,5.45,2,Flight,2,Autumn,Budget Hotel,19374,4376,1863,2480,1496,29589,4.7,Frequent Nomad
TRIP_02672,USR_287,Mumbai,Shimla,Himachal Pradesh,North,Hill Station,1750,30.4,4,Train,2,Monsoon,Homestay,6606,7544,3844,1304,876,20174,4.3,Budget Traveler
TRIP_02673,USR_311,Kochi,Hampi,Karnataka,South,Heritage & Archaeology,1776,30.88,5,Train,2,Autumn,Mid-Range 3-Star,5403,14060,11807,2220,2443,35933,5.0,Frequent Nomad
TRIP_02674,USR_247,Chennai,Pondicherry,Puducherry,South,Beach & French Heritage,150,3.1,3,Car,2,Autumn,Luxury Resort,4322,27033,9967,2369,1709,45400,4.4,Luxury Vacationer
TRIP_02675,USR_143,Bengaluru,Havelock Island,Andaman & Nicobar,Islands,Beach & Scuba,1494,5.22,5,Flight,3,Monsoon,Luxury Resort,22506,115360,35028,4731,8241,185866,5.0,Luxury Vacationer
TRIP_02676,USR_103,Pune,Ranthambore,Rajasthan,North,Wildlife Safari,1339,23.77,2,Train,2,Autumn,Budget Hotel,4616,6114,2588,4168,1228,18714,4.9,Frequent Nomad
TRIP_02677,USR_313,Chandigarh,Madurai,Tamil Nadu,South,Heritage & Temple,1839,31.52,3,Train,4,Autumn,Mid-Range 3-Star,10016,18270,12784,3023,2407,46500,5.0,Family Explorer
TRIP_02678,USR_320,Kochi,Mysore,Karnataka,South,Heritage & Palaces,795,13.9,3,Train,2,Summer,Mid-Range 3-Star,2781,7905,6922,1559,1419,20586,4.4,Frequent Nomad
TRIP_02679,USR_207,Delhi,Havelock Island,Andaman & Nicobar,Islands,Beach & Scuba,1686,5.57,3,Flight,2,Monsoon,Mid-Range 3-Star,14925,17124,4803,2106,3119,42077,4.8,Frequent Nomad
TRIP_02680,USR_207,Hyderabad,Ranthambore,Rajasthan,North,Wildlife Safari,1806,30.9,4,Train,4,Monsoon,Luxury Resort,12458,53936,23001,8718,3660,101773,4.5,Luxury Vacationer
TRIP_02681,USR_138,Kochi,Gokarna,Karnataka,South,Beach & Spiritual,1228,4.73,4,Flight,1,Autumn,Homestay,8425,8508,1821,1253,980,20987,4.4,Frequent Nomad
TRIP_02682,USR_281,Mumbai,Varanasi,Uttar Pradesh,North,Spiritual & Heritage,1500,5.23,2,Flight,4,Summer,Mid-Range 3-Star,31569,10748,7857,1513,4016,55703,3.9,Family Explorer
TRIP_02683,USR_102,Bengaluru,Bodh Gaya,Bihar,East,Spiritual & Buddhist Heritage,703,13.12,3,Train,6,Winter,Mid-Range 3-Star,7596,23589,19079,7184,2637,60085,4.6,Family Explorer
TRIP_02684,USR_320,Mumbai,Mount Abu,Rajasthan,North,Hill Station & Temple,760,15.72,2,Car,6,Monsoon,Mid-Range 3-Star,15340,18096,13719,3922,3213,54290,5.0,Family Explorer
TRIP_02685,USR_192,Chandigarh,Khajuraho,Madhya Pradesh,Central,Heritage & Art,1740,5.66,1,Flight,2,Monsoon,Budget Hotel,15586,1069,734,2566,1321,21276,4.6,Luxury Vacationer
TRIP_02686,USR_227,Bengaluru,Mount Abu,Rajasthan,North,Hill Station & Temple,1049,18.94,3,Train,2,Monsoon,Budget Hotel,3478,3348,2983,1417,648,11874,5.0,Budget Traveler
TRIP_02687,USR_248,Kolkata,Shillong,Meghalaya,Northeast,Nature & Waterfalls,1080,19.69,4,Train,4,Autumn,Homestay,8770,21168,9834,5821,3845,49438,4.7,Budget Traveler
TRIP_02688,USR_184,Mumbai,Puri,Odisha,East,Coastal & Spiritual,1622,5.45,5,Flight,1,Winter,Mid-Range 3-Star,9326,14300,5968,831,2602,33027,4.4,Frequent Nomad
TRIP_02689,USR_178,Kochi,Chikmagalur,Karnataka,South,Hill Station & Coffee,635,13.13,3,Car,1,Summer,Luxury Resort,14085,17724,6382,811,2018,41020,4.4,Luxury Vacationer
TRIP_02690,USR_111,Pune,Varanasi,Uttar Pradesh,North,Spiritual & Heritage,1112,19.26,3,Train,2,Winter,Budget Hotel,4111,4374,3165,1273,1026,13949,4.4,Budget Traveler
TRIP_02691,USR_344,Mumbai,Shillong,Meghalaya,Northeast,Nature & Waterfalls,905,4.15,3,Flight,2,Monsoon,Homestay,10852,5274,3170,1122,1721,22139,4.6,Budget Traveler
TRIP_02692,USR_276,Hyderabad,Mysore,Karnataka,South,Heritage & Palaces,710,13.57,1,Train,3,Winter,Luxury Resort,4004,9546,4362,2645,1384,21941,4.7,Luxury Vacationer
TRIP_02693,USR_198,Pune,Ooty,Tamil Nadu,South,Hill Station,1063,18.53,3,Train,3,Winter,Luxury Resort,5069,36966,17247,2052,5009,66343,4.8,Luxury Vacationer
TRIP_02694,USR_121,Pune,Manali,Himachal Pradesh,North,Hill Station & Adventure,831,14.52,5,Train,2,Summer,Mid-Range 3-Star,3423,13730,10635,2461,1633,31882,4.6,Frequent Nomad
TRIP_02695,USR_190,Jaipur,Mount Abu,Rajasthan,North,Hill Station & Temple,495,10.24,3,Car,6,Winter,Budget Hotel,11065,14364,9114,3839,1653,40035,4.9,Budget Traveler
TRIP_02696,USR_240,Pune,Pachmarhi,Madhya Pradesh,Central,Hill Station & Waterfalls,1914,39.58,2,Car,3,Autumn,Budget Hotel,35036,6092,3448,1638,3350,49564,4.5,Luxury Vacationer
TRIP_02697,USR_302,Kochi,Hampi,Karnataka,South,Heritage & Archaeology,1512,25.86,1,Train,4,Winter,Budget Hotel,12514,2338,2372,2385,1249,20858,5.0,Family Explorer
TRIP_02698,USR_334,Hyderabad,Tirupati,Andhra Pradesh,South,Spiritual & Pilgrimage,560,11.58,3,Car,4,Winter,Luxury Resort,11966,34368,21050,3976,3462,74822,5.0,Luxury Vacationer
TRIP_02699,USR_203,Hyderabad,Kodaikanal,Tamil Nadu,South,Hill Station,1179,30.92,2,Bus,2,Monsoon,Budget Hotel,5362,2498,2287,2902,756,13805,4.7,Budget Traveler
TRIP_02700,USR_237,Kochi,Manali,Himachal Pradesh,North,Hill Station & Adventure,1477,5.19,4,Flight,3,Autumn,Luxury Resort,24938,48072,16965,5192,6824,101991,4.0,Luxury Vacationer
TRIP_02701,USR_153,Mumbai,Mussoorie,Uttarakhand,North,Hill Station,1593,5.4,4,Flight,1,Monsoon,Budget Hotel,7933,5776,1521,647,1149,17026,4.0,Frequent Nomad
TRIP_02702,USR_154,Mumbai,Goa,Goa,West,Beach & Nightlife,585,12.1,4,Car,4,Summer,Mid-Range 3-Star,11688,37016,15700,6834,3600,74838,4.6,Family Explorer
TRIP_02703,USR_271,Chennai,Gokarna,Karnataka,South,Beach & Spiritual,1428,29.53,3,Car,1,Winter,Luxury Resort,28472,16944,4756,949,3176,54297,4.9,Luxury Vacationer
TRIP_02704,USR_128,Bengaluru,Pushkar,Rajasthan,North,Cultural & Desert,821,15.37,2,Train,2,Autumn,Homestay,3230,4306,2500,2020,901,12957,5.0,Budget Traveler
TRIP_02705,USR_342,Bengaluru,Ranthambore,Rajasthan,North,Wildlife Safari,1101,4.5,2,Flight,6,Autumn,Budget Hotel,41193,16716,5753,11695,2859,78216,5.0,Family Explorer
TRIP_02706,USR_132,Mumbai,Rann of Kutch,Gujarat,West,Desert & Culture,850,15.98,3,Train,3,Summer,Homestay,3927,17520,4114,4116,1782,31459,4.5,Budget Traveler
TRIP_02707,USR_285,Mumbai,Coorg,Karnataka,South,Nature & Coffee,1328,27.47,3,Car,1,Summer,Homestay,25583,6603,1590,1308,2771,37855,4.0,Luxury Vacationer
TRIP_02708,USR_317,Bengaluru,Munnar,Kerala,South,Hill Station,475,12.46,2,Bus,2,Autumn,Budget Hotel,2170,4332,2057,2197,518,11274,4.6,Budget Traveler
TRIP_02709,USR_123,Bengaluru,Agra,Uttar Pradesh,North,Heritage & Monument,1900,5.95,2,Flight,2,Winter,Homestay,20174,5172,1546,4641,2594,34127,4.8,Luxury Vacationer
TRIP_02710,USR_328,Jaipur,Bandipur,Karnataka,South,Wildlife Safari,477,9.87,3,Car,2,Monsoon,Mid-Range 3-Star,11305,13329,6829,4722,2201,38386,4.7,Frequent Nomad
TRIP_02711,USR_127,Kolkata,Kodaikanal,Tamil Nadu,South,Hill Station,1580,5.37,4,Flight,4,Summer,Mid-Range 3-Star,32083,21816,13443,2083,4325,73750,4.8,Family Explorer
TRIP_02712,USR_252,Hyderabad,Puri,Odisha,East,Coastal & Spiritual,521,13.66,3,Bus,2,Autumn,Homestay,2391,6402,2712,1938,932,14375,5.0,Budget Traveler
TRIP_02713,USR_264,Jaipur,Jim Corbett,Uttarakhand,North,Wildlife Safari,1620,28.23,4,Train,3,Winter,Homestay,7481,32488,5298,6864,2599,54730,4.7,Family Explorer
TRIP_02714,USR_192,Kochi,Diu,Daman and Diu,West,Beach & Portuguese Fort,1357,4.97,2,Flight,2,Autumn,Homestay,16056,4400,2313,1833,1939,26541,4.6,Frequent Nomad
TRIP_02715,USR_255,Bengaluru,Havelock Island,Andaman & Nicobar,Islands,Beach & Scuba,1157,4.6,4,Flight,2,Summer,Budget Hotel,14550,10320,5121,2555,2333,34879,4.7,Frequent Nomad
TRIP_02716,USR_132,Kochi,Alleppey,Kerala,South,Backwaters & Houseboat,55,2.75,2,Train,1,Autumn,Mid-Range 3-Star,216,10068,2366,1009,968,14627,4.9,Frequent Nomad
TRIP_02717,USR_215,Pune,Manali,Himachal Pradesh,North,Hill Station & Adventure,697,14.42,5,Car,2,Autumn,Luxury Resort,15952,31020,14094,2546,2909,66521,5.0,Luxury Vacationer
TRIP_02718,USR_307,Pune,Tirupati,Andhra Pradesh,South,Spiritual & Pilgrimage,1667,5.53,2,Flight,2,Autumn,Luxury Resort,18502,11014,7373,1794,2562,41245,4.9,Luxury Vacationer
TRIP_02719,USR_276,Kolkata,Kodaikanal,Tamil Nadu,South,Hill Station,773,15.99,4,Car,2,Winter,Mid-Range 3-Star,16037,14820,5946,1758,2076,40637,4.2,Frequent Nomad
TRIP_02720,USR_347,Delhi,Mahabaleshwar,Maharashtra,West,Hill Station,760,19.93,1,Bus,2,Monsoon,Luxury Resort,2680,6387,3570,3061,739,16437,3.9,Luxury Vacationer
TRIP_02721,USR_200,Bengaluru,Chikmagalur,Karnataka,South,Hill Station & Coffee,245,6.42,3,Bus,2,Summer,Budget Hotel,1509,5016,2711,2298,872,12406,4.5,Budget Traveler
TRIP_02722,USR_330,Delhi,Mahabaleshwar,Maharashtra,West,Hill Station,857,15.07,3,Train,3,Winter,Budget Hotel,4394,12744,4267,4806,1657,27868,4.2,Budget Traveler
TRIP_02723,USR_174,Mumbai,Darjeeling,West Bengal,East,Hill Station & Tea,756,3.87,4,Flight,3,Summer,Budget Hotel,14544,10472,4728,2709,1650,34103,4.0,Budget Traveler
TRIP_02724,USR_291,Delhi,Tawang,Arunachal Pradesh,Northeast,Himalayan & Monastery,673,3.72,6,Flight,2,Monsoon,Budget Hotel,8278,8262,7452,2243,1279,27514,4.8,Budget Traveler
TRIP_02725,USR_278,Delhi,Haridwar,Uttarakhand,North,Spiritual & Heritage,220,4.55,4,Car,4,Autumn,Luxury Resort,6245,45040,28231,1664,3728,84908,5.0,Luxury Vacationer
TRIP_02726,USR_339,Jaipur,Agra,Uttar Pradesh,North,Heritage & Monument,240,4.96,1,Car,2,Summer,Budget Hotel,5147,1332,1108,2912,353,10852,5.0,Frequent Nomad
TRIP_02727,USR_104,Chennai,Haridwar,Uttarakhand,North,Spiritual & Heritage,1610,27.56,2,Train,1,Autumn,Mid-Range 3-Star,2673,5052,2393,1039,893,12050,4.6,Frequent Nomad
TRIP_02728,USR_308,Delhi,Haridwar,Uttarakhand,North,Spiritual & Heritage,220,4.55,3,Car,3,Monsoon,Mid-Range 3-Star,5291,12078,10548,1358,1473,30748,4.4,Family Explorer
TRIP_02729,USR_280,Kolkata,Puri,Odisha,East,Coastal & Spiritual,500,13.11,3,Bus,1,Summer,Homestay,1396,5433,1791,672,731,10023,4.6,Budget Traveler
TRIP_02730,USR_133,Hyderabad,Hampi,Karnataka,South,Heritage & Archaeology,375,9.83,2,Bus,6,Monsoon,Budget Hotel,5518,4962,6094,4024,688,21286,4.7,Budget Traveler
TRIP_02731,USR_112,Delhi,Shillong,Meghalaya,Northeast,Nature & Waterfalls,1138,19.81,4,Train,2,Monsoon,Homestay,3997,7424,2817,1830,941,17009,4.9,Budget Traveler
TRIP_02732,USR_335,Pune,Pachmarhi,Madhya Pradesh,Central,Hill Station & Waterfalls,540,10.31,4,Train,2,Summer,Luxury Resort,2282,20188,19146,2669,1987,46272,4.0,Luxury Vacationer
TRIP_02733,USR_261,Kochi,Amritsar,Punjab,North,Spiritual & Heritage,875,16.11,2,Train,4,Winter,Homestay,6028,9352,3663,2982,1618,23643,4.6,Budget Traveler
TRIP_02734,USR_135,Pune,Udaipur,Rajasthan,North,Heritage & Romance,860,17.79,4,Car,1,Winter,Budget Hotel,17914,12584,1498,1708,1287,34991,5.0,Luxury Vacationer
TRIP_02735,USR_310,Bengaluru,Ooty,Tamil Nadu,South,Hill Station,280,5.79,2,Car,2,Autumn,Budget Hotel,5765,3396,2346,3214,703,15424,4.7,Budget Traveler
TRIP_02736,USR_219,Kolkata,Leh-Ladakh,Ladakh,North,Adventure & Mountain,869,22.79,5,Bus,4,Summer,Budget Hotel,7929,25610,9872,7140,2680,53231,4.4,Budget Traveler
TRIP_02737,USR_159,Delhi,Leh-Ladakh,Ladakh,North,Adventure & Mountain,980,4.28,5,Flight,2,Autumn,Homestay,14452,20400,4902,3083,3370,46207,5.0,Frequent Nomad
TRIP_02738,USR_303,Kolkata,Pondicherry,Puducherry,South,Beach & French Heritage,1053,4.41,3,Flight,1,Monsoon,Luxury Resort,6086,15240,6723,1249,2176,31474,5.0,Luxury Vacationer
TRIP_02739,USR_288,Jaipur,Jodhpur,Rajasthan,North,Heritage & Culture,330,6.83,2,Car,4,Winter,Luxury Resort,6707,32640,20131,4543,4422,68443,4.5,Luxury Vacationer
TRIP_02740,USR_140,Kochi,Havelock Island,Andaman & Nicobar,Islands,Beach & Scuba,972,17.38,4,Train,2,Summer,Homestay,3491,16032,3492,3806,1211,28032,5.0,Budget Traveler
TRIP_02741,USR_131,Mumbai,Varanasi,Uttar Pradesh,North,Spiritual & Heritage,1500,31.02,4,Car,4,Summer,Homestay,29297,14392,10061,2591,2816,59157,4.7,Budget Traveler
TRIP_02742,USR_131,Kolkata,Tawang,Arunachal Pradesh,Northeast,Himalayan & Monastery,1525,27.11,1,Train,3,Summer,Luxury Resort,7881,12024,7290,2967,1448,31610,4.9,Luxury Vacationer
TRIP_02743,USR_199,Pune,Mussoorie,Uttarakhand,North,Hill Station,1173,20.07,3,Train,2,Autumn,Luxury Resort,4629,21648,9566,3143,1692,40678,5.0,Luxury Vacationer
TRIP_02744,USR_348,Mumbai,Haridwar,Uttarakhand,North,Spiritual & Heritage,1770,5.72,2,Flight,2,Summer,Budget Hotel,18817,2492,2430,2676,1714,28129,4.7,Frequent Nomad
TRIP_02745,USR_224,Jaipur,Shillong,Meghalaya,Northeast,Nature & Waterfalls,1351,4.96,4,Flight,4,Summer,Luxury Resort,31108,44048,33894,1771,6320,117141,5.0,Luxury Vacationer
TRIP_02746,USR_300,Hyderabad,Diu,Daman and Diu,West,Beach & Portuguese Fort,1650,5.5,1,Flight,1,Autumn,Homestay,9074,2480,470,856,1121,14001,4.6,Luxury Vacationer
TRIP_02747,USR_240,Hyderabad,Pondicherry,Puducherry,South,Beach & French Heritage,780,13.77,1,Train,2,Winter,Mid-Range 3-Star,2543,4199,2398,2487,682,12309,4.4,Frequent Nomad
TRIP_02748,USR_244,Bengaluru,Jaipur,Rajasthan,North,Heritage & Culture,1950,6.05,4,Flight,1,Monsoon,Luxury Resort,8086,22152,6854,1818,3151,42061,4.8,Luxury Vacationer
TRIP_02749,USR_220,Jaipur,Haridwar,Uttarakhand,North,Spiritual & Heritage,630,13.03,2,Car,6,Autumn,Budget Hotel,13662,8100,7041,8637,1316,38756,4.2,Budget Traveler
TRIP_02750,USR_277,Pune,Tawang,Arunachal Pradesh,Northeast,Himalayan & Monastery,1142,4.58,5,Flight,2,Monsoon,Mid-Range 3-Star,12963,15755,11032,2387,2205,44342,5.0,Frequent Nomad
TRIP_02751,USR_119,Chandigarh,Darjeeling,West Bengal,East,Hill Station & Tea,1473,26.43,4,Train,2,Summer,Homestay,4922,9172,4983,2364,965,22406,4.8,Budget Traveler
TRIP_02752,USR_203,Kochi,Ranthambore,Rajasthan,North,Wildlife Safari,1514,26.45,4,Train,3,Autumn,Mid-Range 3-Star,7375,50632,11753,6226,4082,80068,4.2,Family Explorer
TRIP_02753,USR_225,Kolkata,Havelock Island,Andaman & Nicobar,Islands,Beach & Scuba,599,3.59,4,Flight,1,Monsoon,Homestay,5077,14840,1428,1317,1235,23897,5.0,Frequent Nomad
TRIP_02754,USR_211,Kochi,Udaipur,Rajasthan,North,Heritage & Romance,843,17.43,1,Car,6,Summer,Budget Hotel,16405,8436,2753,5600,1239,34433,4.7,Family Explorer
TRIP_02755,USR_257,Bengaluru,Mahabaleshwar,Maharashtra,West,Hill Station,1080,18.96,3,Train,2,Winter,Homestay,3694,9069,2552,2805,852,18972,4.9,Budget Traveler
TRIP_02756,USR_250,Chandigarh,Ooty,Tamil Nadu,South,Hill Station,628,3.64,3,Flight,2,Winter,Luxury Resort,11716,17010,13996,1672,2888,47282,4.6,Luxury Vacationer
TRIP_02757,USR_256,Chennai,Wayanad,Kerala,South,Nature & Wildlife,610,11.18,3,Train,2,Winter,Luxury Resort,2490,20109,8592,3188,1960,36339,4.8,Luxury Vacationer
TRIP_02758,USR_271,Delhi,Mysore,Karnataka,South,Heritage & Palaces,1375,28.44,1,Car,4,Summer,Budget Hotel,25857,2720,1617,2792,1761,34747,4.4,Luxury Vacationer
TRIP_02759,USR_273,Mumbai,Coorg,Karnataka,South,Nature & Coffee,1195,21.27,1,Train,2,Autumn,Luxury Resort,5094,10428,4986,2111,1638,24257,4.4,Luxury Vacationer
TRIP_02760,USR_293,Hyderabad,Khajuraho,Madhya Pradesh,Central,Heritage & Art,1020,18.43,1,Train,4,Autumn,Homestay,7291,4372,1408,3186,1054,17311,4.4,Family Explorer
TRIP_02761,USR_125,Kochi,Haridwar,Uttarakhand,North,Spiritual & Heritage,1472,25.97,4,Train,1,Summer,Homestay,3042,6888,1405,808,684,12827,5.0,Budget Traveler
TRIP_02762,USR_231,Jaipur,Pushkar,Rajasthan,North,Cultural & Desert,145,3.8,1,Bus,3,Autumn,Budget Hotel,1548,2522,1358,1621,330,7379,4.0,Budget Traveler
TRIP_02763,USR_197,Kochi,Bodh Gaya,Bihar,East,Spiritual & Buddhist Heritage,1050,4.41,1,Flight,2,Summer,Homestay,12535,1696,862,1003,785,16881,4.2,Luxury Vacationer
TRIP_02764,USR_226,Pune,Gangtok,Sikkim,Northeast,Hill Station & Monastery,1797,31.78,4,Train,1,Autumn,Mid-Range 3-Star,3613,16488,4396,1090,1943,27530,4.8,Frequent Nomad
TRIP_02765,USR_200,Pune,Spiti Valley,Himachal Pradesh,North,Adventure & Mountain,981,18.31,5,Train,1,Monsoon,Budget Hotel,2070,6185,2963,1460,1059,13737,5.0,Budget Traveler
TRIP_02766,USR_322,Hyderabad,Diu,Daman and Diu,West,Beach & Portuguese Fort,523,9.6,3,Train,1,Summer,Mid-Range 3-Star,1010,7974,3000,1210,967,14161,4.2,Frequent Nomad
TRIP_02767,USR_292,Jaipur,Spiti Valley,Himachal Pradesh,North,Adventure & Mountain,1265,4.8,5,Flight,2,Monsoon,Homestay,12347,9050,6132,2802,1678,32009,4.7,Budget Traveler
TRIP_02768,USR_242,Chennai,Bandipur,Karnataka,South,Wildlife Safari,520,10.75,3,Car,6,Autumn,Budget Hotel,11025,25515,9181,14573,2340,62634,5.0,Budget Traveler
TRIP_02769,USR_256,Bengaluru,Darjeeling,West Bengal,East,Hill Station & Tea,1283,4.83,4,Flight,4,Autumn,Mid-Range 3-Star,32473,34568,16773,5627,5739,95180,4.2,Family Explorer
TRIP_02770,USR_218,Delhi,Coorg,Karnataka,South,Nature & Coffee,1012,17.89,3,Train,6,Winter,Luxury Resort,12617,67914,40460,5417,5172,131580,4.6,Luxury Vacationer
TRIP_02771,USR_289,Mumbai,Mount Abu,Rajasthan,North,Hill Station & Temple,760,15.72,2,Car,4,Monsoon,Homestay,15242,8060,3294,6198,1809,34603,3.9,Family Explorer
TRIP_02772,USR_266,Pune,Leh-Ladakh,Ladakh,North,Adventure & Mountain,1866,5.89,5,Flight,2,Autumn,Luxury Resort,20468,61315,24209,4224,5489,115705,4.9,Luxury Vacationer
TRIP_02773,USR_301,Chandigarh,Spiti Valley,Himachal Pradesh,North,Adventure & Mountain,1421,24.35,5,Train,3,Monsoon,Homestay,8284,18940,8660,4264,1550,41698,5.0,Budget Traveler
TRIP_02774,USR_123,Chennai,Rishikesh,Uttarakhand,North,Spiritual & Adventure,1736,35.9,2,Car,3,Autumn,Luxury Resort,35762,18896,14691,2757,6838,78944,4.8,Luxury Vacationer
TRIP_02775,USR_168,Chandigarh,Jaisalmer,Rajasthan,North,Desert & Heritage,1424,24.54,3,Train,3,Autumn,Homestay,8894,22008,3208,2484,3184,39778,4.7,Family Explorer
TRIP_02776,USR_215,Hyderabad,Leh-Ladakh,Ladakh,North,Adventure & Mountain,1895,32.88,6,Train,3,Autumn,Homestay,7389,52728,10666,4990,5555,81328,5.0,Family Explorer
TRIP_02777,USR_147,Pune,Kodaikanal,Tamil Nadu,South,Hill Station,830,17.17,3,Car,1,Autumn,Budget Hotel,18290,5571,1439,1013,1978,28291,4.2,Luxury Vacationer
TRIP_02778,USR_335,Jaipur,Haridwar,Uttarakhand,North,Spiritual & Heritage,695,3.76,2,Flight,2,Summer,Homestay,10790,2904,2506,1967,771,18938,4.5,Frequent Nomad
TRIP_02779,USR_226,Kochi,Shillong,Meghalaya,Northeast,Nature & Waterfalls,1195,4.67,5,Flight,3,Monsoon,Budget Hotel,20443,15040,9341,2792,3139,50755,4.8,Budget Traveler
TRIP_02780,USR_103,Hyderabad,Pushkar,Rajasthan,North,Cultural & Desert,1484,25.97,3,Train,1,Winter,Budget Hotel,2769,4983,1728,736,883,11099,4.0,Budget Traveler
TRIP_02781,USR_310,Pune,Leh-Ladakh,Ladakh,North,Adventure & Mountain,533,9.44,6,Train,2,Autumn,Luxury Resort,2309,67230,26602,2745,5396,104282,5.0,Luxury Vacationer
TRIP_02782,USR_349,Delhi,Ooty,Tamil Nadu,South,Hill Station,2400,6.86,2,Flight,3,Summer,Mid-Range 3-Star,34267,12108,5587,4512,4135,60609,4.9,Luxury Vacationer
TRIP_02783,USR_277,Chennai,Alleppey,Kerala,South,Backwaters & Houseboat,685,12.85,3,Train,5,Monsoon,Luxury Resort,5038,51345,21178,4798,7147,89506,4.5,Luxury Vacationer
TRIP_02784,USR_230,Delhi,Rann of Kutch,Gujarat,West,Desert & Culture,1248,4.77,2,Flight,1,Monsoon,Homestay,5912,6004,995,1551,905,15367,4.9,Luxury Vacationer
TRIP_02785,USR_169,Kolkata,Leh-Ladakh,Ladakh,North,Adventure & Mountain,535,3.47,3,Flight,4,Monsoon,Homestay,19546,13908,7698,5467,2563,49182,5.0,Family Explorer
TRIP_02786,USR_102,Hyderabad,Agra,Uttar Pradesh,North,Heritage & Monument,1280,26.47,1,Car,2,Autumn,Budget Hotel,23973,1538,1247,1969,2591,31318,4.7,Luxury Vacationer
TRIP_02787,USR_269,Chandigarh,Varkala,Kerala,South,Beach & Cliff,1230,4.74,4,Flight,5,Summer,Homestay,35627,20340,12349,3649,6685,78650,4.9,Budget Traveler
TRIP_02788,USR_191,Kolkata,Ooty,Tamil Nadu,South,Hill Station,951,17.01,4,Train,2,Winter,Budget Hotel,3053,8208,4707,1250,1082,18300,4.3,Budget Traveler
TRIP_02789,USR_337,Mumbai,Munnar,Kerala,South,Hill Station,690,3.75,3,Flight,4,Summer,Mid-Range 3-Star,20740,18726,13928,3206,2778,59378,5.0,Family Explorer
TRIP_02790,USR_271,Jaipur,Udaipur,Rajasthan,North,Heritage & Romance,395,8.22,2,Train,2,Winter,Luxury Resort,1337,28108,9961,4150,3424,46980,5.0,Luxury Vacationer
TRIP_02791,USR_109,Chandigarh,Darjeeling,West Bengal,East,Hill Station & Tea,564,10.35,3,Train,3,Monsoon,Mid-Range 3-Star,2811,16980,8622,4467,2159,35039,3.9,Family Explorer
TRIP_02792,USR_327,Delhi,Bodh Gaya,Bihar,East,Spiritual & Buddhist Heritage,1526,26.34,2,Train,2,Summer,Mid-Range 3-Star,4861,4494,3852,2659,952,16818,5.0,Frequent Nomad
TRIP_02793,USR_225,Mumbai,Haridwar,Uttarakhand,North,Spiritual & Heritage,834,15.05,1,Train,4,Summer,Mid-Range 3-Star,6365,5272,4536,2847,1491,20511,4.2,Family Explorer
TRIP_02794,USR_194,Kochi,Haridwar,Uttarakhand,North,Spiritual & Heritage,1307,4.88,2,Flight,3,Winter,Mid-Range 3-Star,24898,12848,4931,1346,2790,46813,4.2,Luxury Vacationer
TRIP_02795,USR_287,Chandigarh,Mahabaleshwar,Maharashtra,West,Hill Station,1071,4.45,2,Flight,4,Monsoon,Luxury Resort,24385,21204,14450,5753,4247,70039,4.2,Luxury Vacationer
TRIP_02796,USR_173,Chandigarh,Rameshwaram,Tamil Nadu,South,Coastal & Spiritual,685,13.02,4,Train,5,Monsoon,Homestay,5748,18696,11271,7004,1485,44204,4.9,Budget Traveler
TRIP_02797,USR_339,Pune,Havelock Island,Andaman & Nicobar,Islands,Beach & Scuba,1189,21.49,4,Train,1,Monsoon,Homestay,1932,12940,2012,1366,1396,19646,4.6,Frequent Nomad
TRIP_02798,USR_270,Mumbai,Chikmagalur,Karnataka,South,Hill Station & Coffee,1348,4.95,4,Flight,2,Monsoon,Mid-Range 3-Star,14227,11496,8110,1635,2519,37987,4.8,Frequent Nomad
TRIP_02799,USR_147,Hyderabad,Alleppey,Kerala,South,Backwaters & Houseboat,1900,32.36,4,Train,4,Winter,Luxury Resort,11693,63240,33666,4402,7406,120407,4.3,Luxury Vacationer
TRIP_02800,USR_110,Chennai,Gangtok,Sikkim,Northeast,Hill Station & Monastery,577,15.13,3,Bus,6,Monsoon,Mid-Range 3-Star,8261,28755,15157,6977,4394,63544,4.0,Family Explorer
TRIP_02801,USR_219,Kolkata,Tawang,Arunachal Pradesh,Northeast,Himalayan & Monastery,666,13.77,6,Car,2,Autumn,Luxury Resort,15541,39612,22873,1335,4665,84026,4.9,Luxury Vacationer
TRIP_02802,USR_251,Delhi,Mahabaleshwar,Maharashtra,West,Hill Station,511,10.18,3,Train,1,Summer,Luxury Resort,1050,19221,7048,605,1346,29270,3.8,Luxury Vacationer
TRIP_02803,USR_299,Mumbai,Gangtok,Sikkim,Northeast,Hill Station & Monastery,752,15.55,5,Car,2,Autumn,Luxury Resort,18119,35795,23804,2651,4050,84419,4.8,Luxury Vacationer
TRIP_02804,USR_127,Kochi,Kovalam,Kerala,South,Beach & Wellness,210,4.34,4,Car,3,Winter,Budget Hotel,5980,16904,5066,2352,2733,33035,5.0,Budget Traveler
TRIP_02805,USR_328,Hyderabad,Ranthambore,Rajasthan,North,Wildlife Safari,833,15.02,3,Train,2,Winter,Homestay,3490,11247,3770,5344,1588,25439,5.0,Frequent Nomad
TRIP_02806,USR_207,Jaipur,Coorg,Karnataka,South,Nature & Coffee,1597,28.25,2,Train,1,Monsoon,Mid-Range 3-Star,3135,7414,1491,1386,518,13944,4.6,Frequent Nomad
TRIP_02807,USR_152,Bengaluru,Srinagar,Jammu & Kashmir,North,Lakes & Paradise Valley,631,13.05,5,Car,4,Monsoon,Mid-Range 3-Star,14787,36760,14934,4223,3582,74286,4.5,Family Explorer
TRIP_02808,USR_201,Jaipur,Mysore,Karnataka,South,Heritage & Palaces,544,10.87,3,Train,2,Summer,Luxury Resort,2169,11754,15337,2312,1785,33357,4.9,Luxury Vacationer
TRIP_02809,USR_274,Chennai,Manali,Himachal Pradesh,North,Hill Station & Adventure,2600,44.39,5,Train,2,Winter,Homestay,6974,13485,4608,1227,1613,27907,4.7,Budget Traveler
TRIP_02810,USR_113,Chennai,Spiti Valley,Himachal Pradesh,North,Adventure & Mountain,1900,5.95,5,Flight,1,Summer,Homestay,9878,10875,2400,526,2189,25868,5.0,Frequent Nomad
TRIP_02811,USR_271,Delhi,Kaziranga,Assam,Northeast,Wildlife Safari,1597,5.4,4,Flight,4,Autumn,Homestay,40002,33704,5901,5810,4603,90020,4.8,Family Explorer
TRIP_02812,USR_344,Kochi,Jodhpur,Rajasthan,North,Heritage & Culture,653,12.54,2,Train,3,Autumn,Luxury Resort,4119,31104,10365,3424,1845,50857,4.6,Luxury Vacationer
TRIP_02813,USR_160,Kolkata,Puri,Odisha,East,Coastal & Spiritual,500,3.41,1,Flight,1,Winter,Homestay,5091,1859,471,633,620,8674,4.6,Luxury Vacationer
TRIP_02814,USR_206,Kolkata,Leh-Ladakh,Ladakh,North,Adventure & Mountain,511,13.4,6,Bus,4,Monsoon,Luxury Resort,4223,100224,53305,5075,14075,176902,4.7,Luxury Vacationer
TRIP_02815,USR_205,Delhi,Chikmagalur,Karnataka,South,Hill Station & Coffee,1666,29.04,3,Train,2,Monsoon,Luxury Resort,6861,16314,10362,1642,2400,37579,4.5,Luxury Vacationer
TRIP_02816,USR_270,Bengaluru,Wayanad,Kerala,South,Nature & Wildlife,275,5.66,3,Train,3,Monsoon,Homestay,1862,13368,5048,4229,1212,25719,4.5,Budget Traveler
TRIP_02817,USR_212,Pune,Wayanad,Kerala,South,Nature & Wildlife,1788,5.75,2,Flight,1,Summer,Homestay,8370,4674,791,1409,1183,16427,4.6,Luxury Vacationer
TRIP_02818,USR_317,Jaipur,Madurai,Tamil Nadu,South,Heritage & Temple,1218,4.71,2,Flight,5,Monsoon,Luxury Resort,32623,21894,23693,7103,6231,91544,4.9,Luxury Vacationer
TRIP_02819,USR_238,Mumbai,Udaipur,Rajasthan,North,Heritage & Romance,750,19.67,1,Bus,4,Summer,Homestay,7054,7356,2569,6414,1249,24642,5.0,Family Explorer
TRIP_02820,USR_136,Mumbai,Coorg,Karnataka,South,Nature & Coffee,913,16.03,2,Train,2,Autumn,Luxury Resort,3762,18784,5855,2625,1483,32509,4.8,Luxury Vacationer
TRIP_02821,USR_206,Kochi,Wayanad,Kerala,South,Nature & Wildlife,250,5.17,3,Car,2,Monsoon,Luxury Resort,5440,16215,10773,2622,3074,38124,4.0,Luxury Vacationer
TRIP_02822,USR_184,Kochi,Rann of Kutch,Gujarat,West,Desert & Culture,1267,4.8,4,Flight,4,Monsoon,Luxury Resort,26173,62800,22440,4683,10136,126232,5.0,Luxury Vacationer
TRIP_02823,USR_134,Pune,Kovalam,Kerala,South,Beach & Wellness,1430,24.73,3,Train,1,Autumn,Mid-Range 3-Star,2205,15045,3552,593,877,22272,4.8,Frequent Nomad
TRIP_02824,USR_206,Bengaluru,Shillong,Meghalaya,Northeast,Nature & Waterfalls,1339,27.69,4,Car,4,Monsoon,Homestay,28458,16744,5894,6397,3607,61100,4.3,Budget Traveler
TRIP_02825,USR_214,Kolkata,Jaisalmer,Rajasthan,North,Desert & Heritage,1915,39.61,4,Car,1,Winter,Mid-Range 3-Star,35766,16384,3948,1304,4501,61903,5.0,Luxury Vacationer
TRIP_02826,USR_269,Chennai,Mahabaleshwar,Maharashtra,West,Hill Station,1287,22.89,2,Train,4,Monsoon,Homestay,10850,7136,4113,2050,1232,25381,4.1,Budget Traveler
TRIP_02827,USR_149,Mumbai,Rishikesh,Uttarakhand,North,Spiritual & Adventure,1600,28.52,5,Train,3,Autumn,Luxury Resort,7094,64490,36375,3992,4626,116577,4.1,Luxury Vacationer
TRIP_02828,USR_172,Mumbai,Gokarna,Karnataka,South,Beach & Spiritual,680,17.83,4,Bus,2,Summer,Budget Hotel,2489,4144,5156,2077,526,14392,4.6,Budget Traveler
TRIP_02829,USR_311,Kochi,Kodaikanal,Tamil Nadu,South,Hill Station,300,6.2,4,Car,2,Winter,Mid-Range 3-Star,7658,11892,6998,2546,2389,31483,5.0,Frequent Nomad
TRIP_02830,USR_176,Chandigarh,Bandipur,Karnataka,South,Wildlife Safari,1282,22.79,1,Train,2,Monsoon,Budget Hotel,3683,1977,711,3603,418,10392,4.3,Frequent Nomad
TRIP_02831,USR_346,Bengaluru,Alleppey,Kerala,South,Backwaters & Houseboat,580,12.0,2,Car,5,Summer,Mid-Range 3-Star,11745,27732,8560,6415,3302,57754,5.0,Family Explorer
TRIP_02832,USR_330,Hyderabad,Jaipur,Rajasthan,North,Heritage & Culture,1480,5.19,3,Flight,4,Summer,Budget Hotel,29172,10926,6904,9649,2186,58837,4.5,Family Explorer
TRIP_02833,USR_241,Chandigarh,Jaisalmer,Rajasthan,North,Desert & Heritage,1038,27.22,1,Bus,4,Monsoon,Homestay,7439,4932,2598,6292,638,21899,4.5,Family Explorer
TRIP_02834,USR_163,Bengaluru,Spiti Valley,Himachal Pradesh,North,Adventure & Mountain,708,14.64,7,Car,1,Autumn,Mid-Range 3-Star,15251,23219,6339,511,2388,47708,4.9,Frequent Nomad
TRIP_02835,USR_203,Bengaluru,Mount Abu,Rajasthan,North,Hill Station & Temple,1178,4.64,1,Flight,2,Monsoon,Budget Hotel,11558,1316,972,1139,933,15918,5.0,Luxury Vacationer
TRIP_02836,USR_136,Chennai,Haridwar,Uttarakhand,North,Spiritual & Heritage,945,4.22,2,Flight,1,Autumn,Luxury Resort,6241,12000,4537,309,2223,25310,4.6,Luxury Vacationer
TRIP_02837,USR_332,Pune,Tirupati,Andhra Pradesh,South,Spiritual & Pilgrimage,1448,5.13,1,Flight,4,Winter,Luxury Resort,34258,10690,10193,5863,2481,63485,4.5,Luxury Vacationer
TRIP_02838,USR_234,Bengaluru,Mysore,Karnataka,South,Heritage & Palaces,145,4.22,3,Train,3,Autumn,Homestay,1352,13866,4135,3888,1040,24281,4.0,Budget Traveler
TRIP_02839,USR_279,Delhi,Munnar,Kerala,South,Hill Station,1739,29.89,3,Train,1,Monsoon,Mid-Range 3-Star,3333,9441,3552,1148,1116,18590,3.6,Frequent Nomad
TRIP_02840,USR_115,Kochi,Bodh Gaya,Bihar,East,Spiritual & Buddhist Heritage,1057,18.33,2,Train,3,Summer,Budget Hotel,4903,4732,2366,3360,776,16137,4.3,Budget Traveler
TRIP_02841,USR_236,Hyderabad,Kovalam,Kerala,South,Beach & Wellness,1851,5.87,2,Flight,1,Monsoon,Budget Hotel,7777,3264,720,1273,1109,14143,4.5,Frequent Nomad
TRIP_02842,USR_183,Kolkata,Kaziranga,Assam,Northeast,Wildlife Safari,1050,19.17,2,Train,1,Winter,Budget Hotel,1619,4636,870,2249,380,9754,4.1,Frequent Nomad
TRIP_02843,USR_207,Delhi,Mussoorie,Uttarakhand,North,Hill Station,290,6.0,3,Car,3,Summer,Budget Hotel,6983,9546,3967,4543,823,25862,4.8,Budget Traveler
TRIP_02844,USR_310,Jaipur,Alleppey,Kerala,South,Backwaters & Houseboat,694,14.35,2,Car,2,Autumn,Mid-Range 3-Star,14996,8952,4093,1938,2515,32494,5.0,Luxury Vacationer
TRIP_02845,USR_292,Kolkata,Chikmagalur,Karnataka,South,Hill Station & Coffee,575,11.31,1,Train,1,Winter,Mid-Range 3-Star,1292,4402,784,1489,346,8313,4.4,Luxury Vacationer
TRIP_02846,USR_155,Chandigarh,Rameshwaram,Tamil Nadu,South,Coastal & Spiritual,1413,5.07,2,Flight,4,Winter,Luxury Resort,36203,25088,14791,3379,5805,85266,4.4,Luxury Vacationer
TRIP_02847,USR_196,Chennai,Jim Corbett,Uttarakhand,North,Wildlife Safari,1687,29.36,3,Train,2,Winter,Homestay,6699,13641,2530,3340,993,27203,5.0,Frequent Nomad
TRIP_02848,USR_189,Hyderabad,Bodh Gaya,Bihar,East,Spiritual & Buddhist Heritage,621,12.84,3,Car,2,Autumn,Homestay,13512,4764,2481,1290,1452,23499,5.0,Budget Traveler
TRIP_02849,USR_233,Chandigarh,Pachmarhi,Madhya Pradesh,Central,Hill Station & Waterfalls,977,16.85,3,Train,2,Monsoon,Mid-Range 3-Star,4054,7893,5088,1949,833,19817,4.5,Frequent Nomad
TRIP_02850,USR_290,Hyderabad,Madurai,Tamil Nadu,South,Heritage & Temple,864,15.6,4,Train,2,Monsoon,Luxury Resort,3913,17708,19504,1307,2088,44520,4.8,Luxury Vacationer
TRIP_02851,USR_104,Kochi,Kaziranga,Assam,Northeast,Wildlife Safari,1777,30.75,5,Train,1,Monsoon,Homestay,3211,12720,2978,2020,1866,22795,5.0,Frequent Nomad
TRIP_02852,USR_313,Pune,Rameshwaram,Tamil Nadu,South,Coastal & Spiritual,582,11.04,1,Train,4,Winter,Budget Hotel,3448,3444,2127,2257,814,12090,4.6,Budget Traveler
TRIP_02853,USR_251,Bengaluru,Bodh Gaya,Bihar,East,Spiritual & Buddhist Heritage,1020,4.35,4,Flight,2,Winter,Budget Hotel,12885,5576,4893,1799,1503,26656,5.0,Budget Traveler
TRIP_02854,USR_144,Jaipur,Munnar,Kerala,South,Hill Station,1155,30.29,4,Bus,2,Autumn,Luxury Resort,5634,35956,18734,2548,4092,66964,4.9,Luxury Vacationer
TRIP_02855,USR_279,Pune,Puri,Odisha,East,Coastal & Spiritual,715,12.57,2,Train,2,Winter,Mid-Range 3-Star,2860,5792,4270,1334,538,14794,4.2,Frequent Nomad
TRIP_02856,USR_226,Kochi,Hampi,Karnataka,South,Heritage & Archaeology,1751,5.68,3,Flight,4,Monsoon,Mid-Range 3-Star,33068,11100,12515,5919,2775,65377,5.0,Family Explorer
TRIP_02857,USR_191,Bengaluru,Gokarna,Karnataka,South,Beach & Spiritual,485,10.03,2,Car,6,Monsoon,Luxury Resort,11144,21306,30246,7538,5256,75490,4.4,Luxury Vacationer
TRIP_02858,USR_301,Chandigarh,Rishikesh,Uttarakhand,North,Spiritual & Adventure,210,4.07,3,Train,4,Monsoon,Luxury Resort,1928,23514,27556,5595,3442,62035,4.8,Luxury Vacationer
TRIP_02859,USR_222,Delhi,Khajuraho,Madhya Pradesh,Central,Heritage & Art,650,13.44,2,Car,4,Winter,Homestay,13222,8640,4023,3327,1736,30948,5.0,Budget Traveler
TRIP_02860,USR_162,Hyderabad,Spiti Valley,Himachal Pradesh,North,Adventure & Mountain,1725,5.64,6,Flight,4,Monsoon,Mid-Range 3-Star,30056,27864,21439,4201,3765,87325,5.0,Family Explorer
TRIP_02861,USR_190,Mumbai,Bandipur,Karnataka,South,Wildlife Safari,523,10.13,2,Train,6,Winter,Budget Hotel,7184,19098,5732,9591,2836,44441,5.0,Budget Traveler
TRIP_02862,USR_129,Chandigarh,Manali,Himachal Pradesh,North,Hill Station & Adventure,290,6.0,4,Car,3,Autumn,Homestay,6452,18800,6457,3719,2327,37755,4.4,Budget Traveler
TRIP_02863,USR_111,Hyderabad,Diu,Daman and Diu,West,Beach & Portuguese Fort,1255,4.78,3,Flight,2,Summer,Luxury Resort,13550,15687,14470,2356,1887,47950,4.5,Luxury Vacationer
TRIP_02864,USR_254,Kolkata,Bandipur,Karnataka,South,Wildlife Safari,1574,27.11,3,Train,2,Autumn,Budget Hotel,5660,7659,2825,4752,927,21823,3.6,Budget Traveler
TRIP_02865,USR_195,Bengaluru,Chikmagalur,Karnataka,South,Hill Station & Coffee,245,5.44,4,Train,4,Summer,Homestay,1897,20488,6660,3939,1913,34897,4.5,Budget Traveler
TRIP_02866,USR_332,Chennai,Darjeeling,West Bengal,East,Hill Station & Tea,1612,42.27,4,Bus,2,Monsoon,Luxury Resort,7435,19092,17424,3270,3584,50805,5.0,Luxury Vacationer
TRIP_02867,USR_227,Kochi,Bandipur,Karnataka,South,Wildlife Safari,1602,5.41,1,Flight,1,Winter,Luxury Resort,8917,10101,1550,1533,1216,23317,4.4,Luxury Vacationer
TRIP_02868,USR_190,Delhi,Puri,Odisha,East,Coastal & Spiritual,1874,31.84,2,Train,3,Winter,Mid-Range 3-Star,7356,11848,5962,2553,1082,28801,4.2,Family Explorer
TRIP_02869,USR_170,Jaipur,Kodaikanal,Tamil Nadu,South,Hill Station,835,15.3,4,Train,2,Autumn,Mid-Range 3-Star,2833,13200,7270,1587,1211,26101,4.4,Frequent Nomad
TRIP_02870,USR_126,Pune,Kaziranga,Assam,Northeast,Wildlife Safari,1223,4.72,5,Flight,2,Autumn,Budget Hotel,15762,15405,4473,4021,1912,41573,4.5,Frequent Nomad
TRIP_02871,USR_337,Chandigarh,Diu,Daman and Diu,West,Beach & Portuguese Fort,1008,4.33,2,Flight,4,Monsoon,Budget Hotel,23836,4240,2837,3731,2625,37269,4.7,Family Explorer
TRIP_02872,USR_222,Kolkata,Spiti Valley,Himachal Pradesh,North,Adventure & Mountain,845,17.48,8,Car,2,Monsoon,Mid-Range 3-Star,19482,22744,11211,2974,3756,60167,4.7,Frequent Nomad
TRIP_02873,USR_325,Chandigarh,Mount Abu,Rajasthan,North,Hill Station & Temple,1701,5.59,3,Flight,2,Winter,Homestay,20318,8769,3652,1712,3217,37668,4.4,Frequent Nomad
TRIP_02874,USR_183,Delhi,Jodhpur,Rajasthan,North,Heritage & Culture,590,15.47,3,Bus,2,Monsoon,Budget Hotel,2515,3957,2999,2688,588,12747,4.4,Budget Traveler
TRIP_02875,USR_114,Bengaluru,Mount Abu,Rajasthan,North,Hill Station & Temple,1036,18.34,3,Train,2,Summer,Mid-Range 3-Star,3409,10365,5170,1185,1794,21923,4.3,Frequent Nomad
TRIP_02876,USR_347,Bengaluru,Pondicherry,Puducherry,South,Beach & French Heritage,310,8.13,3,Bus,1,Monsoon,Mid-Range 3-Star,838,9309,3143,648,758,14696,4.6,Frequent Nomad
TRIP_02877,USR_226,Bengaluru,Mussoorie,Uttarakhand,North,Hill Station,1360,4.97,4,Flight,2,Summer,Mid-Range 3-Star,14643,12156,9252,2998,3444,42493,4.4,Frequent Nomad
TRIP_02878,USR_314,Kolkata,Srinagar,Jammu & Kashmir,North,Lakes & Paradise Valley,1853,5.87,4,Flight,4,Winter,Budget Hotel,43351,19456,6799,6037,3105,78748,4.8,Family Explorer
TRIP_02879,USR_214,Chandigarh,Bandipur,Karnataka,South,Wildlife Safari,1182,4.65,2,Flight,1,Winter,Luxury Resort,7224,19126,3423,1688,1507,32968,4.9,Luxury Vacationer
TRIP_02880,USR_334,Mumbai,Varanasi,Uttar Pradesh,North,Spiritual & Heritage,1500,31.02,3,Car,3,Monsoon,Budget Hotel,29140,6144,3262,2470,3078,44094,4.5,Family Explorer
TRIP_02881,USR_122,Jaipur,Tawang,Arunachal Pradesh,Northeast,Himalayan & Monastery,1137,4.57,4,Flight,3,Monsoon,Budget Hotel,18874,10624,5765,4254,1707,41224,5.0,Budget Traveler
TRIP_02882,USR_188,Chandigarh,Goa,Goa,West,Beach & Nightlife,1123,4.54,4,Flight,3,Autumn,Mid-Range 3-Star,22031,44080,12075,4717,5701,88604,5.0,Family Explorer
TRIP_02883,USR_245,Chennai,Pachmarhi,Madhya Pradesh,Central,Hill Station & Waterfalls,1124,20.34,4,Train,6,Summer,Mid-Range 3-Star,10025,35880,26573,7807,3345,83630,4.6,Family Explorer
TRIP_02884,USR_173,Mumbai,Madurai,Tamil Nadu,South,Heritage & Temple,1643,5.49,2,Flight,3,Monsoon,Budget Hotel,21987,3800,3451,2906,1804,33948,4.8,Family Explorer
TRIP_02885,USR_281,Pune,Madurai,Tamil Nadu,South,Heritage & Temple,1640,33.92,1,Car,2,Summer,Budget Hotel,29381,1115,703,1083,2578,34860,4.5,Luxury Vacationer
TRIP_02886,USR_128,Kochi,Wayanad,Kerala,South,Nature & Wildlife,250,5.17,2,Car,2,Winter,Homestay,6140,4560,2242,3282,916,17140,4.5,Frequent Nomad
TRIP_02887,USR_234,Pune,Varkala,Kerala,South,Beach & Cliff,1195,24.71,1,Car,3,Monsoon,Budget Hotel,21373,2800,1769,3283,1749,30974,5.0,Luxury Vacationer
TRIP_02888,USR_272,Hyderabad,Havelock Island,Andaman & Nicobar,Islands,Beach & Scuba,658,11.93,6,Train,4,Autumn,Mid-Range 3-Star,5124,90516,28753,4078,6091,134562,4.5,Family Explorer
TRIP_02889,USR_130,Jaipur,Diu,Daman and Diu,West,Beach & Portuguese Fort,502,3.41,4,Flight,4,Winter,Budget Hotel,19317,12656,9836,3136,3751,48696,4.1,Budget Traveler
TRIP_02890,USR_237,Mumbai,Darjeeling,West Bengal,East,Hill Station & Tea,1043,18.7,3,Train,3,Summer,Budget Hotel,4620,10362,5111,2563,1013,23669,4.8,Budget Traveler
TRIP_02891,USR_201,Kochi,Manali,Himachal Pradesh,North,Hill Station & Adventure,1739,5.66,4,Flight,2,Summer,Homestay,16707,7232,3392,3319,1508,32158,4.5,Frequent Nomad
TRIP_02892,USR_162,Jaipur,Ranthambore,Rajasthan,North,Wildlife Safari,160,3.31,2,Car,1,Autumn,Budget Hotel,3641,7058,1163,2528,938,15328,5.0,Luxury Vacationer
TRIP_02893,USR_263,Chandigarh,Mussoorie,Uttarakhand,North,Hill Station,200,5.24,4,Bus,2,Autumn,Luxury Resort,1327,33292,14102,2773,4567,56061,3.8,Luxury Vacationer
TRIP_02894,USR_228,Kochi,Udaipur,Rajasthan,North,Heritage & Romance,603,11.22,3,Train,3,Winter,Mid-Range 3-Star,3096,33264,9396,5443,3749,54948,5.0,Family Explorer
TRIP_02895,USR_326,Hyderabad,Goa,Goa,West,Beach & Nightlife,650,12.37,4,Train,4,Winter,Luxury Resort,4058,99584,37726,3625,8000,152993,4.3,Luxury Vacationer
TRIP_02896,USR_211,Hyderabad,Alleppey,Kerala,South,Backwaters & Houseboat,582,3.56,3,Flight,3,Autumn,Homestay,15380,20478,5428,4971,3409,49666,5.0,Family Explorer
TRIP_02897,USR_160,Chandigarh,Tirupati,Andhra Pradesh,South,Spiritual & Pilgrimage,1103,4.51,1,Flight,5,Summer,Homestay,30422,4656,2576,4567,1937,44158,4.7,Luxury Vacationer
TRIP_02898,USR_198,Delhi,Rann of Kutch,Gujarat,West,Desert & Culture,1733,30.55,3,Train,4,Summer,Luxury Resort,11579,56550,17107,6602,3612,95450,4.8,Luxury Vacationer
TRIP_02899,USR_147,Delhi,Jim Corbett,Uttarakhand,North,Wildlife Safari,245,5.74,2,Train,2,Autumn,Homestay,1158,6694,1840,4192,809,14693,4.1,Budget Traveler
TRIP_02900,USR_275,Chandigarh,Bodh Gaya,Bihar,East,Spiritual & Buddhist Heritage,833,17.23,2,Car,1,Winter,Homestay,16082,3262,734,863,1832,22773,3.9,Luxury Vacationer
TRIP_02901,USR_268,Chennai,Gangtok,Sikkim,Northeast,Hill Station & Monastery,1431,24.36,5,Train,2,Monsoon,Mid-Range 3-Star,5430,14470,10047,1908,2603,34458,4.4,Frequent Nomad
TRIP_02902,USR_217,Pune,Puri,Odisha,East,Coastal & Spiritual,1302,4.87,4,Flight,3,Autumn,Homestay,23560,17488,7563,4183,2989,55783,4.5,Family Explorer
TRIP_02903,USR_257,Kolkata,Tirupati,Andhra Pradesh,South,Spiritual & Pilgrimage,1022,4.36,2,Flight,1,Monsoon,Mid-Range 3-Star,5335,4148,1770,420,1001,12674,4.3,Frequent Nomad
TRIP_02904,USR_312,Delhi,Pachmarhi,Madhya Pradesh,Central,Hill Station & Waterfalls,520,10.75,4,Car,2,Monsoon,Budget Hotel,10736,4776,4382,3116,1636,24646,5.0,Budget Traveler
TRIP_02905,USR_335,Bengaluru,Munnar,Kerala,South,Hill Station,475,9.82,3,Car,2,Autumn,Luxury Resort,9386,21633,14596,1869,3894,51378,4.7,Luxury Vacationer
TRIP_02906,USR_288,Chandigarh,Ooty,Tamil Nadu,South,Hill Station,1136,23.49,3,Car,3,Winter,Mid-Range 3-Star,22085,18600,10375,2202,3328,56590,4.1,Family Explorer
TRIP_02907,USR_280,Kochi,Puri,Odisha,East,Coastal & Spiritual,1404,5.05,2,Flight,2,Winter,Homestay,17976,4532,1606,1907,1167,27188,4.8,Frequent Nomad
TRIP_02908,USR_121,Kochi,Goa,Goa,West,Beach & Nightlife,750,13.53,3,Train,2,Summer,Mid-Range 3-Star,3101,14316,6754,1525,2157,27853,4.7,Frequent Nomad
TRIP_02909,USR_119,Mumbai,Chikmagalur,Karnataka,South,Hill Station & Coffee,1099,19.18,3,Train,4,Autumn,Luxury Resort,6735,55344,18062,6390,4352,90883,4.8,Luxury Vacationer
TRIP_02910,USR_127,Chennai,Kaziranga,Assam,Northeast,Wildlife Safari,1481,5.19,3,Flight,4,Autumn,Homestay,33539,25506,5755,9251,4852,78903,4.7,Family Explorer
TRIP_02911,USR_167,Chennai,Munnar,Kerala,South,Hill Station,590,3.57,5,Flight,1,Summer,Budget Hotel,4187,8830,2807,1659,1312,18795,5.0,Budget Traveler
TRIP_02912,USR_274,Chennai,Kodaikanal,Tamil Nadu,South,Hill Station,525,9.35,3,Train,1,Summer,Homestay,1113,5274,1071,445,530,8433,4.4,Budget Traveler
TRIP_02913,USR_349,Pune,Goa,Goa,West,Beach & Nightlife,440,8.78,6,Train,1,Autumn,Luxury Resort,932,62892,12952,632,5686,83094,5.0,Luxury Vacationer
TRIP_02914,USR_247,Kochi,Ooty,Tamil Nadu,South,Hill Station,280,6.16,4,Train,2,Summer,Budget Hotel,1296,5668,4394,2614,663,14635,4.5,Budget Traveler
TRIP_02915,USR_134,Bengaluru,Kodaikanal,Tamil Nadu,South,Hill Station,465,9.62,3,Car,4,Autumn,Mid-Range 3-Star,8907,17280,13460,1578,2281,43506,5.0,Family Explorer
TRIP_02916,USR_152,Bengaluru,Darjeeling,West Bengal,East,Hill Station & Tea,1138,19.97,3,Train,2,Monsoon,Luxury Resort,3303,15633,13589,3509,2637,38671,4.6,Luxury Vacationer
TRIP_02917,USR_133,Delhi,Havelock Island,Andaman & Nicobar,Islands,Beach & Scuba,1181,30.97,4,Bus,4,Autumn,Luxury Resort,8247,90680,29653,6349,11320,146249,5.0,Luxury Vacationer
TRIP_02918,USR_254,Jaipur,Bodh Gaya,Bihar,East,Spiritual & Buddhist Heritage,1585,32.78,3,Car,3,Autumn,Luxury Resort,31257,29406,16607,2700,5245,85215,4.8,Luxury Vacationer
TRIP_02919,USR_120,Mumbai,Gokarna,Karnataka,South,Beach & Spiritual,680,3.74,2,Flight,2,Winter,Homestay,11455,4160,2359,1816,961,20751,4.3,Frequent Nomad
TRIP_02920,USR_171,Hyderabad,Jaipur,Rajasthan,North,Heritage & Culture,1480,30.61,4,Car,2,Monsoon,Mid-Range 3-Star,30442,11788,8833,3269,3440,57772,4.8,Frequent Nomad
TRIP_02921,USR_286,Delhi,Leh-Ladakh,Ladakh,North,Adventure & Mountain,980,25.7,6,Bus,5,Winter,Budget Hotel,12647,53442,16415,9119,3498,95121,5.0,Budget Traveler
TRIP_02922,USR_261,Bengaluru,Jim Corbett,Uttarakhand,North,Wildlife Safari,1442,25.3,2,Train,4,Monsoon,Homestay,8072,12648,5162,7039,1642,34563,4.8,Family Explorer
TRIP_02923,USR_136,Chennai,Khajuraho,Madhya Pradesh,Central,Heritage & Art,1021,18.42,2,Train,5,Monsoon,Homestay,8934,8748,5522,2276,1499,26979,4.5,Budget Traveler
TRIP_02924,USR_233,Hyderabad,Mount Abu,Rajasthan,North,Hill Station & Temple,1384,23.78,2,Train,3,Winter,Budget Hotel,9032,8320,2234,2826,1555,23967,4.8,Budget Traveler
TRIP_02925,USR_148,Chennai,Haridwar,Uttarakhand,North,Spiritual & Heritage,1159,20.84,2,Train,6,Monsoon,Mid-Range 3-Star,13974,12924,12442,8546,3578,51464,4.7,Family Explorer
TRIP_02926,USR_216,Jaipur,Pachmarhi,Madhya Pradesh,Central,Hill Station & Waterfalls,1665,28.93,5,Train,2,Autumn,Homestay,6985,12330,3906,1346,2217,26784,4.2,Budget Traveler
TRIP_02927,USR_290,Chennai,Jaisalmer,Rajasthan,North,Desert & Heritage,736,15.22,3,Car,2,Winter,Mid-Range 3-Star,15917,11763,6479,1340,1722,37221,4.6,Frequent Nomad
TRIP_02928,USR_204,Bengaluru,Pushkar,Rajasthan,North,Cultural & Desert,1358,4.97,2,Flight,1,Monsoon,Luxury Resort,6158,8148,5064,1365,1881,22616,4.6,Luxury Vacationer
TRIP_02929,USR_180,Jaipur,Ranthambore,Rajasthan,North,Wildlife Safari,160,3.31,3,Car,3,Autumn,Luxury Resort,4743,57840,14208,7135,4456,88382,4.6,Luxury Vacationer
TRIP_02930,USR_343,Kochi,Coorg,Karnataka,South,Nature & Coffee,370,7.65,4,Car,4,Monsoon,Luxury Resort,7678,48144,24655,5615,4334,90426,5.0,Luxury Vacationer
TRIP_02931,USR_141,Hyderabad,Jaisalmer,Rajasthan,North,Desert & Heritage,546,11.29,2,Car,1,Monsoon,Mid-Range 3-Star,11808,5988,1534,1543,1669,22542,5.0,Luxury Vacationer
TRIP_02932,USR_245,Chandigarh,Srinagar,Jammu & Kashmir,North,Lakes & Paradise Valley,1796,5.77,3,Flight,2,Monsoon,Budget Hotel,16420,5823,2202,1585,2418,28448,4.4,Frequent Nomad
TRIP_02933,USR_306,Kochi,Chikmagalur,Karnataka,South,Hill Station & Coffee,1728,29.69,3,Train,2,Summer,Homestay,4516,6441,3639,3018,1179,18793,4.3,Budget Traveler
TRIP_02934,USR_116,Bengaluru,Puri,Odisha,East,Coastal & Spiritual,1322,27.34,2,Car,1,Monsoon,Homestay,23675,2478,914,745,1911,29723,5.0,Luxury Vacationer
TRIP_02935,USR_132,Mumbai,Jaisalmer,Rajasthan,North,Desert & Heritage,1050,4.41,4,Flight,4,Monsoon,Budget Hotel,23173,15408,5703,6662,2994,53940,4.8,Budget Traveler
TRIP_02936,USR_151,Mumbai,Jim Corbett,Uttarakhand,North,Wildlife Safari,1550,32.06,3,Car,4,Autumn,Luxury Resort,33994,60474,28061,6613,7218,136360,4.2,Luxury Vacationer
TRIP_02937,USR_325,Mumbai,Gokarna,Karnataka,South,Beach & Spiritual,680,14.06,2,Car,3,Winter,Budget Hotel,13243,6784,2304,4143,1750,28224,5.0,Family Explorer
TRIP_02938,USR_108,Pune,Ooty,Tamil Nadu,South,Hill Station,1451,38.05,4,Bus,3,Winter,Homestay,9674,21080,4934,2850,1702,40240,4.5,Budget Traveler
TRIP_02939,USR_120,Kolkata,Shillong,Meghalaya,Northeast,Nature & Waterfalls,1080,4.46,3,Flight,1,Summer,Luxury Resort,6405,20751,7750,1341,3105,39352,4.9,Luxury Vacationer
TRIP_02940,USR_244,Kolkata,Rann of Kutch,Gujarat,West,Desert & Culture,728,13.8,3,Train,6,Monsoon,Budget Hotel,7750,16344,11501,9066,2643,47304,5.0,Budget Traveler
TRIP_02941,USR_257,Kolkata,Leh-Ladakh,Ladakh,North,Adventure & Mountain,740,15.3,4,Car,2,Autumn,Budget Hotel,16694,12028,3303,4279,1889,38193,4.9,Frequent Nomad
TRIP_02942,USR_349,Mumbai,Varkala,Kerala,South,Beach & Cliff,1535,40.25,2,Bus,1,Summer,Mid-Range 3-Star,2649,5158,2251,1322,589,11969,4.4,Frequent Nomad
TRIP_02943,USR_109,Mumbai,Hampi,Karnataka,South,Heritage & Archaeology,740,3.85,2,Flight,4,Summer,Homestay,20538,5768,3351,1955,1553,33165,4.7,Family Explorer
TRIP_02944,USR_272,Hyderabad,Diu,Daman and Diu,West,Beach & Portuguese Fort,801,14.35,3,Train,2,Winter,Luxury Resort,3480,18318,13555,2147,3286,40786,4.6,Luxury Vacationer
TRIP_02945,USR_262,Kochi,Gokarna,Karnataka,South,Beach & Spiritual,1188,4.66,4,Flight,3,Monsoon,Mid-Range 3-Star,18192,19072,10082,2672,3264,53282,4.5,Family Explorer
TRIP_02946,USR_174,Kolkata,Madurai,Tamil Nadu,South,Heritage & Temple,1249,4.77,2,Flight,2,Monsoon,Homestay,12656,2276,2368,706,1281,19287,4.0,Frequent Nomad
TRIP_02947,USR_324,Jaipur,Udaipur,Rajasthan,North,Heritage & Romance,395,8.17,2,Car,3,Autumn,Mid-Range 3-Star,7958,25140,5572,7102,2699,48471,4.8,Luxury Vacationer
TRIP_02948,USR_252,Delhi,Tirupati,Andhra Pradesh,South,Spiritual & Pilgrimage,1170,20.98,2,Train,2,Monsoon,Luxury Resort,3320,5778,6182,1209,1040,17529,5.0,Luxury Vacationer
TRIP_02949,USR_321,Hyderabad,Shillong,Meghalaya,Northeast,Nature & Waterfalls,1175,4.64,2,Flight,2,Summer,Luxury Resort,14238,9836,5890,2524,2971,35459,5.0,Luxury Vacationer
TRIP_02950,USR_157,Mumbai,Kovalam,Kerala,South,Beach & Wellness,967,4.26,1,Flight,1,Autumn,Budget Hotel,6333,2195,635,1487,803,11453,4.6,Luxury Vacationer
TRIP_02951,USR_281,Kochi,Alleppey,Kerala,South,Backwaters & Houseboat,55,1.14,1,Car,6,Summer,Budget Hotel,1470,6693,2769,4648,883,16463,4.3,Budget Traveler
TRIP_02952,USR_278,Chandigarh,Wayanad,Kerala,South,Nature & Wildlife,954,25.02,5,Bus,4,Monsoon,Mid-Range 3-Star,8103,32360,19732,6131,3951,70277,4.4,Family Explorer
TRIP_02953,USR_302,Kochi,Bodh Gaya,Bihar,East,Spiritual & Buddhist Heritage,991,4.3,1,Flight,2,Autumn,Mid-Range 3-Star,14440,2442,2004,1450,1461,21797,4.2,Luxury Vacationer
TRIP_02954,USR_316,Kochi,Tawang,Arunachal Pradesh,Northeast,Himalayan & Monastery,1488,5.21,6,Flight,1,Winter,Homestay,8581,16410,2296,851,2283,30421,4.3,Frequent Nomad
TRIP_02955,USR_269,Mumbai,Chikmagalur,Karnataka,South,Hill Station & Coffee,1943,6.03,2,Flight,2,Winter,Homestay,20869,4862,2219,1363,2123,31436,4.7,Luxury Vacationer
TRIP_02956,USR_154,Pune,Rann of Kutch,Gujarat,West,Desert & Culture,714,12.98,3,Train,2,Autumn,Luxury Resort,3061,31878,13515,2124,2055,52633,5.0,Luxury Vacationer
TRIP_02957,USR_287,Pune,Mahabaleshwar,Maharashtra,West,Hill Station,120,3.15,3,Bus,3,Monsoon,Budget Hotel,1318,7608,3774,1677,520,14897,4.8,Budget Traveler
TRIP_02958,USR_102,Mumbai,Pachmarhi,Madhya Pradesh,Central,Hill Station & Waterfalls,718,14.85,2,Car,2,Summer,Budget Hotel,15079,2944,1806,2810,1902,24541,3.9,Frequent Nomad
TRIP_02959,USR_284,Mumbai,Chikmagalur,Karnataka,South,Hill Station & Coffee,1310,23.06,3,Train,3,Autumn,Mid-Range 3-Star,7376,22206,7732,4513,2005,43832,4.5,Family Explorer
TRIP_02960,USR_264,Kochi,Hampi,Karnataka,South,Heritage & Archaeology,1947,6.04,3,Flight,2,Summer,Luxury Resort,18347,13029,11411,1388,3829,48004,5.0,Luxury Vacationer
TRIP_02961,USR_189,Bengaluru,Kodaikanal,Tamil Nadu,South,Hill Station,465,9.62,5,Car,3,Winter,Homestay,11450,21680,5554,3470,2130,44284,3.9,Budget Traveler
TRIP_02962,USR_279,Jaipur,Mysore,Karnataka,South,Heritage & Palaces,1615,5.44,3,Flight,6,Autumn,Mid-Range 3-Star,56874,25290,15850,4879,9622,112515,4.9,Family Explorer
TRIP_02963,USR_192,Mumbai,Ooty,Tamil Nadu,South,Hill Station,1597,33.03,3,Car,1,Summer,Budget Hotel,30065,4713,1561,1025,1910,39274,5.0,Luxury Vacationer
TRIP_02964,USR_160,Kochi,Chikmagalur,Karnataka,South,Hill Station & Coffee,916,17.24,2,Train,2,Winter,Luxury Resort,3964,19124,6920,1527,1812,33347,4.8,Luxury Vacationer
TRIP_02965,USR_329,Mumbai,Haridwar,Uttarakhand,North,Spiritual & Heritage,1863,5.89,2,Flight,1,Autumn,Mid-Range 3-Star,10919,5872,2096,794,1567,21248,4.4,Luxury Vacationer
TRIP_02966,USR_101,Chandigarh,Coorg,Karnataka,South,Nature & Coffee,1416,24.36,2,Train,4,Summer,Luxury Resort,8195,23476,18430,5970,4936,61007,5.0,Luxury Vacationer
TRIP_02967,USR_189,Mumbai,Darjeeling,West Bengal,East,Hill Station & Tea,1671,34.56,3,Car,1,Monsoon,Luxury Resort,30374,16974,7126,1654,5099,61227,3.7,Luxury Vacationer
TRIP_02968,USR_233,Kochi,Jim Corbett,Uttarakhand,North,Wildlife Safari,685,14.17,4,Car,2,Autumn,Mid-Range 3-Star,14783,22808,6386,4596,3179,51752,4.7,Frequent Nomad
TRIP_02969,USR_304,Pune,Ooty,Tamil Nadu,South,Hill Station,1689,30.06,3,Train,4,Monsoon,Luxury Resort,9736,27168,28252,6312,6252,77720,4.5,Luxury Vacationer
TRIP_02970,USR_113,Kochi,Puri,Odisha,East,Coastal & Spiritual,1730,35.78,3,Car,1,Autumn,Luxury Resort,34581,18090,5368,705,5772,64516,4.9,Luxury Vacationer
TRIP_02971,USR_251,Hyderabad,Madurai,Tamil Nadu,South,Heritage & Temple,648,13.4,2,Car,6,Monsoon,Mid-Range 3-Star,13764,10266,9455,5097,1924,40506,5.0,Family Explorer
TRIP_02972,USR_201,Mumbai,Chikmagalur,Karnataka,South,Hill Station & Coffee,814,3.98,3,Flight,2,Autumn,Mid-Range 3-Star,13224,10788,5064,1020,2546,32642,5.0,Frequent Nomad
TRIP_02973,USR_336,Delhi,Diu,Daman and Diu,West,Beach & Portuguese Fort,1583,5.38,3,Flight,4,Monsoon,Mid-Range 3-Star,30511,16794,12532,2279,4141,66257,4.2,Family Explorer
TRIP_02974,USR_199,Kolkata,Rann of Kutch,Gujarat,West,Desert & Culture,846,17.5,3,Car,2,Monsoon,Homestay,18437,9348,3511,3268,2916,37480,4.1,Frequent Nomad
TRIP_02975,USR_215,Kolkata,Kodaikanal,Tamil Nadu,South,Hill Station,1354,23.91,4,Train,6,Autumn,Mid-Range 3-Star,13913,40680,24247,3589,5023,87452,4.2,Family Explorer
TRIP_02976,USR_308,Pune,Jaisalmer,Rajasthan,North,Desert & Heritage,1762,5.7,4,Flight,2,Summer,Luxury Resort,16753,26796,15496,2531,4267,65843,4.5,Luxury Vacationer
TRIP_02977,USR_329,Hyderabad,Gokarna,Karnataka,South,Beach & Spiritual,640,3.66,3,Flight,4,Autumn,Luxury Resort,23793,27276,20813,5248,4734,81864,4.4,Luxury Vacationer
TRIP_02978,USR_169,Hyderabad,Haridwar,Uttarakhand,North,Spiritual & Heritage,1822,32.26,2,Train,3,Summer,Mid-Range 3-Star,11862,10944,5515,2485,1630,32436,4.8,Family Explorer
TRIP_02979,USR_224,Chandigarh,Hampi,Karnataka,South,Heritage & Archaeology,1246,4.77,4,Flight,3,Monsoon,Budget Hotel,20437,8712,5543,2065,2287,39044,4.7,Budget Traveler
TRIP_02980,USR_279,Chandigarh,Udaipur,Rajasthan,North,Heritage & Romance,552,11.42,4,Car,1,Summer,Homestay,11454,13776,1995,1373,1879,30477,4.5,Luxury Vacationer
TRIP_02981,USR_148,Bengaluru,Agra,Uttar Pradesh,North,Heritage & Monument,1900,5.95,3,Flight,3,Summer,Budget Hotel,29059,7380,4386,5612,3562,49999,4.8,Family Explorer
TRIP_02982,USR_130,Hyderabad,Pondicherry,Puducherry,South,Beach & French Heritage,780,16.13,3,Car,2,Summer,Mid-Range 3-Star,16922,8961,4220,2482,1205,33790,4.2,Frequent Nomad
TRIP_02983,USR_324,Hyderabad,Gangtok,Sikkim,Northeast,Hill Station & Monastery,1551,26.96,4,Train,2,Summer,Budget Hotel,4596,7312,3285,1154,1437,17784,4.7,Budget Traveler
TRIP_02984,USR_163,Pune,Mahabaleshwar,Maharashtra,West,Hill Station,120,2.48,4,Car,3,Summer,Homestay,4273,19128,6129,3924,2949,36403,4.4,Budget Traveler
TRIP_02985,USR_214,Kochi,Munnar,Kerala,South,Hill Station,130,3.87,2,Train,1,Autumn,Luxury Resort,364,12592,5052,805,979,19792,4.8,Luxury Vacationer
TRIP_02986,USR_324,Kochi,Kodaikanal,Tamil Nadu,South,Hill Station,300,7.87,5,Bus,6,Winter,Mid-Range 3-Star,4028,54135,34015,4855,8941,105974,4.6,Family Explorer
TRIP_02987,USR_151,Pune,Tirupati,Andhra Pradesh,South,Spiritual & Pilgrimage,1346,23.92,2,Train,2,Winter,Luxury Resort,5736,9146,7800,790,1394,24866,5.0,Luxury Vacationer
TRIP_02988,USR_223,Kochi,Wayanad,Kerala,South,Nature & Wildlife,250,5.17,2,Car,2,Winter,Mid-Range 3-Star,5525,7360,3658,1654,1196,19393,5.0,Frequent Nomad
TRIP_02989,USR_228,Kolkata,Goa,Goa,West,Beach & Nightlife,2150,6.41,5,Flight,1,Monsoon,Homestay,8930,12890,2100,649,2010,26579,4.4,Frequent Nomad
TRIP_02990,USR_229,Jaipur,Srinagar,Jammu & Kashmir,North,Lakes & Paradise Valley,804,16.63,5,Car,3,Autumn,Homestay,17632,35440,8098,3830,4561,69561,4.9,Family Explorer
TRIP_02991,USR_250,Jaipur,Varanasi,Uttar Pradesh,North,Spiritual & Heritage,850,17.58,4,Car,3,Winter,Mid-Range 3-Star,16284,23168,13333,4391,4207,61383,4.7,Family Explorer
TRIP_02992,USR_102,Kolkata,Pachmarhi,Madhya Pradesh,Central,Hill Station & Waterfalls,1009,4.33,3,Flight,4,Monsoon,Mid-Range 3-Star,24840,14418,11297,5790,2828,59173,4.3,Family Explorer
TRIP_02993,USR_288,Kochi,Diu,Daman and Diu,West,Beach & Portuguese Fort,1874,32.32,1,Train,5,Autumn,Mid-Range 3-Star,16615,9822,5594,7224,2053,41308,4.1,Luxury Vacationer
TRIP_02994,USR_310,Kolkata,Khajuraho,Madhya Pradesh,Central,Heritage & Art,1351,23.75,3,Train,2,Autumn,Luxury Resort,4513,18852,11081,1912,2206,38564,4.8,Luxury Vacationer
TRIP_02995,USR_165,Kochi,Varkala,Kerala,South,Beach & Cliff,160,4.2,2,Bus,2,Winter,Mid-Range 3-Star,1024,6344,4274,2137,875,14654,4.7,Frequent Nomad
TRIP_02996,USR_180,Hyderabad,Amritsar,Punjab,North,Spiritual & Heritage,828,4.01,1,Flight,2,Winter,Luxury Resort,11845,5782,4295,1870,1657,25449,4.5,Luxury Vacationer
TRIP_02997,USR_229,Kochi,Agra,Uttar Pradesh,North,Heritage & Monument,1408,24.42,3,Train,2,Monsoon,Mid-Range 3-Star,3691,6537,4431,3518,622,18799,4.6,Frequent Nomad
TRIP_02998,USR_328,Chandigarh,Varanasi,Uttar Pradesh,North,Spiritual & Heritage,1668,5.53,4,Flight,2,Autumn,Homestay,19247,8040,4445,1511,2181,35424,4.7,Frequent Nomad
TRIP_02999,USR_179,Pune,Ranthambore,Rajasthan,North,Wildlife Safari,864,17.87,4,Car,4,Winter,Homestay,19191,29520,5866,7715,5457,67749,4.3,Family Explorer
TRIP_03000,USR_311,Delhi,Darjeeling,West Bengal,East,Hill Station & Tea,490,8.83,4,Train,3,Winter,Budget Hotel,2886,16984,6606,2381,1903,30760,3.8,Budget Traveler
